target_id,method_id,path_budget,confidence_level,metric,all_repeats_within_internal_envelope,median_wall_ms,median_device_seconds,median_error_over_reference_abs,frontier_status,selected_for_cpu_internal_frontier,selection_reason
t_copula_heavy_tail_d100_var_0_99,randomized_qmc,512,0.99,VaR,true,18.03793899989614,0.01804878100000007,0.03599731611823444,CPU_INTERNAL_FRONTIER_CANDIDATE,true,fastest_passing_internal_envelope
t_copula_heavy_tail_d100_es_0_99,antithetic_mc,512,0.99,ES,true,5.568218999997043,0.005582768000000016,0.1588262906509215,CPU_INTERNAL_FRONTIER_CANDIDATE,true,fastest_passing_internal_envelope
t_copula_heavy_tail_d100_var_0_995,raw_mc,512,0.995,VaR,true,5.88815999981307,0.005887608999999738,0.0630926655658584,CPU_INTERNAL_FRONTIER_CANDIDATE,true,fastest_passing_internal_envelope
t_copula_heavy_tail_d100_es_0_995,importance_sampling,2048,0.995,ES,true,20.889614999759942,0.020900248000000232,0.07351938195399516,CPU_INTERNAL_FRONTIER_CANDIDATE,true,fastest_passing_internal_envelope
t_copula_heavy_tail_d100_var_0_999,importance_sampling,512,0.999,VaR,true,5.443982000087999,0.005455689999999791,0.10787110484419057,CPU_INTERNAL_FRONTIER_CANDIDATE,true,fastest_passing_internal_envelope
t_copula_heavy_tail_d100_es_0_999,randomized_qmc,512,0.999,ES,true,18.03793899989614,0.01804878100000007,0.2204299948871952,CPU_INTERNAL_FRONTIER_CANDIDATE,true,fastest_passing_internal_envelope
t_copula_heavy_tail_d100_var_0_9995,randomized_qmc,512,0.9995,VaR,true,18.03793899989614,0.01804878100000007,0.19118592958907135,CPU_INTERNAL_FRONTIER_CANDIDATE,true,fastest_passing_internal_envelope
t_copula_heavy_tail_d100_es_0_9995,randomized_qmc,512,0.9995,ES,true,18.03793899989614,0.01804878100000007,0.2690478954228996,CPU_INTERNAL_FRONTIER_CANDIDATE,true,fastest_passing_internal_envelope
t_copula_heavy_tail_d100_var_0_9999,randomized_qmc,2048,0.9999,VaR,true,56.44865700014634,0.05646255800000022,0.20437151672216586,CPU_INTERNAL_FRONTIER_CANDIDATE,true,fastest_passing_internal_envelope
t_copula_heavy_tail_d100_es_0_9999,importance_sampling,2048,0.9999,ES,true,20.889614999759942,0.020900248000000232,0.20360975392514968,CPU_INTERNAL_FRONTIER_CANDIDATE,true,fastest_passing_internal_envelope
t_copula_heavy_tail_d250_var_0_99,raw_mc,512,0.99,VaR,true,6.597738999971625,0.006609491999999939,0.03980248656705277,CPU_INTERNAL_FRONTIER_CANDIDATE,true,fastest_passing_internal_envelope
t_copula_heavy_tail_d250_es_0_99,importance_sampling,2048,0.99,ES,true,21.320859999832464,0.021338179000000235,0.03408152589130305,CPU_INTERNAL_FRONTIER_CANDIDATE,true,fastest_passing_internal_envelope
t_copula_heavy_tail_d250_var_0_995,importance_sampling,2048,0.995,VaR,true,21.320859999832464,0.021338179000000235,0.05148303555954441,CPU_INTERNAL_FRONTIER_CANDIDATE,true,fastest_passing_internal_envelope
t_copula_heavy_tail_d250_es_0_995,importance_sampling,512,0.995,ES,true,6.477236000137054,0.006489407999999752,0.11338921296982792,CPU_INTERNAL_FRONTIER_CANDIDATE,true,fastest_passing_internal_envelope
t_copula_heavy_tail_d250_var_0_999,importance_sampling,512,0.999,VaR,true,6.477236000137054,0.006489407999999752,0.1044850644045299,CPU_INTERNAL_FRONTIER_CANDIDATE,true,fastest_passing_internal_envelope
t_copula_heavy_tail_d250_es_0_999,antithetic_mc,2048,0.999,ES,false,27.620118999948318,0.02763489500000027,0.0737977759876723,NOT_ON_FRONTIER_INTERNAL_ENVELOPE_FAILED,false,no_cpu_candidate_passed_internal_envelope
t_copula_heavy_tail_d250_var_0_9995,randomized_qmc,2048,0.9995,VaR,true,91.33619199974419,0.09135397899999997,0.013137515257055993,CPU_INTERNAL_FRONTIER_CANDIDATE,true,fastest_passing_internal_envelope
t_copula_heavy_tail_d250_es_0_9995,randomized_qmc,2048,0.9995,ES,false,91.33619199974419,0.09135397899999997,0.09459024008151995,NOT_ON_FRONTIER_INTERNAL_ENVELOPE_FAILED,false,no_cpu_candidate_passed_internal_envelope
t_copula_heavy_tail_d250_var_0_9999,randomized_qmc,2048,0.9999,VaR,false,91.33619199974419,0.09135397899999997,0.10229653456956553,NOT_ON_FRONTIER_INTERNAL_ENVELOPE_FAILED,false,no_cpu_candidate_passed_internal_envelope
t_copula_heavy_tail_d250_es_0_9999,randomized_qmc,2048,0.9999,ES,false,91.33619199974419,0.09135397899999997,0.16614001199501077,NOT_ON_FRONTIER_INTERNAL_ENVELOPE_FAILED,false,no_cpu_candidate_passed_internal_envelope
t_copula_heavy_tail_d500_var_0_99,importance_sampling,512,0.99,VaR,true,9.26277000007758,0.009279559000000326,0.04098432228988929,CPU_INTERNAL_FRONTIER_CANDIDATE,true,fastest_passing_internal_envelope
t_copula_heavy_tail_d500_es_0_99,importance_sampling,512,0.99,ES,true,9.26277000007758,0.009279559000000326,0.030991586193820697,CPU_INTERNAL_FRONTIER_CANDIDATE,true,fastest_passing_internal_envelope
t_copula_heavy_tail_d500_var_0_995,importance_sampling,512,0.995,VaR,true,9.26277000007758,0.009279559000000326,0.009587814914761085,CPU_INTERNAL_FRONTIER_CANDIDATE,true,fastest_passing_internal_envelope
t_copula_heavy_tail_d500_es_0_995,importance_sampling,512,0.995,ES,true,9.26277000007758,0.009279559000000326,0.08006146183377127,CPU_INTERNAL_FRONTIER_CANDIDATE,true,fastest_passing_internal_envelope
t_copula_heavy_tail_d500_var_0_999,importance_sampling,512,0.999,VaR,true,9.26277000007758,0.009279559000000326,0.032156008325707836,CPU_INTERNAL_FRONTIER_CANDIDATE,true,fastest_passing_internal_envelope
t_copula_heavy_tail_d500_es_0_999,raw_mc,2048,0.999,ES,true,34.35665400002108,0.034366517000000485,0.1109491757430113,CPU_INTERNAL_FRONTIER_CANDIDATE,true,fastest_passing_internal_envelope
t_copula_heavy_tail_d500_var_0_9995,importance_sampling,512,0.9995,VaR,true,9.26277000007758,0.009279559000000326,0.1059025581911995,CPU_INTERNAL_FRONTIER_CANDIDATE,true,fastest_passing_internal_envelope
t_copula_heavy_tail_d500_es_0_9995,raw_mc,2048,0.9995,ES,true,34.35665400002108,0.034366517000000485,0.05262534809293747,CPU_INTERNAL_FRONTIER_CANDIDATE,true,fastest_passing_internal_envelope
t_copula_heavy_tail_d500_var_0_9999,randomized_qmc,2048,0.9999,VaR,false,149.70201899996027,0.14956723999999966,0.05879291842486674,NOT_ON_FRONTIER_INTERNAL_ENVELOPE_FAILED,false,no_cpu_candidate_passed_internal_envelope
t_copula_heavy_tail_d500_es_0_9999,antithetic_mc,2048,0.9999,ES,false,31.338392000179738,0.03135092299999975,0.13237113137019252,NOT_ON_FRONTIER_INTERNAL_ENVELOPE_FAILED,false,no_cpu_candidate_passed_internal_envelope
t_copula_heavy_tail_d1000_var_0_99,antithetic_mc,2048,0.99,VaR,true,43.20649900000717,0.04322046900000043,0.06153869691892945,CPU_INTERNAL_FRONTIER_CANDIDATE,true,fastest_passing_internal_envelope
t_copula_heavy_tail_d1000_es_0_99,antithetic_mc,2048,0.99,ES,true,43.20649900000717,0.04322046900000043,0.1115015922757193,CPU_INTERNAL_FRONTIER_CANDIDATE,true,fastest_passing_internal_envelope
t_copula_heavy_tail_d1000_var_0_995,randomized_qmc,512,0.995,VaR,true,138.89230599988878,0.13893876000000027,0.04441756547678444,CPU_INTERNAL_FRONTIER_CANDIDATE,true,fastest_passing_internal_envelope
t_copula_heavy_tail_d1000_es_0_995,antithetic_mc,2048,0.995,ES,true,43.20649900000717,0.04322046900000043,0.11976983630372633,CPU_INTERNAL_FRONTIER_CANDIDATE,true,fastest_passing_internal_envelope
t_copula_heavy_tail_d1000_var_0_999,antithetic_mc,2048,0.999,VaR,true,43.20649900000717,0.04322046900000043,0.08979022693559811,CPU_INTERNAL_FRONTIER_CANDIDATE,true,fastest_passing_internal_envelope
t_copula_heavy_tail_d1000_es_0_999,antithetic_mc,2048,0.999,ES,true,43.20649900000717,0.04322046900000043,0.07959697232086944,CPU_INTERNAL_FRONTIER_CANDIDATE,true,fastest_passing_internal_envelope
t_copula_heavy_tail_d1000_var_0_9995,antithetic_mc,2048,0.9995,VaR,true,43.20649900000717,0.04322046900000043,0.07932172177637162,CPU_INTERNAL_FRONTIER_CANDIDATE,true,fastest_passing_internal_envelope
t_copula_heavy_tail_d1000_es_0_9995,importance_sampling,512,0.9995,ES,true,13.248656000087067,0.01315282099999937,0.1993748343385053,CPU_INTERNAL_FRONTIER_CANDIDATE,true,fastest_passing_internal_envelope
t_copula_heavy_tail_d1000_var_0_9999,importance_sampling,2048,0.9999,VaR,true,52.11397799985207,0.05212690799999997,0.058773015814365205,CPU_INTERNAL_FRONTIER_CANDIDATE,true,fastest_passing_internal_envelope
t_copula_heavy_tail_d1000_es_0_9999,importance_sampling,512,0.9999,ES,true,13.248656000087067,0.01315282099999937,0.20003596691071818,CPU_INTERNAL_FRONTIER_CANDIDATE,true,fastest_passing_internal_envelope
skewed_t_mixture_d100_var_0_99,antithetic_mc,512,0.99,VaR,true,2.834874000200216,0.0028442030000004337,0.10264379593004548,CPU_INTERNAL_FRONTIER_CANDIDATE,true,fastest_passing_internal_envelope
skewed_t_mixture_d100_es_0_99,importance_sampling,2048,0.99,ES,true,13.37465999995402,0.013386338999999303,0.04027302794930753,CPU_INTERNAL_FRONTIER_CANDIDATE,true,fastest_passing_internal_envelope
skewed_t_mixture_d100_var_0_995,raw_mc,512,0.995,VaR,true,3.1869340000412194,0.0031999900000005965,0.07780847294408183,CPU_INTERNAL_FRONTIER_CANDIDATE,true,fastest_passing_internal_envelope
skewed_t_mixture_d100_es_0_995,raw_mc,512,0.995,ES,true,3.1869340000412194,0.0031999900000005965,0.08184084793306419,CPU_INTERNAL_FRONTIER_CANDIDATE,true,fastest_passing_internal_envelope
skewed_t_mixture_d100_var_0_999,importance_sampling,512,0.999,VaR,true,3.4902129996225995,0.0034952040000000295,0.007499351925243485,CPU_INTERNAL_FRONTIER_CANDIDATE,true,fastest_passing_internal_envelope
skewed_t_mixture_d100_es_0_999,importance_sampling,512,0.999,ES,true,3.4902129996225995,0.0034952040000000295,0.045636872452914014,CPU_INTERNAL_FRONTIER_CANDIDATE,true,fastest_passing_internal_envelope
skewed_t_mixture_d100_var_0_9995,importance_sampling,512,0.9995,VaR,true,3.4902129996225995,0.0034952040000000295,0.07584007471225307,CPU_INTERNAL_FRONTIER_CANDIDATE,true,fastest_passing_internal_envelope
skewed_t_mixture_d100_es_0_9995,importance_sampling,512,0.9995,ES,true,3.4902129996225995,0.0034952040000000295,0.10841761687419267,CPU_INTERNAL_FRONTIER_CANDIDATE,true,fastest_passing_internal_envelope
skewed_t_mixture_d100_var_0_9999,raw_mc,2048,0.9999,VaR,false,14.002225999774964,0.01401049000000043,0.07933759942642704,NOT_ON_FRONTIER_INTERNAL_ENVELOPE_FAILED,false,no_cpu_candidate_passed_internal_envelope
skewed_t_mixture_d100_es_0_9999,raw_mc,2048,0.9999,ES,false,14.002225999774964,0.01401049000000043,0.08776164134942865,NOT_ON_FRONTIER_INTERNAL_ENVELOPE_FAILED,false,no_cpu_candidate_passed_internal_envelope
skewed_t_mixture_d250_var_0_99,antithetic_mc,512,0.99,VaR,true,3.6260329998185625,0.0036350550000001647,0.08572933332891718,CPU_INTERNAL_FRONTIER_CANDIDATE,true,fastest_passing_internal_envelope
skewed_t_mixture_d250_es_0_99,antithetic_mc,512,0.99,ES,true,3.6260329998185625,0.0036350550000001647,0.06696599674972555,CPU_INTERNAL_FRONTIER_CANDIDATE,true,fastest_passing_internal_envelope
skewed_t_mixture_d250_var_0_995,antithetic_mc,512,0.995,VaR,true,3.6260329998185625,0.0036350550000001647,0.08953280481505665,CPU_INTERNAL_FRONTIER_CANDIDATE,true,fastest_passing_internal_envelope
skewed_t_mixture_d250_es_0_995,importance_sampling,512,0.995,ES,true,5.016236000301433,0.00502975100000036,0.013161396830037968,CPU_INTERNAL_FRONTIER_CANDIDATE,true,fastest_passing_internal_envelope
skewed_t_mixture_d250_var_0_999,antithetic_mc,2048,0.999,VaR,true,13.247798000065814,0.013255373999999875,0.020593921704998703,CPU_INTERNAL_FRONTIER_CANDIDATE,true,fastest_passing_internal_envelope
skewed_t_mixture_d250_es_0_999,importance_sampling,2048,0.999,ES,true,16.25645300009637,0.016269956000000363,0.11233099715769115,CPU_INTERNAL_FRONTIER_CANDIDATE,true,fastest_passing_internal_envelope
skewed_t_mixture_d250_var_0_9995,importance_sampling,512,0.9995,VaR,true,5.016236000301433,0.00502975100000036,0.08684499774402682,CPU_INTERNAL_FRONTIER_CANDIDATE,true,fastest_passing_internal_envelope
skewed_t_mixture_d250_es_0_9995,importance_sampling,512,0.9995,ES,true,5.016236000301433,0.00502975100000036,0.14040569927422078,CPU_INTERNAL_FRONTIER_CANDIDATE,true,fastest_passing_internal_envelope
skewed_t_mixture_d250_var_0_9999,randomized_qmc,2048,0.9999,VaR,false,86.37261500007298,0.08032949800000111,0.029038235214389328,NOT_ON_FRONTIER_INTERNAL_ENVELOPE_FAILED,false,no_cpu_candidate_passed_internal_envelope
skewed_t_mixture_d250_es_0_9999,importance_sampling,2048,0.9999,ES,true,16.25645300009637,0.016269956000000363,0.10187163141176074,CPU_INTERNAL_FRONTIER_CANDIDATE,true,fastest_passing_internal_envelope
skewed_t_mixture_d500_var_0_99,antithetic_mc,2048,0.99,VaR,true,17.687941000076535,0.017699507000001446,0.08223061814303112,CPU_INTERNAL_FRONTIER_CANDIDATE,true,fastest_passing_internal_envelope
skewed_t_mixture_d500_es_0_99,importance_sampling,2048,0.99,ES,true,25.315230000160227,0.025331516999999693,0.06654128600956483,CPU_INTERNAL_FRONTIER_CANDIDATE,true,fastest_passing_internal_envelope
skewed_t_mixture_d500_var_0_995,raw_mc,2048,0.995,VaR,true,24.129011999775685,0.0241428379999995,0.054836399381753435,CPU_INTERNAL_FRONTIER_CANDIDATE,true,fastest_passing_internal_envelope
skewed_t_mixture_d500_es_0_995,importance_sampling,2048,0.995,ES,true,25.315230000160227,0.025331516999999693,0.029518722870204652,CPU_INTERNAL_FRONTIER_CANDIDATE,true,fastest_passing_internal_envelope
skewed_t_mixture_d500_var_0_999,importance_sampling,2048,0.999,VaR,true,25.315230000160227,0.025331516999999693,0.06892468871165656,CPU_INTERNAL_FRONTIER_CANDIDATE,true,fastest_passing_internal_envelope
skewed_t_mixture_d500_es_0_999,importance_sampling,2048,0.999,ES,true,25.315230000160227,0.025331516999999693,0.11534897921123512,CPU_INTERNAL_FRONTIER_CANDIDATE,true,fastest_passing_internal_envelope
skewed_t_mixture_d500_var_0_9995,randomized_qmc,2048,0.9995,VaR,true,123.16822200000388,0.12318244699999958,0.07677747113977687,CPU_INTERNAL_FRONTIER_CANDIDATE,true,fastest_passing_internal_envelope
skewed_t_mixture_d500_es_0_9995,importance_sampling,2048,0.9995,ES,true,25.315230000160227,0.025331516999999693,0.09416435128852348,CPU_INTERNAL_FRONTIER_CANDIDATE,true,fastest_passing_internal_envelope
skewed_t_mixture_d500_var_0_9999,importance_sampling,512,0.9999,VaR,true,6.986387000324612,0.007000987000001402,0.11332609100256456,CPU_INTERNAL_FRONTIER_CANDIDATE,true,fastest_passing_internal_envelope
skewed_t_mixture_d500_es_0_9999,importance_sampling,512,0.9999,ES,true,6.986387000324612,0.007000987000001402,0.030266703006934622,CPU_INTERNAL_FRONTIER_CANDIDATE,true,fastest_passing_internal_envelope
skewed_t_mixture_d1000_var_0_99,importance_sampling,512,0.99,VaR,true,11.288336999768944,0.01129540799999873,0.06124259476666304,CPU_INTERNAL_FRONTIER_CANDIDATE,true,fastest_passing_internal_envelope
skewed_t_mixture_d1000_es_0_99,importance_sampling,512,0.99,ES,true,11.288336999768944,0.01129540799999873,0.046995836928816495,CPU_INTERNAL_FRONTIER_CANDIDATE,true,fastest_passing_internal_envelope
skewed_t_mixture_d1000_var_0_995,importance_sampling,2048,0.995,VaR,true,46.691577000274265,0.0467122059999987,0.08018472278503538,CPU_INTERNAL_FRONTIER_CANDIDATE,true,fastest_passing_internal_envelope
skewed_t_mixture_d1000_es_0_995,randomized_qmc,2048,0.995,ES,true,242.54539300000033,0.2395670249999995,0.09922372635460876,CPU_INTERNAL_FRONTIER_CANDIDATE,true,fastest_passing_internal_envelope
skewed_t_mixture_d1000_var_0_999,importance_sampling,2048,0.999,VaR,true,46.691577000274265,0.0467122059999987,0.10032165323977567,CPU_INTERNAL_FRONTIER_CANDIDATE,true,fastest_passing_internal_envelope
skewed_t_mixture_d1000_es_0_999,importance_sampling,512,0.999,ES,true,11.288336999768944,0.01129540799999873,0.05467700242072074,CPU_INTERNAL_FRONTIER_CANDIDATE,true,fastest_passing_internal_envelope
skewed_t_mixture_d1000_var_0_9995,importance_sampling,512,0.9995,VaR,true,11.288336999768944,0.01129540799999873,0.05657211347475514,CPU_INTERNAL_FRONTIER_CANDIDATE,true,fastest_passing_internal_envelope
skewed_t_mixture_d1000_es_0_9995,importance_sampling,512,0.9995,ES,true,11.288336999768944,0.01129540799999873,0.07710230333384516,CPU_INTERNAL_FRONTIER_CANDIDATE,true,fastest_passing_internal_envelope
skewed_t_mixture_d1000_var_0_9999,importance_sampling,2048,0.9999,VaR,true,46.691577000274265,0.0467122059999987,0.054192249107026726,CPU_INTERNAL_FRONTIER_CANDIDATE,true,fastest_passing_internal_envelope
skewed_t_mixture_d1000_es_0_9999,raw_mc,2048,0.9999,ES,false,43.76114300021072,0.043770760999999325,0.05930673605106757,NOT_ON_FRONTIER_INTERNAL_ENVELOPE_FAILED,false,no_cpu_candidate_passed_internal_envelope
merton_jump_diffusion_d100_var_0_99,antithetic_mc,2048,0.99,VaR,true,4.057770000144956,0.0040654230000001235,0.05979216414913013,CPU_INTERNAL_FRONTIER_CANDIDATE,true,fastest_passing_internal_envelope
merton_jump_diffusion_d100_es_0_99,raw_mc,2048,0.99,ES,true,4.995817999770225,0.005004263000000009,0.01434784672579932,CPU_INTERNAL_FRONTIER_CANDIDATE,true,fastest_passing_internal_envelope
merton_jump_diffusion_d100_var_0_995,antithetic_mc,2048,0.995,VaR,true,4.057770000144956,0.0040654230000001235,0.1009941065731759,CPU_INTERNAL_FRONTIER_CANDIDATE,true,fastest_passing_internal_envelope
merton_jump_diffusion_d100_es_0_995,raw_mc,2048,0.995,ES,false,4.995817999770225,0.005004263000000009,0.02129439725277242,NOT_ON_FRONTIER_INTERNAL_ENVELOPE_FAILED,false,no_cpu_candidate_passed_internal_envelope
merton_jump_diffusion_d100_var_0_999,raw_mc,2048,0.999,VaR,true,4.995817999770225,0.005004263000000009,0.03013401466736491,CPU_INTERNAL_FRONTIER_CANDIDATE,true,fastest_passing_internal_envelope
merton_jump_diffusion_d100_es_0_999,raw_mc,2048,0.999,ES,false,4.995817999770225,0.005004263000000009,0.13251881808133303,NOT_ON_FRONTIER_INTERNAL_ENVELOPE_FAILED,false,no_cpu_candidate_passed_internal_envelope
merton_jump_diffusion_d100_var_0_9995,raw_mc,2048,0.9995,VaR,true,4.995817999770225,0.005004263000000009,0.09256541353272987,CPU_INTERNAL_FRONTIER_CANDIDATE,true,fastest_passing_internal_envelope
merton_jump_diffusion_d100_es_0_9995,randomized_qmc,2048,0.9995,ES,false,21.11744500007262,0.021127834999999706,0.17348880842478256,NOT_ON_FRONTIER_INTERNAL_ENVELOPE_FAILED,false,no_cpu_candidate_passed_internal_envelope
merton_jump_diffusion_d100_var_0_9999,raw_mc,512,0.9999,VaR,false,1.9087280002167972,0.0019172750000002736,0.12415688270336799,NOT_ON_FRONTIER_INTERNAL_ENVELOPE_FAILED,false,no_cpu_candidate_passed_internal_envelope
merton_jump_diffusion_d100_es_0_9999,raw_mc,512,0.9999,ES,false,1.9087280002167972,0.0019172750000002736,0.09219975719051987,NOT_ON_FRONTIER_INTERNAL_ENVELOPE_FAILED,false,no_cpu_candidate_passed_internal_envelope
merton_jump_diffusion_d250_var_0_99,antithetic_mc,512,0.99,VaR,true,2.259646000311477,0.0022667700000003066,0.09130527483673576,CPU_INTERNAL_FRONTIER_CANDIDATE,true,fastest_passing_internal_envelope
merton_jump_diffusion_d250_es_0_99,antithetic_mc,512,0.99,ES,true,2.259646000311477,0.0022667700000003066,0.03370425404425876,CPU_INTERNAL_FRONTIER_CANDIDATE,true,fastest_passing_internal_envelope
merton_jump_diffusion_d250_var_0_995,antithetic_mc,512,0.995,VaR,true,2.259646000311477,0.0022667700000003066,0.06883893296996617,CPU_INTERNAL_FRONTIER_CANDIDATE,true,fastest_passing_internal_envelope
merton_jump_diffusion_d250_es_0_995,raw_mc,2048,0.995,ES,true,10.198599000432296,0.010207638999998991,0.058946703127056015,CPU_INTERNAL_FRONTIER_CANDIDATE,true,fastest_passing_internal_envelope
merton_jump_diffusion_d250_var_0_999,antithetic_mc,2048,0.999,VaR,true,7.26407999991352,0.007273006999998444,0.1010209089763332,CPU_INTERNAL_FRONTIER_CANDIDATE,true,fastest_passing_internal_envelope
merton_jump_diffusion_d250_es_0_999,importance_sampling,2048,0.999,ES,true,10.203699999692617,0.010214212000001055,0.05571744260149005,CPU_INTERNAL_FRONTIER_CANDIDATE,true,fastest_passing_internal_envelope
merton_jump_diffusion_d250_var_0_9995,raw_mc,2048,0.9995,VaR,true,10.198599000432296,0.010207638999998991,0.029592039464789156,CPU_INTERNAL_FRONTIER_CANDIDATE,true,fastest_passing_internal_envelope
merton_jump_diffusion_d250_es_0_9995,importance_sampling,2048,0.9995,ES,true,10.203699999692617,0.010214212000001055,0.07344006124747127,CPU_INTERNAL_FRONTIER_CANDIDATE,true,fastest_passing_internal_envelope
merton_jump_diffusion_d250_var_0_9999,importance_sampling,2048,0.9999,VaR,false,10.203699999692617,0.010214212000001055,0.11544956136594321,NOT_ON_FRONTIER_INTERNAL_ENVELOPE_FAILED,false,no_cpu_candidate_passed_internal_envelope
merton_jump_diffusion_d250_es_0_9999,raw_mc,512,0.9999,ES,false,3.2516840001335368,0.003263718999999554,0.1475552345956997,NOT_ON_FRONTIER_INTERNAL_ENVELOPE_FAILED,false,no_cpu_candidate_passed_internal_envelope
merton_jump_diffusion_d500_var_0_99,randomized_qmc,2048,0.99,VaR,true,151.42631700018683,0.15144018999999886,0.05136801911411887,CPU_INTERNAL_FRONTIER_CANDIDATE,true,fastest_passing_internal_envelope
merton_jump_diffusion_d500_es_0_99,antithetic_mc,2048,0.99,ES,false,14.371993000168004,0.014381906000000555,0.029399498303602802,NOT_ON_FRONTIER_INTERNAL_ENVELOPE_FAILED,false,no_cpu_candidate_passed_internal_envelope
merton_jump_diffusion_d500_var_0_995,randomized_qmc,512,0.995,VaR,false,72.94009699990056,0.07285906100000084,0.023807578692664106,NOT_ON_FRONTIER_INTERNAL_ENVELOPE_FAILED,false,no_cpu_candidate_passed_internal_envelope
merton_jump_diffusion_d500_es_0_995,raw_mc,2048,0.995,ES,true,18.99455400007355,0.019006316000000467,0.11030028360177928,CPU_INTERNAL_FRONTIER_CANDIDATE,true,fastest_passing_internal_envelope
merton_jump_diffusion_d500_var_0_999,randomized_qmc,2048,0.999,VaR,false,151.42631700018683,0.15144018999999886,0.1324685534913238,NOT_ON_FRONTIER_INTERNAL_ENVELOPE_FAILED,false,no_cpu_candidate_passed_internal_envelope
merton_jump_diffusion_d500_es_0_999,randomized_qmc,2048,0.999,ES,false,151.42631700018683,0.15144018999999886,0.18673218884035236,NOT_ON_FRONTIER_INTERNAL_ENVELOPE_FAILED,false,no_cpu_candidate_passed_internal_envelope
merton_jump_diffusion_d500_var_0_9995,raw_mc,2048,0.9995,VaR,false,18.99455400007355,0.019006316000000467,0.1515576887981139,NOT_ON_FRONTIER_INTERNAL_ENVELOPE_FAILED,false,no_cpu_candidate_passed_internal_envelope
merton_jump_diffusion_d500_es_0_9995,randomized_qmc,2048,0.9995,ES,false,151.42631700018683,0.15144018999999886,0.23717458953521103,NOT_ON_FRONTIER_INTERNAL_ENVELOPE_FAILED,false,no_cpu_candidate_passed_internal_envelope
merton_jump_diffusion_d500_var_0_9999,raw_mc,2048,0.9999,VaR,false,18.99455400007355,0.019006316000000467,0.2858629179819983,NOT_ON_FRONTIER_INTERNAL_ENVELOPE_FAILED,false,no_cpu_candidate_passed_internal_envelope
merton_jump_diffusion_d500_es_0_9999,raw_mc,2048,0.9999,ES,false,18.99455400007355,0.019006316000000467,0.29921295350874855,NOT_ON_FRONTIER_INTERNAL_ENVELOPE_FAILED,false,no_cpu_candidate_passed_internal_envelope
merton_jump_diffusion_d1000_var_0_99,antithetic_mc,512,0.99,VaR,true,6.197034000251733,0.006208821999999614,0.07933658948640002,CPU_INTERNAL_FRONTIER_CANDIDATE,true,fastest_passing_internal_envelope
merton_jump_diffusion_d1000_es_0_99,antithetic_mc,2048,0.99,ES,true,30.91120299995964,0.03092252999999978,0.08008432436529273,CPU_INTERNAL_FRONTIER_CANDIDATE,true,fastest_passing_internal_envelope
merton_jump_diffusion_d1000_var_0_995,antithetic_mc,512,0.995,VaR,true,6.197034000251733,0.006208821999999614,0.11246797591239868,CPU_INTERNAL_FRONTIER_CANDIDATE,true,fastest_passing_internal_envelope
merton_jump_diffusion_d1000_es_0_995,antithetic_mc,2048,0.995,ES,true,30.91120299995964,0.03092252999999978,0.07993759084746643,CPU_INTERNAL_FRONTIER_CANDIDATE,true,fastest_passing_internal_envelope
merton_jump_diffusion_d1000_var_0_999,antithetic_mc,2048,0.999,VaR,true,30.91120299995964,0.03092252999999978,0.03665760481570956,CPU_INTERNAL_FRONTIER_CANDIDATE,true,fastest_passing_internal_envelope
merton_jump_diffusion_d1000_es_0_999,raw_mc,2048,0.999,ES,false,36.338799000077415,0.03634844299999962,0.1269100747354987,NOT_ON_FRONTIER_INTERNAL_ENVELOPE_FAILED,false,no_cpu_candidate_passed_internal_envelope
merton_jump_diffusion_d1000_var_0_9995,antithetic_mc,2048,0.9995,VaR,true,30.91120299995964,0.03092252999999978,0.1268472676285946,CPU_INTERNAL_FRONTIER_CANDIDATE,true,fastest_passing_internal_envelope
merton_jump_diffusion_d1000_es_0_9995,raw_mc,2048,0.9995,ES,false,36.338799000077415,0.03634844299999962,0.1938014391569372,NOT_ON_FRONTIER_INTERNAL_ENVELOPE_FAILED,false,no_cpu_candidate_passed_internal_envelope
merton_jump_diffusion_d1000_var_0_9999,raw_mc,2048,0.9999,VaR,false,36.338799000077415,0.03634844299999962,0.1901556095143012,NOT_ON_FRONTIER_INTERNAL_ENVELOPE_FAILED,false,no_cpu_candidate_passed_internal_envelope
merton_jump_diffusion_d1000_es_0_9999,raw_mc,2048,0.9999,ES,false,36.338799000077415,0.03634844299999962,0.313431307240449,NOT_ON_FRONTIER_INTERNAL_ENVELOPE_FAILED,false,no_cpu_candidate_passed_internal_envelope
hawkes_clustered_jumps_d100_var_0_99,antithetic_mc,512,0.99,VaR,true,2.001609999751963,0.0020070940000014303,0.05637424834946797,CPU_INTERNAL_FRONTIER_CANDIDATE,true,fastest_passing_internal_envelope
hawkes_clustered_jumps_d100_es_0_99,antithetic_mc,2048,0.99,ES,true,6.219707000127528,0.006229170000001005,0.022192418125880985,CPU_INTERNAL_FRONTIER_CANDIDATE,true,fastest_passing_internal_envelope
hawkes_clustered_jumps_d100_var_0_995,antithetic_mc,512,0.995,VaR,true,2.001609999751963,0.0020070940000014303,0.08201971822203963,CPU_INTERNAL_FRONTIER_CANDIDATE,true,fastest_passing_internal_envelope
hawkes_clustered_jumps_d100_es_0_995,antithetic_mc,2048,0.995,ES,true,6.219707000127528,0.006229170000001005,0.029210014661635295,CPU_INTERNAL_FRONTIER_CANDIDATE,true,fastest_passing_internal_envelope
hawkes_clustered_jumps_d100_var_0_999,antithetic_mc,2048,0.999,VaR,true,6.219707000127528,0.006229170000001005,0.02201938354930404,CPU_INTERNAL_FRONTIER_CANDIDATE,true,fastest_passing_internal_envelope
hawkes_clustered_jumps_d100_es_0_999,randomized_qmc,2048,0.999,ES,true,20.744092999848363,0.020753142000000224,0.1199839306590934,CPU_INTERNAL_FRONTIER_CANDIDATE,true,fastest_passing_internal_envelope
hawkes_clustered_jumps_d100_var_0_9995,antithetic_mc,2048,0.9995,VaR,true,6.219707000127528,0.006229170000001005,0.12671322057836024,CPU_INTERNAL_FRONTIER_CANDIDATE,true,fastest_passing_internal_envelope
hawkes_clustered_jumps_d100_es_0_9995,randomized_qmc,2048,0.9995,ES,true,20.744092999848363,0.020753142000000224,0.11634631353096722,CPU_INTERNAL_FRONTIER_CANDIDATE,true,fastest_passing_internal_envelope
hawkes_clustered_jumps_d100_var_0_9999,randomized_qmc,2048,0.9999,VaR,false,20.744092999848363,0.020753142000000224,0.1262248234774613,NOT_ON_FRONTIER_INTERNAL_ENVELOPE_FAILED,false,no_cpu_candidate_passed_internal_envelope
hawkes_clustered_jumps_d100_es_0_9999,randomized_qmc,2048,0.9999,ES,false,20.744092999848363,0.020753142000000224,0.20333626520745812,NOT_ON_FRONTIER_INTERNAL_ENVELOPE_FAILED,false,no_cpu_candidate_passed_internal_envelope
hawkes_clustered_jumps_d250_var_0_99,antithetic_mc,2048,0.99,VaR,true,9.221641000294767,0.009234964999999207,0.06395371345909298,CPU_INTERNAL_FRONTIER_CANDIDATE,true,fastest_passing_internal_envelope
hawkes_clustered_jumps_d250_es_0_99,antithetic_mc,2048,0.99,ES,true,9.221641000294767,0.009234964999999207,0.023198986723469317,CPU_INTERNAL_FRONTIER_CANDIDATE,true,fastest_passing_internal_envelope
hawkes_clustered_jumps_d250_var_0_995,antithetic_mc,2048,0.995,VaR,true,9.221641000294767,0.009234964999999207,0.040283485609276234,CPU_INTERNAL_FRONTIER_CANDIDATE,true,fastest_passing_internal_envelope
hawkes_clustered_jumps_d250_es_0_995,antithetic_mc,2048,0.995,ES,true,9.221641000294767,0.009234964999999207,0.022585314276284414,CPU_INTERNAL_FRONTIER_CANDIDATE,true,fastest_passing_internal_envelope
hawkes_clustered_jumps_d250_var_0_999,antithetic_mc,2048,0.999,VaR,true,9.221641000294767,0.009234964999999207,0.04962370322109245,CPU_INTERNAL_FRONTIER_CANDIDATE,true,fastest_passing_internal_envelope
hawkes_clustered_jumps_d250_es_0_999,randomized_qmc,2048,0.999,ES,true,71.0390770000231,0.07105904600000024,0.090248377386833,CPU_INTERNAL_FRONTIER_CANDIDATE,true,fastest_passing_internal_envelope
hawkes_clustered_jumps_d250_var_0_9995,antithetic_mc,2048,0.9995,VaR,true,9.221641000294767,0.009234964999999207,0.08376010376471264,CPU_INTERNAL_FRONTIER_CANDIDATE,true,fastest_passing_internal_envelope
hawkes_clustered_jumps_d250_es_0_9995,antithetic_mc,2048,0.9995,ES,true,9.221641000294767,0.009234964999999207,0.09769127337566735,CPU_INTERNAL_FRONTIER_CANDIDATE,true,fastest_passing_internal_envelope
hawkes_clustered_jumps_d250_var_0_9999,importance_sampling,2048,0.9999,VaR,false,12.120464999952674,0.012130946000000975,0.0826506423635419,NOT_ON_FRONTIER_INTERNAL_ENVELOPE_FAILED,false,no_cpu_candidate_passed_internal_envelope
hawkes_clustered_jumps_d250_es_0_9999,importance_sampling,2048,0.9999,ES,true,12.120464999952674,0.012130946000000975,0.03993069758410389,CPU_INTERNAL_FRONTIER_CANDIDATE,true,fastest_passing_internal_envelope
hawkes_clustered_jumps_d500_var_0_99,antithetic_mc,2048,0.99,VaR,true,16.036364999763464,0.016048830999999097,0.01874230189657342,CPU_INTERNAL_FRONTIER_CANDIDATE,true,fastest_passing_internal_envelope
hawkes_clustered_jumps_d500_es_0_99,raw_mc,512,0.99,ES,true,6.109022999680747,0.006119814999999917,0.05636716309964999,CPU_INTERNAL_FRONTIER_CANDIDATE,true,fastest_passing_internal_envelope
hawkes_clustered_jumps_d500_var_0_995,randomized_qmc,512,0.995,VaR,true,45.20049000029758,0.045214085999999654,0.06002682535654006,CPU_INTERNAL_FRONTIER_CANDIDATE,true,fastest_passing_internal_envelope
hawkes_clustered_jumps_d500_es_0_995,antithetic_mc,2048,0.995,ES,true,16.036364999763464,0.016048830999999097,0.017614132360237667,CPU_INTERNAL_FRONTIER_CANDIDATE,true,fastest_passing_internal_envelope
hawkes_clustered_jumps_d500_var_0_999,antithetic_mc,2048,0.999,VaR,true,16.036364999763464,0.016048830999999097,0.054441016956553,CPU_INTERNAL_FRONTIER_CANDIDATE,true,fastest_passing_internal_envelope
hawkes_clustered_jumps_d500_es_0_999,antithetic_mc,2048,0.999,ES,true,16.036364999763464,0.016048830999999097,0.06906701137521883,CPU_INTERNAL_FRONTIER_CANDIDATE,true,fastest_passing_internal_envelope
hawkes_clustered_jumps_d500_var_0_9995,antithetic_mc,2048,0.9995,VaR,true,16.036364999763464,0.016048830999999097,0.08122164103886015,CPU_INTERNAL_FRONTIER_CANDIDATE,true,fastest_passing_internal_envelope
hawkes_clustered_jumps_d500_es_0_9995,antithetic_mc,2048,0.9995,ES,true,16.036364999763464,0.016048830999999097,0.14742494228628658,CPU_INTERNAL_FRONTIER_CANDIDATE,true,fastest_passing_internal_envelope
hawkes_clustered_jumps_d500_var_0_9999,randomized_qmc,2048,0.9999,VaR,false,119.31015700019998,0.11932680800000028,0.10664077915169529,NOT_ON_FRONTIER_INTERNAL_ENVELOPE_FAILED,false,no_cpu_candidate_passed_internal_envelope
hawkes_clustered_jumps_d500_es_0_9999,randomized_qmc,2048,0.9999,ES,false,119.31015700019998,0.11932680800000028,0.11188738758817551,NOT_ON_FRONTIER_INTERNAL_ENVELOPE_FAILED,false,no_cpu_candidate_passed_internal_envelope
hawkes_clustered_jumps_d1000_var_0_99,antithetic_mc,2048,0.99,VaR,true,33.98481799968067,0.03400437899999886,0.023009299617807847,CPU_INTERNAL_FRONTIER_CANDIDATE,true,fastest_passing_internal_envelope
hawkes_clustered_jumps_d1000_es_0_99,antithetic_mc,2048,0.99,ES,true,33.98481799968067,0.03400437899999886,0.019558349212991828,CPU_INTERNAL_FRONTIER_CANDIDATE,true,fastest_passing_internal_envelope
hawkes_clustered_jumps_d1000_var_0_995,antithetic_mc,2048,0.995,VaR,true,33.98481799968067,0.03400437899999886,0.015067528169399335,CPU_INTERNAL_FRONTIER_CANDIDATE,true,fastest_passing_internal_envelope
hawkes_clustered_jumps_d1000_es_0_995,antithetic_mc,2048,0.995,ES,true,33.98481799968067,0.03400437899999886,0.013031636143458593,CPU_INTERNAL_FRONTIER_CANDIDATE,true,fastest_passing_internal_envelope
hawkes_clustered_jumps_d1000_var_0_999,raw_mc,2048,0.999,VaR,true,38.327414999912435,0.03835129799999848,0.07334840417245081,CPU_INTERNAL_FRONTIER_CANDIDATE,true,fastest_passing_internal_envelope
hawkes_clustered_jumps_d1000_es_0_999,antithetic_mc,2048,0.999,ES,true,33.98481799968067,0.03400437899999886,0.0917243947547963,CPU_INTERNAL_FRONTIER_CANDIDATE,true,fastest_passing_internal_envelope
hawkes_clustered_jumps_d1000_var_0_9995,importance_sampling,2048,0.9995,VaR,true,41.353316999902745,0.04130916500000126,0.0706226910575592,CPU_INTERNAL_FRONTIER_CANDIDATE,true,fastest_passing_internal_envelope
hawkes_clustered_jumps_d1000_es_0_9995,antithetic_mc,2048,0.9995,ES,true,33.98481799968067,0.03400437899999886,0.12496298825469533,CPU_INTERNAL_FRONTIER_CANDIDATE,true,fastest_passing_internal_envelope
hawkes_clustered_jumps_d1000_var_0_9999,antithetic_mc,2048,0.9999,VaR,true,33.98481799968067,0.03400437899999886,0.08703624857931826,CPU_INTERNAL_FRONTIER_CANDIDATE,true,fastest_passing_internal_envelope
hawkes_clustered_jumps_d1000_es_0_9999,randomized_qmc,2048,0.9999,ES,false,234.62504400004036,0.23464838599999993,0.20675067050633583,NOT_ON_FRONTIER_INTERNAL_ENVELOPE_FAILED,false,no_cpu_candidate_passed_internal_envelope
regime_switching_volatility_d100_var_0_99,antithetic_mc,2048,0.99,VaR,true,2.4670779998814396,0.002475341000000242,0.06147996868772467,CPU_INTERNAL_FRONTIER_CANDIDATE,true,fastest_passing_internal_envelope
regime_switching_volatility_d100_es_0_99,antithetic_mc,512,0.99,ES,true,0.6475230002251919,0.000653445999997615,0.017037370479929665,CPU_INTERNAL_FRONTIER_CANDIDATE,true,fastest_passing_internal_envelope
regime_switching_volatility_d100_var_0_995,raw_mc,512,0.995,VaR,true,1.453621000109706,0.001464124999998262,0.09583821255663089,CPU_INTERNAL_FRONTIER_CANDIDATE,true,fastest_passing_internal_envelope
regime_switching_volatility_d100_es_0_995,antithetic_mc,512,0.995,ES,true,0.6475230002251919,0.000653445999997615,0.07390664631204645,CPU_INTERNAL_FRONTIER_CANDIDATE,true,fastest_passing_internal_envelope
regime_switching_volatility_d100_var_0_999,importance_sampling,512,0.999,VaR,true,1.520462999906158,0.001526742999999442,0.05188830376285816,CPU_INTERNAL_FRONTIER_CANDIDATE,true,fastest_passing_internal_envelope
regime_switching_volatility_d100_es_0_999,importance_sampling,512,0.999,ES,true,1.520462999906158,0.001526742999999442,0.07178100332645815,CPU_INTERNAL_FRONTIER_CANDIDATE,true,fastest_passing_internal_envelope
regime_switching_volatility_d100_var_0_9995,importance_sampling,512,0.9995,VaR,true,1.520462999906158,0.001526742999999442,0.02085589877494336,CPU_INTERNAL_FRONTIER_CANDIDATE,true,fastest_passing_internal_envelope
regime_switching_volatility_d100_es_0_9995,importance_sampling,512,0.9995,ES,true,1.520462999906158,0.001526742999999442,0.042411854481988885,CPU_INTERNAL_FRONTIER_CANDIDATE,true,fastest_passing_internal_envelope
regime_switching_volatility_d100_var_0_9999,raw_mc,2048,0.9999,VaR,false,3.7958990001243365,0.003805776000000094,0.04595703260503015,NOT_ON_FRONTIER_INTERNAL_ENVELOPE_FAILED,false,no_cpu_candidate_passed_internal_envelope
regime_switching_volatility_d100_es_0_9999,raw_mc,2048,0.9999,ES,false,3.7958990001243365,0.003805776000000094,0.0409171389629137,NOT_ON_FRONTIER_INTERNAL_ENVELOPE_FAILED,false,no_cpu_candidate_passed_internal_envelope
regime_switching_volatility_d250_var_0_99,randomized_qmc,2048,0.99,VaR,true,74.48631800025396,0.07445948200000174,0.02184086050098049,CPU_INTERNAL_FRONTIER_CANDIDATE,true,fastest_passing_internal_envelope
regime_switching_volatility_d250_es_0_99,importance_sampling,512,0.99,ES,true,2.342960999612842,0.0023505379999981812,0.049582094283796424,CPU_INTERNAL_FRONTIER_CANDIDATE,true,fastest_passing_internal_envelope
regime_switching_volatility_d250_var_0_995,importance_sampling,512,0.995,VaR,true,2.342960999612842,0.0023505379999981812,0.019762582634896657,CPU_INTERNAL_FRONTIER_CANDIDATE,true,fastest_passing_internal_envelope
regime_switching_volatility_d250_es_0_995,raw_mc,512,0.995,ES,true,2.0099449998269847,0.002014407000000773,0.06888031834556041,CPU_INTERNAL_FRONTIER_CANDIDATE,true,fastest_passing_internal_envelope
regime_switching_volatility_d250_var_0_999,antithetic_mc,512,0.999,VaR,true,1.2265819996173377,0.001230767999999216,0.025425336702627033,CPU_INTERNAL_FRONTIER_CANDIDATE,true,fastest_passing_internal_envelope
regime_switching_volatility_d250_es_0_999,antithetic_mc,2048,0.999,ES,false,5.5672150001555565,0.005527694000001304,0.0670359763241631,NOT_ON_FRONTIER_INTERNAL_ENVELOPE_FAILED,false,no_cpu_candidate_passed_internal_envelope
regime_switching_volatility_d250_var_0_9995,antithetic_mc,512,0.9995,VaR,true,1.2265819996173377,0.001230767999999216,0.07416671545472571,CPU_INTERNAL_FRONTIER_CANDIDATE,true,fastest_passing_internal_envelope
regime_switching_volatility_d250_es_0_9995,antithetic_mc,2048,0.9995,ES,false,5.5672150001555565,0.005527694000001304,0.0644116986967879,NOT_ON_FRONTIER_INTERNAL_ENVELOPE_FAILED,false,no_cpu_candidate_passed_internal_envelope
regime_switching_volatility_d250_var_0_9999,antithetic_mc,512,0.9999,VaR,true,1.2265819996173377,0.001230767999999216,0.07062217084280167,CPU_INTERNAL_FRONTIER_CANDIDATE,true,fastest_passing_internal_envelope
regime_switching_volatility_d250_es_0_9999,antithetic_mc,512,0.9999,ES,true,1.2265819996173377,0.001230767999999216,0.06976632476170067,CPU_INTERNAL_FRONTIER_CANDIDATE,true,fastest_passing_internal_envelope
regime_switching_volatility_d500_var_0_99,importance_sampling,512,0.99,VaR,true,4.653129999951489,0.004662763000002457,0.06865935098009457,CPU_INTERNAL_FRONTIER_CANDIDATE,true,fastest_passing_internal_envelope
regime_switching_volatility_d500_es_0_99,raw_mc,512,0.99,ES,true,4.542064999895956,0.004556873999998601,0.07574960073604892,CPU_INTERNAL_FRONTIER_CANDIDATE,true,fastest_passing_internal_envelope
regime_switching_volatility_d500_var_0_995,raw_mc,2048,0.995,VaR,true,16.957567000190465,0.016967474000001204,0.04390712515553729,CPU_INTERNAL_FRONTIER_CANDIDATE,true,fastest_passing_internal_envelope
regime_switching_volatility_d500_es_0_995,raw_mc,512,0.995,ES,true,4.542064999895956,0.004556873999998601,0.10662358809631196,CPU_INTERNAL_FRONTIER_CANDIDATE,true,fastest_passing_internal_envelope
regime_switching_volatility_d500_var_0_999,raw_mc,512,0.999,VaR,true,4.542064999895956,0.004556873999998601,0.02547500812109814,CPU_INTERNAL_FRONTIER_CANDIDATE,true,fastest_passing_internal_envelope
regime_switching_volatility_d500_es_0_999,importance_sampling,512,0.999,ES,true,4.653129999951489,0.004662763000002457,0.056491691781603584,CPU_INTERNAL_FRONTIER_CANDIDATE,true,fastest_passing_internal_envelope
regime_switching_volatility_d500_var_0_9995,raw_mc,2048,0.9995,VaR,true,16.957567000190465,0.016967474000001204,0.05059099889743623,CPU_INTERNAL_FRONTIER_CANDIDATE,true,fastest_passing_internal_envelope
regime_switching_volatility_d500_es_0_9995,raw_mc,2048,0.9995,ES,true,16.957567000190465,0.016967474000001204,0.03824607947788699,CPU_INTERNAL_FRONTIER_CANDIDATE,true,fastest_passing_internal_envelope
regime_switching_volatility_d500_var_0_9999,randomized_qmc,2048,0.9999,VaR,true,125.56172699987656,0.12539368399999873,0.10723833158021065,CPU_INTERNAL_FRONTIER_CANDIDATE,true,fastest_passing_internal_envelope
regime_switching_volatility_d500_es_0_9999,importance_sampling,2048,0.9999,ES,true,18.12513899994883,0.018135604000001138,0.11283230728566923,CPU_INTERNAL_FRONTIER_CANDIDATE,true,fastest_passing_internal_envelope
regime_switching_volatility_d1000_var_0_99,antithetic_mc,2048,0.99,VaR,true,28.918814000007842,0.028940462999997862,0.05117389107633051,CPU_INTERNAL_FRONTIER_CANDIDATE,true,fastest_passing_internal_envelope
regime_switching_volatility_d1000_es_0_99,importance_sampling,512,0.99,ES,true,8.888019000096392,0.008906278999997852,0.038179662734075755,CPU_INTERNAL_FRONTIER_CANDIDATE,true,fastest_passing_internal_envelope
regime_switching_volatility_d1000_var_0_995,antithetic_mc,2048,0.995,VaR,true,28.918814000007842,0.028940462999997862,0.049028374215904766,CPU_INTERNAL_FRONTIER_CANDIDATE,true,fastest_passing_internal_envelope
regime_switching_volatility_d1000_es_0_995,importance_sampling,512,0.995,ES,true,8.888019000096392,0.008906278999997852,0.02793144825989799,CPU_INTERNAL_FRONTIER_CANDIDATE,true,fastest_passing_internal_envelope
regime_switching_volatility_d1000_var_0_999,antithetic_mc,2048,0.999,VaR,true,28.918814000007842,0.028940462999997862,0.05528391519570929,CPU_INTERNAL_FRONTIER_CANDIDATE,true,fastest_passing_internal_envelope
regime_switching_volatility_d1000_es_0_999,importance_sampling,512,0.999,ES,true,8.888019000096392,0.008906278999997852,0.07953727686711332,CPU_INTERNAL_FRONTIER_CANDIDATE,true,fastest_passing_internal_envelope
regime_switching_volatility_d1000_var_0_9995,antithetic_mc,2048,0.9995,VaR,true,28.918814000007842,0.028940462999997862,0.048687848893946936,CPU_INTERNAL_FRONTIER_CANDIDATE,true,fastest_passing_internal_envelope
regime_switching_volatility_d1000_es_0_9995,importance_sampling,512,0.9995,ES,true,8.888019000096392,0.008906278999997852,0.06751419944828758,CPU_INTERNAL_FRONTIER_CANDIDATE,true,fastest_passing_internal_envelope
regime_switching_volatility_d1000_var_0_9999,antithetic_mc,2048,0.9999,VaR,true,28.918814000007842,0.028940462999997862,0.1020982293356108,CPU_INTERNAL_FRONTIER_CANDIDATE,true,fastest_passing_internal_envelope
regime_switching_volatility_d1000_es_0_9999,antithetic_mc,2048,0.9999,ES,true,28.918814000007842,0.028940462999997862,0.10984950713965755,CPU_INTERNAL_FRONTIER_CANDIDATE,true,fastest_passing_internal_envelope
default_mixture_common_factor_d100_var_0_99,antithetic_mc,2048,0.99,VaR,true,4.141275999700156,0.004156833999999776,0.05152018204376011,CPU_INTERNAL_FRONTIER_CANDIDATE,true,fastest_passing_internal_envelope
default_mixture_common_factor_d100_es_0_99,raw_mc,2048,0.99,ES,true,5.368480000015552,0.005382092000001393,0.06573047806599534,CPU_INTERNAL_FRONTIER_CANDIDATE,true,fastest_passing_internal_envelope
default_mixture_common_factor_d100_var_0_995,raw_mc,2048,0.995,VaR,true,5.368480000015552,0.005382092000001393,0.10795644151422655,CPU_INTERNAL_FRONTIER_CANDIDATE,true,fastest_passing_internal_envelope
default_mixture_common_factor_d100_es_0_995,antithetic_mc,512,0.995,ES,true,1.1990299999524723,0.001207574999998684,0.07736786277920074,CPU_INTERNAL_FRONTIER_CANDIDATE,true,fastest_passing_internal_envelope
default_mixture_common_factor_d100_var_0_999,raw_mc,2048,0.999,VaR,true,5.368480000015552,0.005382092000001393,0.10995488888003914,CPU_INTERNAL_FRONTIER_CANDIDATE,true,fastest_passing_internal_envelope
default_mixture_common_factor_d100_es_0_999,antithetic_mc,2048,0.999,ES,true,4.141275999700156,0.004156833999999776,0.019919223048438614,CPU_INTERNAL_FRONTIER_CANDIDATE,true,fastest_passing_internal_envelope
default_mixture_common_factor_d100_var_0_9995,antithetic_mc,2048,0.9995,VaR,true,4.141275999700156,0.004156833999999776,0.0057565195961987265,CPU_INTERNAL_FRONTIER_CANDIDATE,true,fastest_passing_internal_envelope
default_mixture_common_factor_d100_es_0_9995,antithetic_mc,2048,0.9995,ES,true,4.141275999700156,0.004156833999999776,0.08724566960652272,CPU_INTERNAL_FRONTIER_CANDIDATE,true,fastest_passing_internal_envelope
default_mixture_common_factor_d100_var_0_9999,randomized_qmc,512,0.9999,VaR,false,11.452017999999953,0.011465617999999012,0.08843793870355349,NOT_ON_FRONTIER_INTERNAL_ENVELOPE_FAILED,false,no_cpu_candidate_passed_internal_envelope
default_mixture_common_factor_d100_es_0_9999,randomized_qmc,512,0.9999,ES,false,11.452017999999953,0.011465617999999012,0.070437329661561,NOT_ON_FRONTIER_INTERNAL_ENVELOPE_FAILED,false,no_cpu_candidate_passed_internal_envelope
default_mixture_common_factor_d250_var_0_99,antithetic_mc,2048,0.99,VaR,true,9.045981999861397,0.009064296000001804,0.1007955794602338,CPU_INTERNAL_FRONTIER_CANDIDATE,true,fastest_passing_internal_envelope
default_mixture_common_factor_d250_es_0_99,randomized_qmc,2048,0.99,ES,true,88.59647999997833,0.08862237700000009,0.053358669502201014,CPU_INTERNAL_FRONTIER_CANDIDATE,true,fastest_passing_internal_envelope
default_mixture_common_factor_d250_var_0_995,antithetic_mc,512,0.995,VaR,true,2.4709470003472234,0.0024798100000005263,0.09200558074618402,CPU_INTERNAL_FRONTIER_CANDIDATE,true,fastest_passing_internal_envelope
default_mixture_common_factor_d250_es_0_995,antithetic_mc,512,0.995,ES,false,2.4709470003472234,0.0024798100000005263,0.06798745989420615,NOT_ON_FRONTIER_INTERNAL_ENVELOPE_FAILED,false,no_cpu_candidate_passed_internal_envelope
default_mixture_common_factor_d250_var_0_999,raw_mc,2048,0.999,VaR,false,12.096926999674906,0.01210771200000238,0.03472127214785995,NOT_ON_FRONTIER_INTERNAL_ENVELOPE_FAILED,false,no_cpu_candidate_passed_internal_envelope
default_mixture_common_factor_d250_es_0_999,raw_mc,2048,0.999,ES,false,12.096926999674906,0.01210771200000238,0.11074052190853555,NOT_ON_FRONTIER_INTERNAL_ENVELOPE_FAILED,false,no_cpu_candidate_passed_internal_envelope
default_mixture_common_factor_d250_var_0_9995,randomized_qmc,2048,0.9995,VaR,true,88.59647999997833,0.08862237700000009,0.12515971285875022,CPU_INTERNAL_FRONTIER_CANDIDATE,true,fastest_passing_internal_envelope
default_mixture_common_factor_d250_es_0_9995,randomized_qmc,2048,0.9995,ES,false,88.59647999997833,0.08862237700000009,0.15528169688812427,NOT_ON_FRONTIER_INTERNAL_ENVELOPE_FAILED,false,no_cpu_candidate_passed_internal_envelope
default_mixture_common_factor_d250_var_0_9999,randomized_qmc,2048,0.9999,VaR,false,88.59647999997833,0.08862237700000009,0.16350199929452305,NOT_ON_FRONTIER_INTERNAL_ENVELOPE_FAILED,false,no_cpu_candidate_passed_internal_envelope
default_mixture_common_factor_d250_es_0_9999,randomized_qmc,2048,0.9999,ES,false,88.59647999997833,0.08862237700000009,0.20986780995306906,NOT_ON_FRONTIER_INTERNAL_ENVELOPE_FAILED,false,no_cpu_candidate_passed_internal_envelope
default_mixture_common_factor_d500_var_0_99,antithetic_mc,2048,0.99,VaR,true,17.5829340000746,0.017601222999999777,0.07297241911231747,CPU_INTERNAL_FRONTIER_CANDIDATE,true,fastest_passing_internal_envelope
default_mixture_common_factor_d500_es_0_99,raw_mc,2048,0.99,ES,true,23.259031000179675,0.02327632299999749,0.05196140949906113,CPU_INTERNAL_FRONTIER_CANDIDATE,true,fastest_passing_internal_envelope
default_mixture_common_factor_d500_var_0_995,raw_mc,512,0.995,VaR,true,5.594275000021298,0.005603086000000701,0.020520739222221893,CPU_INTERNAL_FRONTIER_CANDIDATE,true,fastest_passing_internal_envelope
default_mixture_common_factor_d500_es_0_995,raw_mc,2048,0.995,ES,true,23.259031000179675,0.02327632299999749,0.0822540468088505,CPU_INTERNAL_FRONTIER_CANDIDATE,true,fastest_passing_internal_envelope
default_mixture_common_factor_d500_var_0_999,antithetic_mc,2048,0.999,VaR,false,17.5829340000746,0.017601222999999777,0.12646290482747985,NOT_ON_FRONTIER_INTERNAL_ENVELOPE_FAILED,false,no_cpu_candidate_passed_internal_envelope
default_mixture_common_factor_d500_es_0_999,raw_mc,2048,0.999,ES,true,23.259031000179675,0.02327632299999749,0.06903043845048487,CPU_INTERNAL_FRONTIER_CANDIDATE,true,fastest_passing_internal_envelope
default_mixture_common_factor_d500_var_0_9995,randomized_qmc,2048,0.9995,VaR,false,147.08080499985954,0.14699980299999993,0.06282438612512029,NOT_ON_FRONTIER_INTERNAL_ENVELOPE_FAILED,false,no_cpu_candidate_passed_internal_envelope
default_mixture_common_factor_d500_es_0_9995,raw_mc,2048,0.9995,ES,true,23.259031000179675,0.02327632299999749,0.010236996785010225,CPU_INTERNAL_FRONTIER_CANDIDATE,true,fastest_passing_internal_envelope
default_mixture_common_factor_d500_var_0_9999,raw_mc,2048,0.9999,VaR,true,23.259031000179675,0.02327632299999749,0.03514522314358006,CPU_INTERNAL_FRONTIER_CANDIDATE,true,fastest_passing_internal_envelope
default_mixture_common_factor_d500_es_0_9999,raw_mc,2048,0.9999,ES,true,23.259031000179675,0.02327632299999749,0.07649756856956423,CPU_INTERNAL_FRONTIER_CANDIDATE,true,fastest_passing_internal_envelope
default_mixture_common_factor_d1000_var_0_99,antithetic_mc,512,0.99,VaR,true,8.975391000149102,0.008988464000001528,0.031529347264523694,CPU_INTERNAL_FRONTIER_CANDIDATE,true,fastest_passing_internal_envelope
default_mixture_common_factor_d1000_es_0_99,randomized_qmc,512,0.99,ES,true,110.41406699996514,0.11043482499999868,0.03645359258901497,CPU_INTERNAL_FRONTIER_CANDIDATE,true,fastest_passing_internal_envelope
default_mixture_common_factor_d1000_var_0_995,raw_mc,512,0.995,VaR,true,12.555172999782371,0.012567713999999341,0.10538235813307018,CPU_INTERNAL_FRONTIER_CANDIDATE,true,fastest_passing_internal_envelope
default_mixture_common_factor_d1000_es_0_995,raw_mc,512,0.995,ES,true,12.555172999782371,0.012567713999999341,0.07223327705114455,CPU_INTERNAL_FRONTIER_CANDIDATE,true,fastest_passing_internal_envelope
default_mixture_common_factor_d1000_var_0_999,randomized_qmc,512,0.999,VaR,true,110.41406699996514,0.11043482499999868,0.029586276903907287,CPU_INTERNAL_FRONTIER_CANDIDATE,true,fastest_passing_internal_envelope
default_mixture_common_factor_d1000_es_0_999,randomized_qmc,2048,0.999,ES,true,264.2930970000634,0.2642770600000013,0.037495281040889804,CPU_INTERNAL_FRONTIER_CANDIDATE,true,fastest_passing_internal_envelope
default_mixture_common_factor_d1000_var_0_9995,randomized_qmc,512,0.9995,VaR,true,110.41406699996514,0.11043482499999868,0.07598555367487446,CPU_INTERNAL_FRONTIER_CANDIDATE,true,fastest_passing_internal_envelope
default_mixture_common_factor_d1000_es_0_9995,randomized_qmc,512,0.9995,ES,true,110.41406699996514,0.11043482499999868,0.042680336956965804,CPU_INTERNAL_FRONTIER_CANDIDATE,true,fastest_passing_internal_envelope
default_mixture_common_factor_d1000_var_0_9999,randomized_qmc,512,0.9999,VaR,true,110.41406699996514,0.11043482499999868,0.058044881841531705,CPU_INTERNAL_FRONTIER_CANDIDATE,true,fastest_passing_internal_envelope
default_mixture_common_factor_d1000_es_0_9999,randomized_qmc,512,0.9999,ES,true,110.41406699996514,0.11043482499999868,0.06091568373040226,CPU_INTERNAL_FRONTIER_CANDIDATE,true,fastest_passing_internal_envelope
discontinuous_liquidity_loss_d100_var_0_99,importance_sampling,512,0.99,VaR,true,1.4436030000979372,0.0014507500000000562,0.0411177696862614,CPU_INTERNAL_FRONTIER_CANDIDATE,true,fastest_passing_internal_envelope
discontinuous_liquidity_loss_d100_es_0_99,importance_sampling,512,0.99,ES,true,1.4436030000979372,0.0014507500000000562,0.03031141010461259,CPU_INTERNAL_FRONTIER_CANDIDATE,true,fastest_passing_internal_envelope
discontinuous_liquidity_loss_d100_var_0_995,importance_sampling,512,0.995,VaR,true,1.4436030000979372,0.0014507500000000562,0.03347244661953101,CPU_INTERNAL_FRONTIER_CANDIDATE,true,fastest_passing_internal_envelope
discontinuous_liquidity_loss_d100_es_0_995,importance_sampling,512,0.995,ES,true,1.4436030000979372,0.0014507500000000562,0.027263597679115546,CPU_INTERNAL_FRONTIER_CANDIDATE,true,fastest_passing_internal_envelope
discontinuous_liquidity_loss_d100_var_0_999,importance_sampling,512,0.999,VaR,true,1.4436030000979372,0.0014507500000000562,0.027169942773365492,CPU_INTERNAL_FRONTIER_CANDIDATE,true,fastest_passing_internal_envelope
discontinuous_liquidity_loss_d100_es_0_999,importance_sampling,512,0.999,ES,true,1.4436030000979372,0.0014507500000000562,0.08704163448710599,CPU_INTERNAL_FRONTIER_CANDIDATE,true,fastest_passing_internal_envelope
discontinuous_liquidity_loss_d100_var_0_9995,importance_sampling,512,0.9995,VaR,true,1.4436030000979372,0.0014507500000000562,0.02829698707203458,CPU_INTERNAL_FRONTIER_CANDIDATE,true,fastest_passing_internal_envelope
discontinuous_liquidity_loss_d100_es_0_9995,antithetic_mc,2048,0.9995,ES,true,2.5407160001122975,0.002547186000001034,0.09308565675764477,CPU_INTERNAL_FRONTIER_CANDIDATE,true,fastest_passing_internal_envelope
discontinuous_liquidity_loss_d100_var_0_9999,antithetic_mc,2048,0.9999,VaR,true,2.5407160001122975,0.002547186000001034,0.09784056931299263,CPU_INTERNAL_FRONTIER_CANDIDATE,true,fastest_passing_internal_envelope
discontinuous_liquidity_loss_d100_es_0_9999,randomized_qmc,2048,0.9999,ES,false,18.831148999652214,0.018843080999999984,0.030543886203423142,NOT_ON_FRONTIER_INTERNAL_ENVELOPE_FAILED,false,no_cpu_candidate_passed_internal_envelope
discontinuous_liquidity_loss_d250_var_0_99,antithetic_mc,2048,0.99,VaR,true,6.111181000051147,0.006129683000001052,0.04752223594458282,CPU_INTERNAL_FRONTIER_CANDIDATE,true,fastest_passing_internal_envelope
discontinuous_liquidity_loss_d250_es_0_99,antithetic_mc,2048,0.99,ES,true,6.111181000051147,0.006129683000001052,0.0031282649461281454,CPU_INTERNAL_FRONTIER_CANDIDATE,true,fastest_passing_internal_envelope
discontinuous_liquidity_loss_d250_var_0_995,antithetic_mc,2048,0.995,VaR,true,6.111181000051147,0.006129683000001052,0.03321515574548273,CPU_INTERNAL_FRONTIER_CANDIDATE,true,fastest_passing_internal_envelope
discontinuous_liquidity_loss_d250_es_0_995,antithetic_mc,512,0.995,ES,true,1.8304459999853862,0.0018411120000010328,0.02075961310826319,CPU_INTERNAL_FRONTIER_CANDIDATE,true,fastest_passing_internal_envelope
discontinuous_liquidity_loss_d250_var_0_999,importance_sampling,512,0.999,VaR,true,2.8566089999912947,0.002869159999999482,0.03519110393368792,CPU_INTERNAL_FRONTIER_CANDIDATE,true,fastest_passing_internal_envelope
discontinuous_liquidity_loss_d250_es_0_999,importance_sampling,512,0.999,ES,true,2.8566089999912947,0.002869159999999482,0.0217554636988918,CPU_INTERNAL_FRONTIER_CANDIDATE,true,fastest_passing_internal_envelope
discontinuous_liquidity_loss_d250_var_0_9995,importance_sampling,512,0.9995,VaR,true,2.8566089999912947,0.002869159999999482,0.009276889598141158,CPU_INTERNAL_FRONTIER_CANDIDATE,true,fastest_passing_internal_envelope
discontinuous_liquidity_loss_d250_es_0_9995,importance_sampling,512,0.9995,ES,true,2.8566089999912947,0.002869159999999482,0.0039867767379823124,CPU_INTERNAL_FRONTIER_CANDIDATE,true,fastest_passing_internal_envelope
discontinuous_liquidity_loss_d250_var_0_9999,importance_sampling,512,0.9999,VaR,true,2.8566089999912947,0.002869159999999482,0.013964490928879766,CPU_INTERNAL_FRONTIER_CANDIDATE,true,fastest_passing_internal_envelope
discontinuous_liquidity_loss_d250_es_0_9999,importance_sampling,512,0.9999,ES,true,2.8566089999912947,0.002869159999999482,0.036686892273914196,CPU_INTERNAL_FRONTIER_CANDIDATE,true,fastest_passing_internal_envelope
discontinuous_liquidity_loss_d500_var_0_99,importance_sampling,512,0.99,VaR,true,4.90733199967508,0.00491607700000074,0.04121620996306774,CPU_INTERNAL_FRONTIER_CANDIDATE,true,fastest_passing_internal_envelope
discontinuous_liquidity_loss_d500_es_0_99,importance_sampling,512,0.99,ES,true,4.90733199967508,0.00491607700000074,0.03414321969661828,CPU_INTERNAL_FRONTIER_CANDIDATE,true,fastest_passing_internal_envelope
discontinuous_liquidity_loss_d500_var_0_995,importance_sampling,512,0.995,VaR,true,4.90733199967508,0.00491607700000074,0.03923485706833997,CPU_INTERNAL_FRONTIER_CANDIDATE,true,fastest_passing_internal_envelope
discontinuous_liquidity_loss_d500_es_0_995,importance_sampling,512,0.995,ES,true,4.90733199967508,0.00491607700000074,0.03179868118128879,CPU_INTERNAL_FRONTIER_CANDIDATE,true,fastest_passing_internal_envelope
discontinuous_liquidity_loss_d500_var_0_999,importance_sampling,512,0.999,VaR,true,4.90733199967508,0.00491607700000074,0.03222958404988376,CPU_INTERNAL_FRONTIER_CANDIDATE,true,fastest_passing_internal_envelope
discontinuous_liquidity_loss_d500_es_0_999,importance_sampling,512,0.999,ES,true,4.90733199967508,0.00491607700000074,0.019333146022318254,CPU_INTERNAL_FRONTIER_CANDIDATE,true,fastest_passing_internal_envelope
discontinuous_liquidity_loss_d500_var_0_9995,importance_sampling,512,0.9995,VaR,true,4.90733199967508,0.00491607700000074,0.0410551776722884,CPU_INTERNAL_FRONTIER_CANDIDATE,true,fastest_passing_internal_envelope
discontinuous_liquidity_loss_d500_es_0_9995,importance_sampling,512,0.9995,ES,true,4.90733199967508,0.00491607700000074,0.019507729884871025,CPU_INTERNAL_FRONTIER_CANDIDATE,true,fastest_passing_internal_envelope
discontinuous_liquidity_loss_d500_var_0_9999,importance_sampling,512,0.9999,VaR,true,4.90733199967508,0.00491607700000074,0.04464704364887313,CPU_INTERNAL_FRONTIER_CANDIDATE,true,fastest_passing_internal_envelope
discontinuous_liquidity_loss_d500_es_0_9999,importance_sampling,512,0.9999,ES,true,4.90733199967508,0.00491607700000074,0.040997079941661636,CPU_INTERNAL_FRONTIER_CANDIDATE,true,fastest_passing_internal_envelope
discontinuous_liquidity_loss_d1000_var_0_99,antithetic_mc,512,0.99,VaR,true,5.650831999901129,0.005660694000003019,0.03564009139192197,CPU_INTERNAL_FRONTIER_CANDIDATE,true,fastest_passing_internal_envelope
discontinuous_liquidity_loss_d1000_es_0_99,importance_sampling,512,0.99,ES,true,9.209886000007828,0.009228844000002567,0.04714280569802196,CPU_INTERNAL_FRONTIER_CANDIDATE,true,fastest_passing_internal_envelope
discontinuous_liquidity_loss_d1000_var_0_995,antithetic_mc,512,0.995,VaR,true,5.650831999901129,0.005660694000003019,0.017407600117069443,CPU_INTERNAL_FRONTIER_CANDIDATE,true,fastest_passing_internal_envelope
discontinuous_liquidity_loss_d1000_es_0_995,importance_sampling,512,0.995,ES,true,9.209886000007828,0.009228844000002567,0.037228924856710706,CPU_INTERNAL_FRONTIER_CANDIDATE,true,fastest_passing_internal_envelope
discontinuous_liquidity_loss_d1000_var_0_999,importance_sampling,512,0.999,VaR,true,9.209886000007828,0.009228844000002567,0.03653353462878624,CPU_INTERNAL_FRONTIER_CANDIDATE,true,fastest_passing_internal_envelope
discontinuous_liquidity_loss_d1000_es_0_999,importance_sampling,512,0.999,ES,true,9.209886000007828,0.009228844000002567,0.04891008978110469,CPU_INTERNAL_FRONTIER_CANDIDATE,true,fastest_passing_internal_envelope
discontinuous_liquidity_loss_d1000_var_0_9995,importance_sampling,512,0.9995,VaR,true,9.209886000007828,0.009228844000002567,0.04821147077644294,CPU_INTERNAL_FRONTIER_CANDIDATE,true,fastest_passing_internal_envelope
discontinuous_liquidity_loss_d1000_es_0_9995,importance_sampling,512,0.9995,ES,true,9.209886000007828,0.009228844000002567,0.07479268224635147,CPU_INTERNAL_FRONTIER_CANDIDATE,true,fastest_passing_internal_envelope
discontinuous_liquidity_loss_d1000_var_0_9999,importance_sampling,512,0.9999,VaR,true,9.209886000007828,0.009228844000002567,0.09951859960418213,CPU_INTERNAL_FRONTIER_CANDIDATE,true,fastest_passing_internal_envelope
discontinuous_liquidity_loss_d1000_es_0_9999,importance_sampling,512,0.9999,ES,true,9.209886000007828,0.009228844000002567,0.04615278636305305,CPU_INTERNAL_FRONTIER_CANDIDATE,true,fastest_passing_internal_envelope
near_singular_correlation_d100_var_0_99,antithetic_mc,512,0.99,VaR,true,0.8063979998951254,0.0008150580000005903,0.008273899034786841,CPU_INTERNAL_FRONTIER_CANDIDATE,true,fastest_passing_internal_envelope
near_singular_correlation_d100_es_0_99,importance_sampling,512,0.99,ES,true,1.1917789997824002,0.0011994490000013514,0.03538748409234789,CPU_INTERNAL_FRONTIER_CANDIDATE,true,fastest_passing_internal_envelope
near_singular_correlation_d100_var_0_995,antithetic_mc,512,0.995,VaR,true,0.8063979998951254,0.0008150580000005903,0.06017760738796695,CPU_INTERNAL_FRONTIER_CANDIDATE,true,fastest_passing_internal_envelope
near_singular_correlation_d100_es_0_995,importance_sampling,512,0.995,ES,true,1.1917789997824002,0.0011994490000013514,0.039254298982504446,CPU_INTERNAL_FRONTIER_CANDIDATE,true,fastest_passing_internal_envelope
near_singular_correlation_d100_var_0_999,importance_sampling,512,0.999,VaR,true,1.1917789997824002,0.0011994490000013514,0.02646764844687356,CPU_INTERNAL_FRONTIER_CANDIDATE,true,fastest_passing_internal_envelope
near_singular_correlation_d100_es_0_999,importance_sampling,512,0.999,ES,true,1.1917789997824002,0.0011994490000013514,0.04060036259296607,CPU_INTERNAL_FRONTIER_CANDIDATE,true,fastest_passing_internal_envelope
near_singular_correlation_d100_var_0_9995,importance_sampling,512,0.9995,VaR,true,1.1917789997824002,0.0011994490000013514,0.05469624937699531,CPU_INTERNAL_FRONTIER_CANDIDATE,true,fastest_passing_internal_envelope
near_singular_correlation_d100_es_0_9995,importance_sampling,512,0.9995,ES,true,1.1917789997824002,0.0011994490000013514,0.047521942064619106,CPU_INTERNAL_FRONTIER_CANDIDATE,true,fastest_passing_internal_envelope
near_singular_correlation_d100_var_0_9999,importance_sampling,512,0.9999,VaR,true,1.1917789997824002,0.0011994490000013514,0.05866198436446904,CPU_INTERNAL_FRONTIER_CANDIDATE,true,fastest_passing_internal_envelope
near_singular_correlation_d100_es_0_9999,importance_sampling,512,0.9999,ES,true,1.1917789997824002,0.0011994490000013514,0.0861544031619671,CPU_INTERNAL_FRONTIER_CANDIDATE,true,fastest_passing_internal_envelope
near_singular_correlation_d250_var_0_99,raw_mc,512,0.99,VaR,true,2.3892070003057597,0.002395150000001678,0.04696843391928307,CPU_INTERNAL_FRONTIER_CANDIDATE,true,fastest_passing_internal_envelope
near_singular_correlation_d250_es_0_99,antithetic_mc,512,0.99,ES,true,1.602074999937031,0.0016076349999991635,0.018934789326321852,CPU_INTERNAL_FRONTIER_CANDIDATE,true,fastest_passing_internal_envelope
near_singular_correlation_d250_var_0_995,antithetic_mc,512,0.995,VaR,true,1.602074999937031,0.0016076349999991635,0.02289886969952821,CPU_INTERNAL_FRONTIER_CANDIDATE,true,fastest_passing_internal_envelope
near_singular_correlation_d250_es_0_995,antithetic_mc,512,0.995,ES,true,1.602074999937031,0.0016076349999991635,0.06472744972083226,CPU_INTERNAL_FRONTIER_CANDIDATE,true,fastest_passing_internal_envelope
near_singular_correlation_d250_var_0_999,antithetic_mc,512,0.999,VaR,true,1.602074999937031,0.0016076349999991635,0.09670971642955488,CPU_INTERNAL_FRONTIER_CANDIDATE,true,fastest_passing_internal_envelope
near_singular_correlation_d250_es_0_999,importance_sampling,512,0.999,ES,true,5.006795000099373,0.005017988999998835,0.07006287551106004,CPU_INTERNAL_FRONTIER_CANDIDATE,true,fastest_passing_internal_envelope
near_singular_correlation_d250_var_0_9995,importance_sampling,512,0.9995,VaR,true,5.006795000099373,0.005017988999998835,0.059549380434004345,CPU_INTERNAL_FRONTIER_CANDIDATE,true,fastest_passing_internal_envelope
near_singular_correlation_d250_es_0_9995,importance_sampling,512,0.9995,ES,true,5.006795000099373,0.005017988999998835,0.08780952307623394,CPU_INTERNAL_FRONTIER_CANDIDATE,true,fastest_passing_internal_envelope
near_singular_correlation_d250_var_0_9999,importance_sampling,512,0.9999,VaR,true,5.006795000099373,0.005017988999998835,0.09558082235389695,CPU_INTERNAL_FRONTIER_CANDIDATE,true,fastest_passing_internal_envelope
near_singular_correlation_d250_es_0_9999,importance_sampling,512,0.9999,ES,false,5.006795000099373,0.005017988999998835,0.12623842601150181,NOT_ON_FRONTIER_INTERNAL_ENVELOPE_FAILED,false,no_cpu_candidate_passed_internal_envelope
near_singular_correlation_d500_var_0_99,raw_mc,512,0.99,VaR,true,4.399064000153885,0.004410679999999445,0.03998481884168327,CPU_INTERNAL_FRONTIER_CANDIDATE,true,fastest_passing_internal_envelope
near_singular_correlation_d500_es_0_99,importance_sampling,512,0.99,ES,true,6.347077000100398,0.006335207999999426,0.04617037039998468,CPU_INTERNAL_FRONTIER_CANDIDATE,true,fastest_passing_internal_envelope
near_singular_correlation_d500_var_0_995,raw_mc,512,0.995,VaR,true,4.399064000153885,0.004410679999999445,0.03092979430284891,CPU_INTERNAL_FRONTIER_CANDIDATE,true,fastest_passing_internal_envelope
near_singular_correlation_d500_es_0_995,importance_sampling,512,0.995,ES,true,6.347077000100398,0.006335207999999426,0.04575916251549263,CPU_INTERNAL_FRONTIER_CANDIDATE,true,fastest_passing_internal_envelope
near_singular_correlation_d500_var_0_999,importance_sampling,512,0.999,VaR,true,6.347077000100398,0.006335207999999426,0.069713450913475,CPU_INTERNAL_FRONTIER_CANDIDATE,true,fastest_passing_internal_envelope
near_singular_correlation_d500_es_0_999,importance_sampling,512,0.999,ES,true,6.347077000100398,0.006335207999999426,0.06911329254740589,CPU_INTERNAL_FRONTIER_CANDIDATE,true,fastest_passing_internal_envelope
near_singular_correlation_d500_var_0_9995,importance_sampling,512,0.9995,VaR,true,6.347077000100398,0.006335207999999426,0.05901657070696271,CPU_INTERNAL_FRONTIER_CANDIDATE,true,fastest_passing_internal_envelope
near_singular_correlation_d500_es_0_9995,importance_sampling,512,0.9995,ES,true,6.347077000100398,0.006335207999999426,0.07624093645595971,CPU_INTERNAL_FRONTIER_CANDIDATE,true,fastest_passing_internal_envelope
near_singular_correlation_d500_var_0_9999,antithetic_mc,2048,0.9999,VaR,true,12.133049000112806,0.01214669499999843,0.08589463590387608,CPU_INTERNAL_FRONTIER_CANDIDATE,true,fastest_passing_internal_envelope
near_singular_correlation_d500_es_0_9999,raw_mc,2048,0.9999,ES,false,17.17742399978306,0.017188248000000073,0.03366497625536437,NOT_ON_FRONTIER_INTERNAL_ENVELOPE_FAILED,false,no_cpu_candidate_passed_internal_envelope
near_singular_correlation_d1000_var_0_99,importance_sampling,512,0.99,VaR,true,8.95564899974488,0.008966842999999614,0.012860165991842129,CPU_INTERNAL_FRONTIER_CANDIDATE,true,fastest_passing_internal_envelope
near_singular_correlation_d1000_es_0_99,importance_sampling,512,0.99,ES,true,8.95564899974488,0.008966842999999614,0.003066482020427865,CPU_INTERNAL_FRONTIER_CANDIDATE,true,fastest_passing_internal_envelope
near_singular_correlation_d1000_var_0_995,importance_sampling,512,0.995,VaR,true,8.95564899974488,0.008966842999999614,0.0229764212175534,CPU_INTERNAL_FRONTIER_CANDIDATE,true,fastest_passing_internal_envelope
near_singular_correlation_d1000_es_0_995,importance_sampling,512,0.995,ES,true,8.95564899974488,0.008966842999999614,0.012136795699512733,CPU_INTERNAL_FRONTIER_CANDIDATE,true,fastest_passing_internal_envelope
near_singular_correlation_d1000_var_0_999,importance_sampling,512,0.999,VaR,true,8.95564899974488,0.008966842999999614,0.01413880979992972,CPU_INTERNAL_FRONTIER_CANDIDATE,true,fastest_passing_internal_envelope
near_singular_correlation_d1000_es_0_999,importance_sampling,512,0.999,ES,true,8.95564899974488,0.008966842999999614,0.020433245151069895,CPU_INTERNAL_FRONTIER_CANDIDATE,true,fastest_passing_internal_envelope
near_singular_correlation_d1000_var_0_9995,importance_sampling,512,0.9995,VaR,true,8.95564899974488,0.008966842999999614,0.028701749063277257,CPU_INTERNAL_FRONTIER_CANDIDATE,true,fastest_passing_internal_envelope
near_singular_correlation_d1000_es_0_9995,raw_mc,512,0.9995,ES,true,8.888396000202192,0.00890060799999759,0.07868984302494066,CPU_INTERNAL_FRONTIER_CANDIDATE,true,fastest_passing_internal_envelope
near_singular_correlation_d1000_var_0_9999,importance_sampling,512,0.9999,VaR,true,8.95564899974488,0.008966842999999614,0.014278154198756898,CPU_INTERNAL_FRONTIER_CANDIDATE,true,fastest_passing_internal_envelope
near_singular_correlation_d1000_es_0_9999,importance_sampling,512,0.9999,ES,true,8.95564899974488,0.008966842999999614,0.03525933086512639,CPU_INTERNAL_FRONTIER_CANDIDATE,true,fastest_passing_internal_envelope
