target_id,method_id,path_budget,all_repeats_within_internal_envelope,median_wall_ms_per_iter,median_gpu_energy_joules_per_iter,median_error_over_reference_abs,selected_for_gpu_internal_frontier,selection_reason
t_copula_heavy_tail_d100_var_0_99,gpu_raw_mc,2048,true,0.44983878004089234,0.03702947081303687,0.009527599748295675,true,fastest_passing_internal_envelope
t_copula_heavy_tail_d100_es_0_99,gpu_importance_sampling,512,true,0.49843157110611036,0.040670971562801736,0.08110690767525511,true,fastest_passing_internal_envelope
t_copula_heavy_tail_d100_var_0_995,gpu_raw_mc,2048,true,0.44983878004089234,0.03702947081303687,0.04321758322046365,true,fastest_passing_internal_envelope
t_copula_heavy_tail_d100_es_0_995,gpu_importance_sampling,512,true,0.49843157110611036,0.040670971562801736,0.0904531426641952,true,fastest_passing_internal_envelope
t_copula_heavy_tail_d100_var_0_999,gpu_antithetic_mc,2048,true,0.5767493629242243,0.04896972484912138,0.01927094161478487,true,fastest_passing_internal_envelope
t_copula_heavy_tail_d100_es_0_999,gpu_importance_sampling,2048,true,0.49142845657033646,0.04060266436840084,0.22180306936138247,true,fastest_passing_internal_envelope
t_copula_heavy_tail_d100_var_0_9995,gpu_importance_sampling,512,true,0.49843157110611036,0.040670971562801736,0.1966668037651697,true,fastest_passing_internal_envelope
t_copula_heavy_tail_d100_es_0_9995,gpu_raw_mc,2048,true,0.44983878004089234,0.03702947081303687,0.2778083038219312,true,fastest_passing_internal_envelope
t_copula_heavy_tail_d100_var_0_9999,gpu_randomized_qmc_cpu_sobol,512,false,4.753172021276228,0.3948215396691296,0.07452084987379066,false,no_gpu_candidate_passed_internal_envelope
t_copula_heavy_tail_d100_es_0_9999,gpu_raw_mc,512,false,0.44368781927695666,0.030544518456487892,0.2471654183288204,false,no_gpu_candidate_passed_internal_envelope
t_copula_heavy_tail_d250_var_0_99,gpu_importance_sampling,2048,true,0.4921141919643292,0.04083351505875484,0.029163867346371514,true,fastest_passing_internal_envelope
t_copula_heavy_tail_d250_es_0_99,gpu_importance_sampling,512,false,0.4906999288889185,0.040166509956201434,0.02534151588190092,false,no_gpu_candidate_passed_internal_envelope
t_copula_heavy_tail_d250_var_0_995,gpu_importance_sampling,512,true,0.4906999288889185,0.040166509956201434,0.03651346816553432,true,fastest_passing_internal_envelope
t_copula_heavy_tail_d250_es_0_995,gpu_raw_mc,2048,true,0.4454060141129396,0.03854156832384212,0.05441940443002001,true,fastest_passing_internal_envelope
t_copula_heavy_tail_d250_var_0_999,gpu_raw_mc,2048,true,0.4454060141129396,0.03854156832384212,0.010083932756275964,true,fastest_passing_internal_envelope
t_copula_heavy_tail_d250_es_0_999,gpu_raw_mc,2048,true,0.4454060141129396,0.03854156832384212,0.023610912483070227,true,fastest_passing_internal_envelope
t_copula_heavy_tail_d250_var_0_9995,gpu_raw_mc,2048,true,0.4454060141129396,0.03854156832384212,0.05851685009357206,true,fastest_passing_internal_envelope
t_copula_heavy_tail_d250_es_0_9995,gpu_raw_mc,2048,false,0.4454060141129396,0.03854156832384212,0.03717179473380204,false,no_gpu_candidate_passed_internal_envelope
t_copula_heavy_tail_d250_var_0_9999,gpu_raw_mc,2048,false,0.4454060141129396,0.03854156832384212,0.1174730765172519,false,no_gpu_candidate_passed_internal_envelope
t_copula_heavy_tail_d250_es_0_9999,gpu_raw_mc,2048,false,0.4454060141129396,0.03854156832384212,0.12045647187293108,false,no_gpu_candidate_passed_internal_envelope
t_copula_heavy_tail_d500_var_0_99,gpu_raw_mc,512,true,0.4441877505028618,0.03886739228459056,0.060211394454805986,true,fastest_passing_internal_envelope
t_copula_heavy_tail_d500_es_0_99,gpu_antithetic_mc,2048,true,0.5765899791120499,0.052398943673294,0.023573979247551155,true,fastest_passing_internal_envelope
t_copula_heavy_tail_d500_var_0_995,gpu_raw_mc,2048,false,0.44384288933623367,0.038943210353969075,0.011829799564714357,false,no_gpu_candidate_passed_internal_envelope
t_copula_heavy_tail_d500_es_0_995,gpu_importance_sampling,2048,true,0.49484079999979513,0.04162196479841183,0.06863705183265537,true,fastest_passing_internal_envelope
t_copula_heavy_tail_d500_var_0_999,gpu_importance_sampling,2048,true,0.49484079999979513,0.04162196479841183,0.07988791600996432,true,fastest_passing_internal_envelope
t_copula_heavy_tail_d500_es_0_999,gpu_antithetic_mc,2048,true,0.5765899791120499,0.052398943673294,0.07144731462670793,true,fastest_passing_internal_envelope
t_copula_heavy_tail_d500_var_0_9995,gpu_importance_sampling,2048,true,0.49484079999979513,0.04162196479841183,0.07159234600459406,true,fastest_passing_internal_envelope
t_copula_heavy_tail_d500_es_0_9995,gpu_antithetic_mc,2048,true,0.5765899791120499,0.052398943673294,0.08628900240770429,true,fastest_passing_internal_envelope
t_copula_heavy_tail_d500_var_0_9999,gpu_importance_sampling,2048,false,0.49484079999979513,0.04162196479841183,0.08135893478856827,false,no_gpu_candidate_passed_internal_envelope
t_copula_heavy_tail_d500_es_0_9999,gpu_importance_sampling,2048,false,0.49484079999979513,0.04162196479841183,0.12984331489137627,false,no_gpu_candidate_passed_internal_envelope
t_copula_heavy_tail_d1000_var_0_99,gpu_antithetic_mc,512,true,0.5840452052636561,0.05152384509622695,0.056297718084184586,true,fastest_passing_internal_envelope
t_copula_heavy_tail_d1000_es_0_99,gpu_raw_mc,2048,true,0.4461223709675492,0.04042469494733004,0.17625097947335158,true,fastest_passing_internal_envelope
t_copula_heavy_tail_d1000_var_0_995,gpu_raw_mc,512,true,0.4486855943208862,0.04018224955850757,0.09385052716186978,true,fastest_passing_internal_envelope
t_copula_heavy_tail_d1000_es_0_995,gpu_importance_sampling,2048,true,0.4904521263858569,0.041970064696517304,0.032285131525847645,true,fastest_passing_internal_envelope
t_copula_heavy_tail_d1000_var_0_999,gpu_raw_mc,2048,true,0.4461223709675492,0.04042469494733004,0.16703587785488905,true,fastest_passing_internal_envelope
t_copula_heavy_tail_d1000_es_0_999,gpu_importance_sampling,2048,true,0.4904521263858569,0.041970064696517304,0.11498418073526517,true,fastest_passing_internal_envelope
t_copula_heavy_tail_d1000_var_0_9995,gpu_importance_sampling,2048,true,0.4904521263858569,0.041970064696517304,0.08852869482721241,true,fastest_passing_internal_envelope
t_copula_heavy_tail_d1000_es_0_9995,gpu_importance_sampling,2048,true,0.4904521263858569,0.041970064696517304,0.08305205123725057,true,fastest_passing_internal_envelope
t_copula_heavy_tail_d1000_var_0_9999,gpu_importance_sampling,2048,true,0.4904521263858569,0.041970064696517304,0.25019216027862196,true,fastest_passing_internal_envelope
t_copula_heavy_tail_d1000_es_0_9999,gpu_raw_mc,2048,false,0.4461223709675492,0.04042469494733004,0.37954513657527,false,no_gpu_candidate_passed_internal_envelope
skewed_t_mixture_d100_var_0_99,gpu_raw_mc,2048,true,0.43415286640474965,0.037498372920543255,0.06950270263419024,true,fastest_passing_internal_envelope
skewed_t_mixture_d100_es_0_99,gpu_raw_mc,512,true,0.4333620625001089,0.039611991771907315,0.057639182868932576,true,fastest_passing_internal_envelope
skewed_t_mixture_d100_var_0_995,gpu_antithetic_mc,2048,true,0.5649466572893177,0.049495283727953025,0.06844034788293128,true,fastest_passing_internal_envelope
skewed_t_mixture_d100_es_0_995,gpu_raw_mc,512,false,0.4333620625001089,0.039611991771907315,0.03347329249317634,false,no_gpu_candidate_passed_internal_envelope
skewed_t_mixture_d100_var_0_999,gpu_importance_sampling,2048,false,0.4824885873361433,0.04057731827169275,0.02187493508360532,false,no_gpu_candidate_passed_internal_envelope
skewed_t_mixture_d100_es_0_999,gpu_importance_sampling,2048,false,0.4824885873361433,0.04057731827169275,0.11925935652026431,false,no_gpu_candidate_passed_internal_envelope
skewed_t_mixture_d100_var_0_9995,gpu_importance_sampling,2048,false,0.4824885873361433,0.04057731827169275,0.15949343389319487,false,no_gpu_candidate_passed_internal_envelope
skewed_t_mixture_d100_es_0_9995,gpu_antithetic_mc,2048,false,0.5649466572893177,0.049495283727953025,0.15927288328588934,false,no_gpu_candidate_passed_internal_envelope
skewed_t_mixture_d100_var_0_9999,gpu_antithetic_mc,2048,false,0.5649466572893177,0.049495283727953025,0.17046035038682747,false,no_gpu_candidate_passed_internal_envelope
skewed_t_mixture_d100_es_0_9999,gpu_antithetic_mc,2048,false,0.5649466572893177,0.049495283727953025,0.12697253090513058,false,no_gpu_candidate_passed_internal_envelope
skewed_t_mixture_d250_var_0_99,gpu_raw_mc,2048,true,0.43327050392173416,0.038012302510595314,0.021168646436287738,true,fastest_passing_internal_envelope
skewed_t_mixture_d250_es_0_99,gpu_randomized_qmc_cpu_sobol,2048,true,23.20532327272221,2.0407551135374775,0.10982552664821271,true,fastest_passing_internal_envelope
skewed_t_mixture_d250_var_0_995,gpu_raw_mc,512,true,0.43646366996046726,0.03798796562560706,0.04112066912405639,true,fastest_passing_internal_envelope
skewed_t_mixture_d250_es_0_995,gpu_randomized_qmc_cpu_sobol,512,true,10.832457476193927,0.912214547266514,0.057929569337572706,true,fastest_passing_internal_envelope
skewed_t_mixture_d250_var_0_999,gpu_randomized_qmc_cpu_sobol,512,false,10.832457476193927,0.912214547266514,0.05412463262250406,false,no_gpu_candidate_passed_internal_envelope
skewed_t_mixture_d250_es_0_999,gpu_randomized_qmc_cpu_sobol,512,true,10.832457476193927,0.912214547266514,0.048679325333298704,true,fastest_passing_internal_envelope
skewed_t_mixture_d250_var_0_9995,gpu_randomized_qmc_cpu_sobol,512,true,10.832457476193927,0.912214547266514,0.0750836525473495,true,fastest_passing_internal_envelope
skewed_t_mixture_d250_es_0_9995,gpu_randomized_qmc_cpu_sobol,512,true,10.832457476193927,0.912214547266514,0.11219844593530173,true,fastest_passing_internal_envelope
skewed_t_mixture_d250_var_0_9999,gpu_antithetic_mc,2048,false,0.5663857230770074,0.05079189884294104,0.115449860599202,false,no_gpu_candidate_passed_internal_envelope
skewed_t_mixture_d250_es_0_9999,gpu_randomized_qmc_cpu_sobol,2048,true,23.20532327272221,2.0407551135374775,0.05363982958235196,true,fastest_passing_internal_envelope
skewed_t_mixture_d500_var_0_99,gpu_raw_mc,512,true,0.43270138160465704,0.03832714265973474,0.0065483552359319585,true,fastest_passing_internal_envelope
skewed_t_mixture_d500_es_0_99,gpu_importance_sampling,512,true,0.49031981374750633,0.04117497080283655,0.012478686434018503,true,fastest_passing_internal_envelope
skewed_t_mixture_d500_var_0_995,gpu_raw_mc,2048,false,0.4397054741036347,0.039021756711743634,0.03217262465345506,false,no_gpu_candidate_passed_internal_envelope
skewed_t_mixture_d500_es_0_995,gpu_randomized_qmc_cpu_sobol,512,true,20.78613390910339,1.7944428686988303,0.10694380399404443,true,fastest_passing_internal_envelope
skewed_t_mixture_d500_var_0_999,gpu_randomized_qmc_cpu_sobol,512,true,20.78613390910339,1.7944428686988303,0.03869098631073157,true,fastest_passing_internal_envelope
skewed_t_mixture_d500_es_0_999,gpu_randomized_qmc_cpu_sobol,512,true,20.78613390910339,1.7944428686988303,0.11469373064070566,true,fastest_passing_internal_envelope
skewed_t_mixture_d500_var_0_9995,gpu_randomized_qmc_cpu_sobol,512,true,20.78613390910339,1.7944428686988303,0.06286040159202969,true,fastest_passing_internal_envelope
skewed_t_mixture_d500_es_0_9995,gpu_importance_sampling,512,true,0.49031981374750633,0.04117497080283655,0.04453008836995329,true,fastest_passing_internal_envelope
skewed_t_mixture_d500_var_0_9999,gpu_importance_sampling,512,false,0.49031981374750633,0.04117497080283655,0.06346881981969373,false,no_gpu_candidate_passed_internal_envelope
skewed_t_mixture_d500_es_0_9999,gpu_raw_mc,2048,false,0.4397054741036347,0.039021756711743634,0.17454551879463537,false,no_gpu_candidate_passed_internal_envelope
skewed_t_mixture_d1000_var_0_99,gpu_raw_mc,2048,true,0.43394505118118737,0.03950730003170564,0.006253038931503937,true,fastest_passing_internal_envelope
skewed_t_mixture_d1000_es_0_99,gpu_importance_sampling,512,true,0.4805985173912513,0.04047522235062578,0.04767056174223214,true,fastest_passing_internal_envelope
skewed_t_mixture_d1000_var_0_995,gpu_raw_mc,2048,true,0.43394505118118737,0.03950730003170564,0.032381026915259375,true,fastest_passing_internal_envelope
skewed_t_mixture_d1000_es_0_995,gpu_importance_sampling,512,true,0.4805985173912513,0.04047522235062578,0.0229263901193277,true,fastest_passing_internal_envelope
skewed_t_mixture_d1000_var_0_999,gpu_importance_sampling,512,true,0.4805985173912513,0.04047522235062578,0.03752264970477924,true,fastest_passing_internal_envelope
skewed_t_mixture_d1000_es_0_999,gpu_importance_sampling,512,true,0.4805985173912513,0.04047522235062578,0.12115887005077125,true,fastest_passing_internal_envelope
skewed_t_mixture_d1000_var_0_9995,gpu_antithetic_mc,2048,true,0.6006856720865117,0.05801695158340509,0.11720921659340931,true,fastest_passing_internal_envelope
skewed_t_mixture_d1000_es_0_9995,gpu_importance_sampling,512,false,0.4805985173912513,0.04047522235062578,0.1491369935865715,false,no_gpu_candidate_passed_internal_envelope
skewed_t_mixture_d1000_var_0_9999,gpu_importance_sampling,512,false,0.4805985173912513,0.04047522235062578,0.11331462076074764,false,no_gpu_candidate_passed_internal_envelope
skewed_t_mixture_d1000_es_0_9999,gpu_raw_mc,2048,false,0.43394505118118737,0.03950730003170564,0.17112632003125416,false,no_gpu_candidate_passed_internal_envelope
merton_jump_diffusion_d100_var_0_99,gpu_raw_mc,2048,true,0.40963881447118494,0.035652977885982325,0.05814204526995884,true,fastest_passing_internal_envelope
merton_jump_diffusion_d100_es_0_99,gpu_antithetic_mc,2048,false,0.5586435518989099,0.048035444157009735,0.05944058840437321,false,no_gpu_candidate_passed_internal_envelope
merton_jump_diffusion_d100_var_0_995,gpu_antithetic_mc,2048,true,0.5586435518989099,0.048035444157009735,0.038090619514659606,true,fastest_passing_internal_envelope
merton_jump_diffusion_d100_es_0_995,gpu_randomized_qmc_cpu_sobol,512,false,4.9224971999996745,0.4179062001362048,0.050752851126825864,false,no_gpu_candidate_passed_internal_envelope
merton_jump_diffusion_d100_var_0_999,gpu_randomized_qmc_cpu_sobol,512,false,4.9224971999996745,0.4179062001362048,0.03952733460290439,false,no_gpu_candidate_passed_internal_envelope
merton_jump_diffusion_d100_es_0_999,gpu_randomized_qmc_cpu_sobol,512,false,4.9224971999996745,0.4179062001362048,0.1403187704359346,false,no_gpu_candidate_passed_internal_envelope
merton_jump_diffusion_d100_var_0_9995,gpu_importance_sampling,2048,false,0.45772958799144,0.03845407301425173,0.11126588259552107,false,no_gpu_candidate_passed_internal_envelope
merton_jump_diffusion_d100_es_0_9995,gpu_raw_mc,2048,false,0.40963881447118494,0.035652977885982325,0.20797689224804264,false,no_gpu_candidate_passed_internal_envelope
merton_jump_diffusion_d100_var_0_9999,gpu_importance_sampling,512,false,0.4598974854166234,0.03832176249330983,0.18909912189531167,false,no_gpu_candidate_passed_internal_envelope
merton_jump_diffusion_d100_es_0_9999,gpu_raw_mc,2048,false,0.40963881447118494,0.035652977885982325,0.1908845098533608,false,no_gpu_candidate_passed_internal_envelope
merton_jump_diffusion_d250_var_0_99,gpu_antithetic_mc,2048,true,0.5426248353810468,0.04910299378588008,0.0373123692399068,true,fastest_passing_internal_envelope
merton_jump_diffusion_d250_es_0_99,gpu_raw_mc,2048,true,0.4084340591497311,0.03574838265485503,0.06665062543940034,true,fastest_passing_internal_envelope
merton_jump_diffusion_d250_var_0_995,gpu_randomized_qmc_cpu_sobol,2048,true,21.287835636361375,1.8699937943976983,0.032061114954923614,true,fastest_passing_internal_envelope
merton_jump_diffusion_d250_es_0_995,gpu_raw_mc,2048,true,0.4084340591497311,0.03574838265485503,0.024673535005078406,true,fastest_passing_internal_envelope
merton_jump_diffusion_d250_var_0_999,gpu_raw_mc,2048,true,0.4084340591497311,0.03574838265485503,0.015800503657453002,true,fastest_passing_internal_envelope
merton_jump_diffusion_d250_es_0_999,gpu_randomized_qmc_cpu_sobol,2048,true,21.287835636361375,1.8699937943976983,0.021110957845501436,true,fastest_passing_internal_envelope
merton_jump_diffusion_d250_var_0_9995,gpu_antithetic_mc,2048,true,0.5426248353810468,0.04910299378588008,0.017712477386041578,true,fastest_passing_internal_envelope
merton_jump_diffusion_d250_es_0_9995,gpu_randomized_qmc_cpu_sobol,2048,false,21.287835636361375,1.8699937943976983,0.08933517559943886,false,no_gpu_candidate_passed_internal_envelope
merton_jump_diffusion_d250_var_0_9999,gpu_randomized_qmc_cpu_sobol,2048,false,21.287835636361375,1.8699937943976983,0.11471614221308855,false,no_gpu_candidate_passed_internal_envelope
merton_jump_diffusion_d250_es_0_9999,gpu_importance_sampling,2048,true,0.45921707484388863,0.039046494039188875,0.11784491664562975,true,fastest_passing_internal_envelope
merton_jump_diffusion_d500_var_0_99,gpu_raw_mc,2048,true,0.4071038763837229,0.036445497016497436,0.02706600206798632,true,fastest_passing_internal_envelope
merton_jump_diffusion_d500_es_0_99,gpu_raw_mc,512,true,0.40685613812146854,0.03623980651680576,0.05675979786118611,true,fastest_passing_internal_envelope
merton_jump_diffusion_d500_var_0_995,gpu_raw_mc,2048,true,0.4071038763837229,0.036445497016497436,0.03840968517578904,true,fastest_passing_internal_envelope
merton_jump_diffusion_d500_es_0_995,gpu_raw_mc,512,true,0.40685613812146854,0.03623980651680576,0.06688316767290012,true,fastest_passing_internal_envelope
merton_jump_diffusion_d500_var_0_999,gpu_raw_mc,512,true,0.40685613812146854,0.03623980651680576,0.08487133143883654,true,fastest_passing_internal_envelope
merton_jump_diffusion_d500_es_0_999,gpu_raw_mc,2048,false,0.4071038763837229,0.036445497016497436,0.04313744129568259,false,no_gpu_candidate_passed_internal_envelope
merton_jump_diffusion_d500_var_0_9995,gpu_raw_mc,512,false,0.40685613812146854,0.03623980651680576,0.06291755665615635,false,no_gpu_candidate_passed_internal_envelope
merton_jump_diffusion_d500_es_0_9995,gpu_randomized_qmc_cpu_sobol,2048,false,42.82162533335546,3.8296277946370965,0.003062638194268006,false,no_gpu_candidate_passed_internal_envelope
merton_jump_diffusion_d500_var_0_9999,gpu_randomized_qmc_cpu_sobol,2048,false,42.82162533335546,3.8296277946370965,0.10656097146720406,false,no_gpu_candidate_passed_internal_envelope
merton_jump_diffusion_d500_es_0_9999,gpu_randomized_qmc_cpu_sobol,2048,false,42.82162533335546,3.8296277946370965,0.16482385184880485,false,no_gpu_candidate_passed_internal_envelope
merton_jump_diffusion_d1000_var_0_99,gpu_antithetic_mc,2048,true,0.577449065104337,0.05670525257737132,0.05946600503543388,true,fastest_passing_internal_envelope
merton_jump_diffusion_d1000_es_0_99,gpu_antithetic_mc,512,true,0.5474640495051944,0.04909590656576994,0.028923382791479733,true,fastest_passing_internal_envelope
merton_jump_diffusion_d1000_var_0_995,gpu_raw_mc,2048,true,0.4049876110090127,0.03735030172619863,0.053550126864288734,true,fastest_passing_internal_envelope
merton_jump_diffusion_d1000_es_0_995,gpu_raw_mc,512,true,0.40586828676476433,0.036973511176748464,0.12684113769306077,true,fastest_passing_internal_envelope
merton_jump_diffusion_d1000_var_0_999,gpu_raw_mc,512,true,0.40586828676476433,0.036973511176748464,0.15544756861276993,true,fastest_passing_internal_envelope
merton_jump_diffusion_d1000_es_0_999,gpu_raw_mc,2048,false,0.4049876110090127,0.03735030172619863,0.05375292054948052,false,no_gpu_candidate_passed_internal_envelope
merton_jump_diffusion_d1000_var_0_9995,gpu_antithetic_mc,2048,true,0.577449065104337,0.05670525257737132,0.1612686240872497,true,fastest_passing_internal_envelope
merton_jump_diffusion_d1000_es_0_9995,gpu_raw_mc,2048,false,0.4049876110090127,0.03735030172619863,0.12786291884290027,false,no_gpu_candidate_passed_internal_envelope
merton_jump_diffusion_d1000_var_0_9999,gpu_raw_mc,2048,false,0.4049876110090127,0.03735030172619863,0.1731446124646383,false,no_gpu_candidate_passed_internal_envelope
merton_jump_diffusion_d1000_es_0_9999,gpu_raw_mc,2048,false,0.4049876110090127,0.03735030172619863,0.3246928540619772,false,no_gpu_candidate_passed_internal_envelope
hawkes_clustered_jumps_d100_var_0_99,gpu_raw_mc,2048,true,0.4628313702926763,0.04039562396399911,0.06385432236456198,true,fastest_passing_internal_envelope
hawkes_clustered_jumps_d100_es_0_99,gpu_raw_mc,2048,true,0.4628313702926763,0.04039562396399911,0.017029725505920666,true,fastest_passing_internal_envelope
hawkes_clustered_jumps_d100_var_0_995,gpu_antithetic_mc,2048,true,0.6005302907607055,0.052816937255898685,0.10850579166580626,true,fastest_passing_internal_envelope
hawkes_clustered_jumps_d100_es_0_995,gpu_antithetic_mc,2048,true,0.6005302907607055,0.052816937255898685,0.10062016610013423,true,fastest_passing_internal_envelope
hawkes_clustered_jumps_d100_var_0_999,gpu_randomized_qmc_cpu_sobol,512,true,4.800673456518622,0.4078825088124288,0.04875982402192605,true,fastest_passing_internal_envelope
hawkes_clustered_jumps_d100_es_0_999,gpu_importance_sampling,2048,true,0.5110536412036869,0.0432998302383296,0.07130492376877245,true,fastest_passing_internal_envelope
hawkes_clustered_jumps_d100_var_0_9995,gpu_importance_sampling,2048,true,0.5110536412036869,0.0432998302383296,0.04500855471398758,true,fastest_passing_internal_envelope
hawkes_clustered_jumps_d100_es_0_9995,gpu_importance_sampling,2048,true,0.5110536412036869,0.0432998302383296,0.10389674321908501,true,fastest_passing_internal_envelope
hawkes_clustered_jumps_d100_var_0_9999,gpu_antithetic_mc,2048,true,0.6005302907607055,0.052816937255898685,0.12590969620477324,true,fastest_passing_internal_envelope
hawkes_clustered_jumps_d100_es_0_9999,gpu_antithetic_mc,2048,false,0.6005302907607055,0.052816937255898685,0.1795767596434291,false,no_gpu_candidate_passed_internal_envelope
hawkes_clustered_jumps_d250_var_0_99,gpu_antithetic_mc,2048,true,0.5942141886792507,0.0536475037688731,0.060059401993890094,true,fastest_passing_internal_envelope
hawkes_clustered_jumps_d250_es_0_99,gpu_antithetic_mc,2048,true,0.5942141886792507,0.0536475037688731,0.04370654268963635,true,fastest_passing_internal_envelope
hawkes_clustered_jumps_d250_var_0_995,gpu_antithetic_mc,2048,true,0.5942141886792507,0.0536475037688731,0.021043128211234618,true,fastest_passing_internal_envelope
hawkes_clustered_jumps_d250_es_0_995,gpu_randomized_qmc_cpu_sobol,2048,true,21.13900272727485,1.8509313114213386,0.10239807405985159,true,fastest_passing_internal_envelope
hawkes_clustered_jumps_d250_var_0_999,gpu_raw_mc,512,false,0.4604239937497331,0.04018137391660816,0.05185270385040433,false,no_gpu_candidate_passed_internal_envelope
hawkes_clustered_jumps_d250_es_0_999,gpu_raw_mc,2048,false,0.4616688496870113,0.04081772945284763,0.023741896349256008,false,no_gpu_candidate_passed_internal_envelope
hawkes_clustered_jumps_d250_var_0_9995,gpu_raw_mc,512,false,0.4604239937497331,0.04018137391660816,0.07062286945889036,false,no_gpu_candidate_passed_internal_envelope
hawkes_clustered_jumps_d250_es_0_9995,gpu_importance_sampling,512,true,0.5077711520733983,0.042754724522883834,0.09509954058672333,true,fastest_passing_internal_envelope
hawkes_clustered_jumps_d250_var_0_9999,gpu_importance_sampling,2048,true,0.5135300440835041,0.04361627279995001,0.04155193119102213,true,fastest_passing_internal_envelope
hawkes_clustered_jumps_d250_es_0_9999,gpu_importance_sampling,2048,true,0.5135300440835041,0.04361627279995001,0.12080486499074569,true,fastest_passing_internal_envelope
hawkes_clustered_jumps_d500_var_0_99,gpu_antithetic_mc,2048,true,0.6014284809784048,0.055099473881245295,0.07300363484780906,true,fastest_passing_internal_envelope
hawkes_clustered_jumps_d500_es_0_99,gpu_raw_mc,2048,false,0.46748738054991124,0.04183061757531421,0.039124894111043355,false,no_gpu_candidate_passed_internal_envelope
hawkes_clustered_jumps_d500_var_0_995,gpu_raw_mc,2048,true,0.46748738054991124,0.04183061757531421,0.04206413489032325,true,fastest_passing_internal_envelope
hawkes_clustered_jumps_d500_es_0_995,gpu_importance_sampling,2048,false,0.5126623967517737,0.04417696527119172,0.02317777871288722,false,no_gpu_candidate_passed_internal_envelope
hawkes_clustered_jumps_d500_var_0_999,gpu_importance_sampling,2048,true,0.5126623967517737,0.04417696527119172,0.09989853037452756,true,fastest_passing_internal_envelope
hawkes_clustered_jumps_d500_es_0_999,gpu_antithetic_mc,2048,true,0.6014284809784048,0.055099473881245295,0.03911059704381234,true,fastest_passing_internal_envelope
hawkes_clustered_jumps_d500_var_0_9995,gpu_antithetic_mc,2048,true,0.6014284809784048,0.055099473881245295,0.0791881343200467,true,fastest_passing_internal_envelope
hawkes_clustered_jumps_d500_es_0_9995,gpu_antithetic_mc,2048,true,0.6014284809784048,0.055099473881245295,0.0263395687176729,true,fastest_passing_internal_envelope
hawkes_clustered_jumps_d500_var_0_9999,gpu_antithetic_mc,2048,false,0.6014284809784048,0.055099473881245295,0.02981553867351407,false,no_gpu_candidate_passed_internal_envelope
hawkes_clustered_jumps_d500_es_0_9999,gpu_importance_sampling,2048,false,0.5126623967517737,0.04417696527119172,0.09137954279395046,false,no_gpu_candidate_passed_internal_envelope
hawkes_clustered_jumps_d1000_var_0_99,gpu_antithetic_mc,512,true,0.6035543497271726,0.05421665886073466,0.0885211052282221,true,fastest_passing_internal_envelope
hawkes_clustered_jumps_d1000_es_0_99,gpu_randomized_qmc_cpu_sobol,512,false,40.17165449999993,3.4905758998611556,0.020343018914235504,false,no_gpu_candidate_passed_internal_envelope
hawkes_clustered_jumps_d1000_var_0_995,gpu_raw_mc,2048,true,0.46728244303808364,0.04307064499128682,0.05899264431605504,true,fastest_passing_internal_envelope
hawkes_clustered_jumps_d1000_es_0_995,gpu_raw_mc,2048,false,0.46728244303808364,0.04307064499128682,0.04317399643830255,false,no_gpu_candidate_passed_internal_envelope
hawkes_clustered_jumps_d1000_var_0_999,gpu_importance_sampling,2048,true,0.516034951048732,0.045030520990631706,0.06288034765275494,true,fastest_passing_internal_envelope
hawkes_clustered_jumps_d1000_es_0_999,gpu_raw_mc,2048,false,0.46728244303808364,0.04307064499128682,0.11361295997356938,false,no_gpu_candidate_passed_internal_envelope
hawkes_clustered_jumps_d1000_var_0_9995,gpu_raw_mc,2048,false,0.46728244303808364,0.04307064499128682,0.13497040509647107,false,no_gpu_candidate_passed_internal_envelope
hawkes_clustered_jumps_d1000_es_0_9995,gpu_raw_mc,2048,true,0.46728244303808364,0.04307064499128682,0.13688507092135715,true,fastest_passing_internal_envelope
hawkes_clustered_jumps_d1000_var_0_9999,gpu_raw_mc,2048,false,0.46728244303808364,0.04307064499128682,0.03806391563568977,false,no_gpu_candidate_passed_internal_envelope
hawkes_clustered_jumps_d1000_es_0_9999,gpu_raw_mc,2048,false,0.46728244303808364,0.04307064499128682,0.22062625924953366,false,no_gpu_candidate_passed_internal_envelope
regime_switching_volatility_d100_var_0_99,gpu_raw_mc,512,true,0.3683878849998715,0.03425856989403552,0.040847411692836955,true,fastest_passing_internal_envelope
regime_switching_volatility_d100_es_0_99,gpu_raw_mc,512,true,0.3683878849998715,0.03425856989403552,0.04940696820790897,true,fastest_passing_internal_envelope
regime_switching_volatility_d100_var_0_995,gpu_importance_sampling,2048,true,0.41330320224697337,0.035576331324315674,0.049355691604991224,true,fastest_passing_internal_envelope
regime_switching_volatility_d100_es_0_995,gpu_raw_mc,512,true,0.3683878849998715,0.03425856989403552,0.06796071810434784,true,fastest_passing_internal_envelope
regime_switching_volatility_d100_var_0_999,gpu_raw_mc,2048,true,0.3701652110552005,0.03301826141012764,0.050042411450496566,true,fastest_passing_internal_envelope
regime_switching_volatility_d100_es_0_999,gpu_importance_sampling,2048,true,0.41330320224697337,0.035576331324315674,0.05916550018467491,true,fastest_passing_internal_envelope
regime_switching_volatility_d100_var_0_9995,gpu_raw_mc,2048,true,0.3701652110552005,0.03301826141012764,0.08713894621642898,true,fastest_passing_internal_envelope
regime_switching_volatility_d100_es_0_9995,gpu_importance_sampling,2048,true,0.41330320224697337,0.035576331324315674,0.09181250888168621,true,fastest_passing_internal_envelope
regime_switching_volatility_d100_var_0_9999,gpu_randomized_qmc_cpu_sobol,2048,false,8.996786719999363,0.7853530862075417,0.03330334198732927,false,no_gpu_candidate_passed_internal_envelope
regime_switching_volatility_d100_es_0_9999,gpu_randomized_qmc_cpu_sobol,2048,false,8.996786719999363,0.7853530862075417,0.04640022173759099,false,no_gpu_candidate_passed_internal_envelope
regime_switching_volatility_d250_var_0_99,gpu_raw_mc,2048,true,0.3668082745423003,0.03311364615114263,0.02722032720229129,true,fastest_passing_internal_envelope
regime_switching_volatility_d250_es_0_99,gpu_importance_sampling,512,false,0.4162943314500729,0.03554720733295043,0.04970315444501391,false,no_gpu_candidate_passed_internal_envelope
regime_switching_volatility_d250_var_0_995,gpu_raw_mc,2048,true,0.3668082745423003,0.03311364615114263,0.07024823017985345,true,fastest_passing_internal_envelope
regime_switching_volatility_d250_es_0_995,gpu_importance_sampling,512,true,0.4162943314500729,0.03554720733295043,0.062039804438574146,true,fastest_passing_internal_envelope
regime_switching_volatility_d250_var_0_999,gpu_importance_sampling,2048,true,0.4145610958645173,0.035940270381576794,0.05322706350207952,true,fastest_passing_internal_envelope
regime_switching_volatility_d250_es_0_999,gpu_importance_sampling,512,false,0.4162943314500729,0.03554720733295043,0.08658167946638684,false,no_gpu_candidate_passed_internal_envelope
regime_switching_volatility_d250_var_0_9995,gpu_antithetic_mc,2048,false,0.4978406320541689,0.04605308411919109,0.02832692290609919,false,no_gpu_candidate_passed_internal_envelope
regime_switching_volatility_d250_es_0_9995,gpu_raw_mc,2048,false,0.3668082745423003,0.03311364615114263,0.12837523156135255,false,no_gpu_candidate_passed_internal_envelope
regime_switching_volatility_d250_var_0_9999,gpu_raw_mc,2048,false,0.3668082745423003,0.03311364615114263,0.10882318367126566,false,no_gpu_candidate_passed_internal_envelope
regime_switching_volatility_d250_es_0_9999,gpu_raw_mc,2048,false,0.3668082745423003,0.03311364615114263,0.0882818226961521,false,no_gpu_candidate_passed_internal_envelope
regime_switching_volatility_d500_var_0_99,gpu_raw_mc,2048,true,0.3674989833333105,0.03378795062473038,0.06476355557422701,true,fastest_passing_internal_envelope
regime_switching_volatility_d500_es_0_99,gpu_raw_mc,2048,true,0.3674989833333105,0.03378795062473038,0.005376060537117472,true,fastest_passing_internal_envelope
regime_switching_volatility_d500_var_0_995,gpu_raw_mc,2048,true,0.3674989833333105,0.03378795062473038,0.017136909277494998,true,fastest_passing_internal_envelope
regime_switching_volatility_d500_es_0_995,gpu_antithetic_mc,2048,true,0.49682451685430856,0.04729181686868547,0.07154771750485459,true,fastest_passing_internal_envelope
regime_switching_volatility_d500_var_0_999,gpu_raw_mc,2048,true,0.3674989833333105,0.03378795062473038,0.08477934840854864,true,fastest_passing_internal_envelope
regime_switching_volatility_d500_es_0_999,gpu_antithetic_mc,2048,true,0.49682451685430856,0.04729181686868547,0.06362078718572295,true,fastest_passing_internal_envelope
regime_switching_volatility_d500_var_0_9995,gpu_antithetic_mc,2048,true,0.49682451685430856,0.04729181686868547,0.049573916014285256,true,fastest_passing_internal_envelope
regime_switching_volatility_d500_es_0_9995,gpu_raw_mc,512,true,0.36483894380144793,0.033338840243804437,0.03868999475613342,true,fastest_passing_internal_envelope
regime_switching_volatility_d500_var_0_9999,gpu_raw_mc,512,true,0.36483894380144793,0.033338840243804437,0.0766319180801601,true,fastest_passing_internal_envelope
regime_switching_volatility_d500_es_0_9999,gpu_importance_sampling,2048,false,0.41093139292379033,0.03606822042146822,0.11258311286073108,false,no_gpu_candidate_passed_internal_envelope
regime_switching_volatility_d1000_var_0_99,gpu_raw_mc,2048,true,0.36951494147171343,0.03504314319169361,0.0659809248795038,true,fastest_passing_internal_envelope
regime_switching_volatility_d1000_es_0_99,gpu_raw_mc,2048,true,0.36951494147171343,0.03504314319169361,0.057032727050210404,true,fastest_passing_internal_envelope
regime_switching_volatility_d1000_var_0_995,gpu_raw_mc,2048,true,0.36951494147171343,0.03504314319169361,0.035994466641370314,true,fastest_passing_internal_envelope
regime_switching_volatility_d1000_es_0_995,gpu_raw_mc,2048,true,0.36951494147171343,0.03504314319169361,0.06398110577800833,true,fastest_passing_internal_envelope
regime_switching_volatility_d1000_var_0_999,gpu_raw_mc,2048,true,0.36951494147171343,0.03504314319169361,0.06657185405745703,true,fastest_passing_internal_envelope
regime_switching_volatility_d1000_es_0_999,gpu_importance_sampling,512,true,0.41741294707025756,0.03590427524807185,0.03701019371099244,true,fastest_passing_internal_envelope
regime_switching_volatility_d1000_var_0_9995,gpu_raw_mc,2048,true,0.36951494147171343,0.03504314319169361,0.06567909135648119,true,fastest_passing_internal_envelope
regime_switching_volatility_d1000_es_0_9995,gpu_importance_sampling,512,true,0.41741294707025756,0.03590427524807185,0.02649236106220044,true,fastest_passing_internal_envelope
regime_switching_volatility_d1000_var_0_9999,gpu_importance_sampling,512,true,0.41741294707025756,0.03590427524807185,0.027780437649955355,true,fastest_passing_internal_envelope
regime_switching_volatility_d1000_es_0_9999,gpu_importance_sampling,512,true,0.41741294707025756,0.03590427524807185,0.021399478514674906,true,fastest_passing_internal_envelope
default_mixture_common_factor_d100_var_0_99,gpu_raw_mc,2048,true,0.4794456095444368,0.04308331026808642,0.013903470926903654,true,fastest_passing_internal_envelope
default_mixture_common_factor_d100_es_0_99,gpu_raw_mc,2048,true,0.4794456095444368,0.04308331026808642,0.0214177593316125,true,fastest_passing_internal_envelope
default_mixture_common_factor_d100_var_0_995,gpu_raw_mc,2048,true,0.4794456095444368,0.04308331026808642,0.0517307080374568,true,fastest_passing_internal_envelope
default_mixture_common_factor_d100_es_0_995,gpu_raw_mc,2048,true,0.4794456095444368,0.04308331026808642,0.016511886502419325,true,fastest_passing_internal_envelope
default_mixture_common_factor_d100_var_0_999,gpu_antithetic_mc,512,false,0.6118383047089632,0.05441656130423316,0.07007458480884542,false,no_gpu_candidate_passed_internal_envelope
default_mixture_common_factor_d100_es_0_999,gpu_raw_mc,2048,true,0.4794456095444368,0.04308331026808642,0.031536527247036865,true,fastest_passing_internal_envelope
default_mixture_common_factor_d100_var_0_9995,gpu_raw_mc,2048,true,0.4794456095444368,0.04308331026808642,0.06365324302688047,true,fastest_passing_internal_envelope
default_mixture_common_factor_d100_es_0_9995,gpu_raw_mc,2048,true,0.4794456095444368,0.04308331026808642,0.051470066311324024,true,fastest_passing_internal_envelope
default_mixture_common_factor_d100_var_0_9999,gpu_raw_mc,2048,true,0.4794456095444368,0.04308331026808642,0.018246409467958274,true,fastest_passing_internal_envelope
default_mixture_common_factor_d100_es_0_9999,gpu_raw_mc,2048,true,0.4794456095444368,0.04308331026808642,0.014673703429008334,true,fastest_passing_internal_envelope
default_mixture_common_factor_d250_var_0_99,gpu_raw_mc,2048,true,0.4786783679653571,0.04375897891001619,0.07348399689442357,true,fastest_passing_internal_envelope
default_mixture_common_factor_d250_es_0_99,gpu_raw_mc,2048,true,0.4786783679653571,0.04375897891001619,0.017344265167788104,true,fastest_passing_internal_envelope
default_mixture_common_factor_d250_var_0_995,gpu_raw_mc,2048,true,0.4786783679653571,0.04375897891001619,0.0591469810826287,true,fastest_passing_internal_envelope
default_mixture_common_factor_d250_es_0_995,gpu_raw_mc,2048,true,0.4786783679653571,0.04375897891001619,0.03148293664429873,true,fastest_passing_internal_envelope
default_mixture_common_factor_d250_var_0_999,gpu_raw_mc,2048,true,0.4786783679653571,0.04375897891001619,0.06972958319951778,true,fastest_passing_internal_envelope
default_mixture_common_factor_d250_es_0_999,gpu_raw_mc,2048,true,0.4786783679653571,0.04375897891001619,0.06650979907440689,true,fastest_passing_internal_envelope
default_mixture_common_factor_d250_var_0_9995,gpu_raw_mc,2048,true,0.4786783679653571,0.04375897891001619,0.03700320225012102,true,fastest_passing_internal_envelope
default_mixture_common_factor_d250_es_0_9995,gpu_raw_mc,2048,false,0.4786783679653571,0.04375897891001619,0.11220266199036068,false,no_gpu_candidate_passed_internal_envelope
default_mixture_common_factor_d250_var_0_9999,gpu_raw_mc,2048,false,0.4786783679653571,0.04375897891001619,0.15754901050525016,false,no_gpu_candidate_passed_internal_envelope
default_mixture_common_factor_d250_es_0_9999,gpu_raw_mc,2048,false,0.4786783679653571,0.04375897891001619,0.22643749390278467,false,no_gpu_candidate_passed_internal_envelope
default_mixture_common_factor_d500_var_0_99,gpu_raw_mc,2048,true,0.4934308685966357,0.04675090625661185,0.09542823168268944,true,fastest_passing_internal_envelope
default_mixture_common_factor_d500_es_0_99,gpu_antithetic_mc,2048,true,0.643031927536182,0.06478994359392808,0.012704958600019078,true,fastest_passing_internal_envelope
default_mixture_common_factor_d500_var_0_995,gpu_antithetic_mc,2048,true,0.643031927536182,0.06478994359392808,0.027406351294063092,true,fastest_passing_internal_envelope
default_mixture_common_factor_d500_es_0_995,gpu_antithetic_mc,2048,true,0.643031927536182,0.06478994359392808,0.008530574082557717,true,fastest_passing_internal_envelope
default_mixture_common_factor_d500_var_0_999,gpu_antithetic_mc,2048,true,0.643031927536182,0.06478994359392808,0.01224573819113914,true,fastest_passing_internal_envelope
default_mixture_common_factor_d500_es_0_999,gpu_antithetic_mc,2048,true,0.643031927536182,0.06478994359392808,0.02030905252551353,true,fastest_passing_internal_envelope
default_mixture_common_factor_d500_var_0_9995,gpu_antithetic_mc,2048,true,0.643031927536182,0.06478994359392808,0.024793276183215033,true,fastest_passing_internal_envelope
default_mixture_common_factor_d500_es_0_9995,gpu_antithetic_mc,2048,true,0.643031927536182,0.06478994359392808,0.022523223085763655,true,fastest_passing_internal_envelope
default_mixture_common_factor_d500_var_0_9999,gpu_antithetic_mc,2048,true,0.643031927536182,0.06478994359392808,0.0055640297345761385,true,fastest_passing_internal_envelope
default_mixture_common_factor_d500_es_0_9999,gpu_antithetic_mc,2048,true,0.643031927536182,0.06478994359392808,0.005386516990377931,true,fastest_passing_internal_envelope
default_mixture_common_factor_d1000_var_0_99,gpu_raw_mc,512,true,0.47479964946237435,0.04668734136118725,0.09546649518434557,true,fastest_passing_internal_envelope
default_mixture_common_factor_d1000_es_0_99,gpu_antithetic_mc,2048,true,0.6451941976744958,0.07254313178026923,0.0778886718831672,true,fastest_passing_internal_envelope
default_mixture_common_factor_d1000_var_0_995,gpu_raw_mc,512,true,0.47479964946237435,0.04668734136118725,0.09969249792503765,true,fastest_passing_internal_envelope
default_mixture_common_factor_d1000_es_0_995,gpu_antithetic_mc,2048,true,0.6451941976744958,0.07254313178026923,0.11457273521295741,true,fastest_passing_internal_envelope
default_mixture_common_factor_d1000_var_0_999,gpu_randomized_qmc_cpu_sobol,2048,true,83.2686603333362,9.044640931156417,0.07520448936381817,true,fastest_passing_internal_envelope
default_mixture_common_factor_d1000_es_0_999,gpu_randomized_qmc_cpu_sobol,2048,true,83.2686603333362,9.044640931156417,0.027729021137204882,true,fastest_passing_internal_envelope
default_mixture_common_factor_d1000_var_0_9995,gpu_randomized_qmc_cpu_sobol,2048,true,83.2686603333362,9.044640931156417,0.10241422250861912,true,fastest_passing_internal_envelope
default_mixture_common_factor_d1000_es_0_9995,gpu_randomized_qmc_cpu_sobol,2048,true,83.2686603333362,9.044640931156417,0.07020114755890984,true,fastest_passing_internal_envelope
default_mixture_common_factor_d1000_var_0_9999,gpu_antithetic_mc,2048,false,0.6451941976744958,0.07254313178026923,0.0025321202111449363,false,no_gpu_candidate_passed_internal_envelope
default_mixture_common_factor_d1000_es_0_9999,gpu_randomized_qmc_cpu_sobol,2048,false,83.2686603333362,9.044640931156417,0.026313376002961297,false,no_gpu_candidate_passed_internal_envelope
discontinuous_liquidity_loss_d100_var_0_99,gpu_raw_mc,512,true,0.4916627928731008,0.05082693368961035,0.09629032363649735,true,fastest_passing_internal_envelope
discontinuous_liquidity_loss_d100_es_0_99,gpu_raw_mc,2048,true,0.49186538530080065,0.04414229550616855,0.04018370440281056,true,fastest_passing_internal_envelope
discontinuous_liquidity_loss_d100_var_0_995,gpu_raw_mc,512,true,0.4916627928731008,0.05082693368961035,0.0731224165193126,true,fastest_passing_internal_envelope
discontinuous_liquidity_loss_d100_es_0_995,gpu_raw_mc,2048,true,0.49186538530080065,0.04414229550616855,0.07903829649162226,true,fastest_passing_internal_envelope
discontinuous_liquidity_loss_d100_var_0_999,gpu_importance_sampling,512,true,0.5396046210268287,0.04712750172421674,0.027282167724467968,true,fastest_passing_internal_envelope
discontinuous_liquidity_loss_d100_es_0_999,gpu_importance_sampling,512,true,0.5396046210268287,0.04712750172421674,0.015762724971199692,true,fastest_passing_internal_envelope
discontinuous_liquidity_loss_d100_var_0_9995,gpu_importance_sampling,512,true,0.5396046210268287,0.04712750172421674,0.018551819945588143,true,fastest_passing_internal_envelope
discontinuous_liquidity_loss_d100_es_0_9995,gpu_raw_mc,2048,true,0.49186538530080065,0.04414229550616855,0.10784078161952518,true,fastest_passing_internal_envelope
discontinuous_liquidity_loss_d100_var_0_9999,gpu_raw_mc,2048,true,0.49186538530080065,0.04414229550616855,0.0995809902120999,true,fastest_passing_internal_envelope
discontinuous_liquidity_loss_d100_es_0_9999,gpu_randomized_qmc_cpu_sobol,2048,false,9.27511379165935,0.8242011829924999,0.028723759607495545,false,no_gpu_candidate_passed_internal_envelope
discontinuous_liquidity_loss_d250_var_0_99,gpu_raw_mc,2048,true,0.4944045615207519,0.04478796366596501,0.03277135736244279,true,fastest_passing_internal_envelope
discontinuous_liquidity_loss_d250_es_0_99,gpu_raw_mc,2048,true,0.4944045615207519,0.04478796366596501,0.0409153447255688,true,fastest_passing_internal_envelope
discontinuous_liquidity_loss_d250_var_0_995,gpu_raw_mc,2048,true,0.4944045615207519,0.04478796366596501,0.03546721172524067,true,fastest_passing_internal_envelope
discontinuous_liquidity_loss_d250_es_0_995,gpu_raw_mc,2048,true,0.4944045615207519,0.04478796366596501,0.014178287134898103,true,fastest_passing_internal_envelope
discontinuous_liquidity_loss_d250_var_0_999,gpu_raw_mc,2048,true,0.4944045615207519,0.04478796366596501,0.04088873699539483,true,fastest_passing_internal_envelope
discontinuous_liquidity_loss_d250_es_0_999,gpu_importance_sampling,2048,true,0.544201541871758,0.04748826524329985,0.021505091553941785,true,fastest_passing_internal_envelope
discontinuous_liquidity_loss_d250_var_0_9995,gpu_raw_mc,2048,true,0.4944045615207519,0.04478796366596501,0.0462692386149672,true,fastest_passing_internal_envelope
discontinuous_liquidity_loss_d250_es_0_9995,gpu_importance_sampling,2048,true,0.544201541871758,0.04748826524329985,0.03298893623775227,true,fastest_passing_internal_envelope
discontinuous_liquidity_loss_d250_var_0_9999,gpu_importance_sampling,2048,true,0.544201541871758,0.04748826524329985,0.06854378471685581,true,fastest_passing_internal_envelope
discontinuous_liquidity_loss_d250_es_0_9999,gpu_importance_sampling,2048,true,0.544201541871758,0.04748826524329985,0.02062481593550919,true,fastest_passing_internal_envelope
discontinuous_liquidity_loss_d500_var_0_99,gpu_raw_mc,512,true,0.4968569549548094,0.04532322366848022,0.07015120247460485,true,fastest_passing_internal_envelope
discontinuous_liquidity_loss_d500_es_0_99,gpu_raw_mc,2048,true,0.49228802901777974,0.0451337613510236,0.037256307359429336,true,fastest_passing_internal_envelope
discontinuous_liquidity_loss_d500_var_0_995,gpu_importance_sampling,2048,true,0.5403396953317644,0.04789679103810572,0.009389182665489574,true,fastest_passing_internal_envelope
discontinuous_liquidity_loss_d500_es_0_995,gpu_raw_mc,2048,true,0.49228802901777974,0.0451337613510236,0.033970130834133104,true,fastest_passing_internal_envelope
discontinuous_liquidity_loss_d500_var_0_999,gpu_importance_sampling,2048,true,0.5403396953317644,0.04789679103810572,0.0026880349039999744,true,fastest_passing_internal_envelope
discontinuous_liquidity_loss_d500_es_0_999,gpu_raw_mc,2048,true,0.49228802901777974,0.0451337613510236,0.009921542273812447,true,fastest_passing_internal_envelope
discontinuous_liquidity_loss_d500_var_0_9995,gpu_raw_mc,2048,true,0.49228802901777974,0.0451337613510236,0.011122705547798447,true,fastest_passing_internal_envelope
discontinuous_liquidity_loss_d500_es_0_9995,gpu_raw_mc,2048,true,0.49228802901777974,0.0451337613510236,0.0187519445765755,true,fastest_passing_internal_envelope
discontinuous_liquidity_loss_d500_var_0_9999,gpu_raw_mc,2048,true,0.49228802901777974,0.0451337613510236,0.08105592895415503,true,fastest_passing_internal_envelope
discontinuous_liquidity_loss_d500_es_0_9999,gpu_importance_sampling,512,false,0.5432309876848279,0.04759802583837283,0.037911024944884866,false,no_gpu_candidate_passed_internal_envelope
discontinuous_liquidity_loss_d1000_var_0_99,gpu_raw_mc,2048,true,0.49240578794648315,0.04624982343076457,0.043575168284934136,true,fastest_passing_internal_envelope
discontinuous_liquidity_loss_d1000_es_0_99,gpu_raw_mc,2048,true,0.49240578794648315,0.04624982343076457,0.03926285351527784,true,fastest_passing_internal_envelope
discontinuous_liquidity_loss_d1000_var_0_995,gpu_raw_mc,2048,true,0.49240578794648315,0.04624982343076457,0.03970208538322921,true,fastest_passing_internal_envelope
discontinuous_liquidity_loss_d1000_es_0_995,gpu_raw_mc,2048,true,0.49240578794648315,0.04624982343076457,0.057509992278369074,true,fastest_passing_internal_envelope
discontinuous_liquidity_loss_d1000_var_0_999,gpu_raw_mc,512,true,0.4951895637586208,0.046329084438236995,0.06596920473534167,true,fastest_passing_internal_envelope
discontinuous_liquidity_loss_d1000_es_0_999,gpu_raw_mc,512,true,0.4951895637586208,0.046329084438236995,0.02898495887118264,true,fastest_passing_internal_envelope
discontinuous_liquidity_loss_d1000_var_0_9995,gpu_raw_mc,2048,true,0.49240578794648315,0.04624982343076457,0.06454499287791984,true,fastest_passing_internal_envelope
discontinuous_liquidity_loss_d1000_es_0_9995,gpu_raw_mc,512,true,0.4951895637586208,0.046329084438236995,0.06796537187542159,true,fastest_passing_internal_envelope
discontinuous_liquidity_loss_d1000_var_0_9999,gpu_raw_mc,512,true,0.4951895637586208,0.046329084438236995,0.09278690557566549,true,fastest_passing_internal_envelope
discontinuous_liquidity_loss_d1000_es_0_9999,gpu_randomized_qmc_cpu_sobol,2048,true,89.97480766667347,8.537386154958869,0.036803562956041744,true,fastest_passing_internal_envelope
near_singular_correlation_d100_var_0_99,gpu_raw_mc,2048,true,0.38277553819436133,0.035073269883699645,0.03593257795014369,true,fastest_passing_internal_envelope
near_singular_correlation_d100_es_0_99,gpu_raw_mc,2048,true,0.38277553819436133,0.035073269883699645,0.03747213130828241,true,fastest_passing_internal_envelope
near_singular_correlation_d100_var_0_995,gpu_raw_mc,2048,true,0.38277553819436133,0.035073269883699645,0.0444297182308063,true,fastest_passing_internal_envelope
near_singular_correlation_d100_es_0_995,gpu_raw_mc,2048,true,0.38277553819436133,0.035073269883699645,0.04194130683371393,true,fastest_passing_internal_envelope
near_singular_correlation_d100_var_0_999,gpu_raw_mc,2048,true,0.38277553819436133,0.035073269883699645,0.016285588838498864,true,fastest_passing_internal_envelope
near_singular_correlation_d100_es_0_999,gpu_importance_sampling,2048,true,0.428870330739506,0.037711550469647095,0.00652083291119946,true,fastest_passing_internal_envelope
near_singular_correlation_d100_var_0_9995,gpu_raw_mc,2048,true,0.38277553819436133,0.035073269883699645,0.055432762491094016,true,fastest_passing_internal_envelope
near_singular_correlation_d100_es_0_9995,gpu_importance_sampling,2048,true,0.428870330739506,0.037711550469647095,0.03347408667677145,true,fastest_passing_internal_envelope
near_singular_correlation_d100_var_0_9999,gpu_importance_sampling,2048,true,0.428870330739506,0.037711550469647095,0.016256909183251324,true,fastest_passing_internal_envelope
near_singular_correlation_d100_es_0_9999,gpu_importance_sampling,2048,true,0.428870330739506,0.037711550469647095,0.07228688621981773,true,fastest_passing_internal_envelope
near_singular_correlation_d250_var_0_99,gpu_raw_mc,2048,true,0.3825042404842613,0.03530294912403223,0.028978321778998326,true,fastest_passing_internal_envelope
near_singular_correlation_d250_es_0_99,gpu_raw_mc,2048,true,0.3825042404842613,0.03530294912403223,0.024526279606212453,true,fastest_passing_internal_envelope
near_singular_correlation_d250_var_0_995,gpu_importance_sampling,2048,true,0.4294727529180825,0.03809635819899278,0.04802366639531373,true,fastest_passing_internal_envelope
near_singular_correlation_d250_es_0_995,gpu_raw_mc,2048,true,0.3825042404842613,0.03530294912403223,0.02065762577442322,true,fastest_passing_internal_envelope
near_singular_correlation_d250_var_0_999,gpu_raw_mc,2048,true,0.3825042404842613,0.03530294912403223,0.03942417605471042,true,fastest_passing_internal_envelope
near_singular_correlation_d250_es_0_999,gpu_importance_sampling,2048,true,0.4294727529180825,0.03809635819899278,0.0763250305806868,true,fastest_passing_internal_envelope
near_singular_correlation_d250_var_0_9995,gpu_raw_mc,2048,true,0.3825042404842613,0.03530294912403223,0.12933876799842042,true,fastest_passing_internal_envelope
near_singular_correlation_d250_es_0_9995,gpu_importance_sampling,2048,true,0.4294727529180825,0.03809635819899278,0.10065386225252065,true,fastest_passing_internal_envelope
near_singular_correlation_d250_var_0_9999,gpu_importance_sampling,2048,true,0.4294727529180825,0.03809635819899278,0.11567701867487412,true,fastest_passing_internal_envelope
near_singular_correlation_d250_es_0_9999,gpu_importance_sampling,2048,false,0.4294727529180825,0.03809635819899278,0.16362625272555825,false,no_gpu_candidate_passed_internal_envelope
near_singular_correlation_d500_var_0_99,gpu_raw_mc,2048,true,0.3814742780659029,0.03584009000024273,0.028901266529631556,true,fastest_passing_internal_envelope
near_singular_correlation_d500_es_0_99,gpu_raw_mc,2048,true,0.3814742780659029,0.03584009000024273,0.05155679659541165,true,fastest_passing_internal_envelope
near_singular_correlation_d500_var_0_995,gpu_raw_mc,2048,true,0.3814742780659029,0.03584009000024273,0.038442340358959444,true,fastest_passing_internal_envelope
near_singular_correlation_d500_es_0_995,gpu_raw_mc,2048,true,0.3814742780659029,0.03584009000024273,0.06165833737364309,true,fastest_passing_internal_envelope
near_singular_correlation_d500_var_0_999,gpu_importance_sampling,2048,true,0.4283176834955492,0.03844023400525005,0.03736146184356767,true,fastest_passing_internal_envelope
near_singular_correlation_d500_es_0_999,gpu_importance_sampling,2048,true,0.4283176834955492,0.03844023400525005,0.04039953402945576,true,fastest_passing_internal_envelope
near_singular_correlation_d500_var_0_9995,gpu_raw_mc,2048,true,0.3814742780659029,0.03584009000024273,0.012154722225954644,true,fastest_passing_internal_envelope
near_singular_correlation_d500_es_0_9995,gpu_importance_sampling,2048,true,0.4283176834955492,0.03844023400525005,0.04943777565095263,true,fastest_passing_internal_envelope
near_singular_correlation_d500_var_0_9999,gpu_importance_sampling,2048,true,0.4283176834955492,0.03844023400525005,0.07550586175753679,true,fastest_passing_internal_envelope
near_singular_correlation_d500_es_0_9999,gpu_importance_sampling,2048,true,0.4283176834955492,0.03844023400525005,0.08172650097162198,true,fastest_passing_internal_envelope
near_singular_correlation_d1000_var_0_99,gpu_raw_mc,2048,true,0.3798924450174536,0.03669941264229562,0.011013867709319499,true,fastest_passing_internal_envelope
near_singular_correlation_d1000_es_0_99,gpu_raw_mc,2048,true,0.3798924450174536,0.03669941264229562,0.01714657062916293,true,fastest_passing_internal_envelope
near_singular_correlation_d1000_var_0_995,gpu_raw_mc,2048,true,0.3798924450174536,0.03669941264229562,0.018479801663198042,true,fastest_passing_internal_envelope
near_singular_correlation_d1000_es_0_995,gpu_raw_mc,2048,true,0.3798924450174536,0.03669941264229562,0.03436319883315829,true,fastest_passing_internal_envelope
near_singular_correlation_d1000_var_0_999,gpu_raw_mc,2048,true,0.3798924450174536,0.03669941264229562,0.05723370116729213,true,fastest_passing_internal_envelope
near_singular_correlation_d1000_es_0_999,gpu_importance_sampling,512,true,0.42587708108071126,0.03781476877130575,0.030861655349412452,true,fastest_passing_internal_envelope
near_singular_correlation_d1000_var_0_9995,gpu_raw_mc,2048,true,0.3798924450174536,0.03669941264229562,0.08767820347054626,true,fastest_passing_internal_envelope
near_singular_correlation_d1000_es_0_9995,gpu_raw_mc,512,true,0.38430507478274784,0.03671785500273375,0.12258195071704606,true,fastest_passing_internal_envelope
near_singular_correlation_d1000_var_0_9999,gpu_importance_sampling,512,true,0.42587708108071126,0.03781476877130575,0.021178829700866618,true,fastest_passing_internal_envelope
near_singular_correlation_d1000_es_0_9999,gpu_importance_sampling,512,true,0.42587708108071126,0.03781476877130575,0.07703628408114874,true,fastest_passing_internal_envelope
