run_id,workload_regime,declared_upper_error_bound,engine_result,reference_result,observed_error,bound_satisfied,release_state,governor_intervened,challenger_release_gated,fail_closed,engine_latency_ms,governor_latency_ms,reference_latency_ms,bound_to_error_ratio,engine_resolution_points,reference_resolution_points,bound_declared_before_reference
errcert_error_certificate_reliability_v1_01_normal_regimes,normal_regimes,2.7247e-08,0.749025295795,0.749025295568,2.26e-10,true,WITHHELD,false,false,false,0.015292,8.4e-05,0.70175,120.431531,64,65536,true
errcert_error_certificate_reliability_v1_02_heavy_volatility,heavy_volatility,7.4290468e-05,0.744094330489,0.744093872615,4.57875e-07,true,WITHHELD,false,false,false,0.00775,4.2e-05,1.288166,162.250692,96,65536,true
errcert_error_certificate_reliability_v1_03_abrupt_correlations,abrupt_correlations,0.004785360001,0.801334164336,0.801564621487,0.000230457151,true,CHALLENGER,true,true,false,0.004292,4.1e-05,0.633958,20.764641,128,65536,true
errcert_error_certificate_reliability_v1_04_jumps,jumps,6.53265e-07,0.689488591658,0.689488591658,0,true,WITHHELD,false,false,false,0.025208,4.2e-05,3.15725,2.67458598814794e+08,256,65536,true
errcert_error_certificate_reliability_v1_05_stiff_coupling,stiff_coupling,1.683058e-06,0.033228635276,0.03322862964,5.636e-09,true,WITHHELD,false,false,false,0.018625,4.1e-05,2.885792,298.638588,512,131072,true
errcert_error_certificate_reliability_v1_06_long_horizons,long_horizons,0.000254148198,0.897441894407,0.897441264676,6.29731e-07,true,CHALLENGER,true,true,false,0.009875,4.2e-05,1.43025,403.581844,128,65536,true
errcert_error_certificate_reliability_v1_07_high_dimensions,high_dimensions,2.716111e-06,2.165864243202,2.165864228629,1.4573e-08,true,WITHHELD,false,false,false,0.151209,0.000167,45.809625,186.382293,128,65536,true
errcert_error_certificate_reliability_v1_08_contaminated_inputs,contaminated_inputs,8.401088e-06,0.621039266378,0.621039266378,0,true,FAIL_CLOSED,true,false,true,0.05525,0.000167,7.4285,2.6147295305409e+07,512,131072,true
errcert_error_certificate_reliability_v1_09_near_boundary_cases,near_boundary_cases,8.013927e-06,0.500114502716,0.500114502753,3.7e-11,true,CHALLENGER,true,true,false,0.019417,4.2e-05,2.332875,215404.244132,256,131072,true
