target_id,method_id,path_budget,all_repeats_within_internal_envelope,median_wall_ms_per_iter,median_process_cpu_seconds_per_iter,median_error_over_reference_abs,selected_for_cpu_windowed_internal_frontier,selection_reason
t_copula_heavy_tail_d100_var_0_99,randomized_qmc,512,true,15.544770615353908,0.01541587007692308,0.03390206678805936,true,fastest_passing_internal_envelope
t_copula_heavy_tail_d100_es_0_99,raw_mc,512,true,5.584541472217097,0.005584167277777786,0.06760549205816171,true,fastest_passing_internal_envelope
t_copula_heavy_tail_d100_var_0_995,raw_mc,512,true,5.584541472217097,0.005584167277777786,0.05665962139732322,true,fastest_passing_internal_envelope
t_copula_heavy_tail_d100_es_0_995,raw_mc,512,true,5.584541472217097,0.005584167277777786,0.04495182979245791,true,fastest_passing_internal_envelope
t_copula_heavy_tail_d100_var_0_999,importance_sampling,512,true,6.309264794120228,0.006215764531250001,0.09600569685698582,true,fastest_passing_internal_envelope
t_copula_heavy_tail_d100_es_0_999,importance_sampling,2048,true,19.87116763641759,0.019557759818181853,0.09835871963972001,true,fastest_passing_internal_envelope
t_copula_heavy_tail_d100_var_0_9995,importance_sampling,512,true,6.309264794120228,0.006215764531250001,0.1390626436634613,true,fastest_passing_internal_envelope
t_copula_heavy_tail_d100_es_0_9995,antithetic_mc,2048,true,17.639366583352967,0.017634256749999928,0.17102674322252842,true,fastest_passing_internal_envelope
t_copula_heavy_tail_d100_var_0_9999,antithetic_mc,2048,true,17.639366583352967,0.017634256749999928,0.1749065873164736,true,fastest_passing_internal_envelope
t_copula_heavy_tail_d100_es_0_9999,importance_sampling,2048,false,19.87116763641759,0.019557759818181853,0.15385904281077598,false,no_cpu_candidate_passed_internal_envelope
t_copula_heavy_tail_d250_var_0_99,importance_sampling,512,true,7.075869275844338,0.007074261137931051,0.035522051062921625,true,fastest_passing_internal_envelope
t_copula_heavy_tail_d250_es_0_99,importance_sampling,512,true,7.075869275844338,0.007074261137931051,0.03722835396683099,true,fastest_passing_internal_envelope
t_copula_heavy_tail_d250_var_0_995,importance_sampling,512,true,7.075869275844338,0.007074261137931051,0.05965476239699184,true,fastest_passing_internal_envelope
t_copula_heavy_tail_d250_es_0_995,importance_sampling,512,true,7.075869275844338,0.007074261137931051,0.07926334951986336,true,fastest_passing_internal_envelope
t_copula_heavy_tail_d250_var_0_999,importance_sampling,512,true,7.075869275844338,0.007074261137931051,0.0836623788088245,true,fastest_passing_internal_envelope
t_copula_heavy_tail_d250_es_0_999,antithetic_mc,2048,false,29.35671900000411,0.02934873328571414,0.026164154749989142,false,no_cpu_candidate_passed_internal_envelope
t_copula_heavy_tail_d250_var_0_9995,importance_sampling,2048,true,23.512098111192852,0.023513963111111105,0.1469547775903105,true,fastest_passing_internal_envelope
t_copula_heavy_tail_d250_es_0_9995,antithetic_mc,2048,false,29.35671900000411,0.02934873328571414,0.06657870162071913,false,no_cpu_candidate_passed_internal_envelope
t_copula_heavy_tail_d250_var_0_9999,raw_mc,2048,false,23.451730888862382,0.023452610333333408,0.07569440256307121,false,no_cpu_candidate_passed_internal_envelope
t_copula_heavy_tail_d250_es_0_9999,antithetic_mc,2048,false,29.35671900000411,0.02934873328571414,0.1113401321943574,false,no_cpu_candidate_passed_internal_envelope
t_copula_heavy_tail_d500_var_0_99,importance_sampling,2048,true,32.651710857083216,0.032649417714285534,0.02932072984052459,true,fastest_passing_internal_envelope
t_copula_heavy_tail_d500_es_0_99,importance_sampling,2048,true,32.651710857083216,0.032649417714285534,0.031471242990539335,true,fastest_passing_internal_envelope
t_copula_heavy_tail_d500_var_0_995,importance_sampling,2048,true,32.651710857083216,0.032649417714285534,0.010656751712703508,true,fastest_passing_internal_envelope
t_copula_heavy_tail_d500_es_0_995,importance_sampling,2048,true,32.651710857083216,0.032649417714285534,0.058197216828462246,true,fastest_passing_internal_envelope
t_copula_heavy_tail_d500_var_0_999,importance_sampling,2048,true,32.651710857083216,0.032649417714285534,0.04288484222142512,true,fastest_passing_internal_envelope
t_copula_heavy_tail_d500_es_0_999,randomized_qmc,2048,false,135.54014400006054,0.1354978434999996,0.08044723036371156,false,no_cpu_candidate_passed_internal_envelope
t_copula_heavy_tail_d500_var_0_9995,importance_sampling,2048,true,32.651710857083216,0.032649417714285534,0.07706979583577436,true,fastest_passing_internal_envelope
t_copula_heavy_tail_d500_es_0_9995,randomized_qmc,2048,false,135.54014400006054,0.1354978434999996,0.10411633417963967,false,no_cpu_candidate_passed_internal_envelope
t_copula_heavy_tail_d500_var_0_9999,antithetic_mc,2048,false,36.1504770000162,0.03615198333333325,0.1837429636651999,false,no_cpu_candidate_passed_internal_envelope
t_copula_heavy_tail_d500_es_0_9999,raw_mc,2048,false,35.713374333378546,0.03571006966666671,0.08253021961506372,false,no_cpu_candidate_passed_internal_envelope
t_copula_heavy_tail_d1000_var_0_99,importance_sampling,512,true,17.7129810833776,0.01771120100000001,0.031525526001411106,true,fastest_passing_internal_envelope
t_copula_heavy_tail_d1000_es_0_99,antithetic_mc,512,true,10.62200336840952,0.010487251999999845,0.02447212720587334,true,fastest_passing_internal_envelope
t_copula_heavy_tail_d1000_var_0_995,raw_mc,512,true,14.744563214272992,0.014745360428571632,0.015098480151748826,true,fastest_passing_internal_envelope
t_copula_heavy_tail_d1000_es_0_995,antithetic_mc,512,true,10.62200336840952,0.010487251999999845,0.06728545175490706,true,fastest_passing_internal_envelope
t_copula_heavy_tail_d1000_var_0_999,antithetic_mc,512,true,10.62200336840952,0.010487251999999845,0.1199574085406055,true,fastest_passing_internal_envelope
t_copula_heavy_tail_d1000_es_0_999,importance_sampling,512,true,17.7129810833776,0.01771120100000001,0.011154321824402095,true,fastest_passing_internal_envelope
t_copula_heavy_tail_d1000_var_0_9995,antithetic_mc,512,true,10.62200336840952,0.010487251999999845,0.21987731681211262,true,fastest_passing_internal_envelope
t_copula_heavy_tail_d1000_es_0_9995,importance_sampling,512,true,17.7129810833776,0.01771120100000001,0.05342639457518433,true,fastest_passing_internal_envelope
t_copula_heavy_tail_d1000_var_0_9999,importance_sampling,512,true,17.7129810833776,0.01771120100000001,0.1084457864222221,true,fastest_passing_internal_envelope
t_copula_heavy_tail_d1000_es_0_9999,importance_sampling,512,true,17.7129810833776,0.01771120100000001,0.07109200218745666,true,fastest_passing_internal_envelope
skewed_t_mixture_d100_var_0_99,raw_mc,2048,true,11.833237764703346,0.011832942058823485,0.057446185431719164,true,fastest_passing_internal_envelope
skewed_t_mixture_d100_es_0_99,importance_sampling,2048,true,12.319249294117018,0.012320114882352877,0.01810908077575188,true,fastest_passing_internal_envelope
skewed_t_mixture_d100_var_0_995,antithetic_mc,512,true,4.271464702140563,0.004239355319148921,0.01350448462780447,true,fastest_passing_internal_envelope
skewed_t_mixture_d100_es_0_995,importance_sampling,2048,true,12.319249294117018,0.012320114882352877,0.022239051912123078,true,fastest_passing_internal_envelope
skewed_t_mixture_d100_var_0_999,importance_sampling,2048,true,12.319249294117018,0.012320114882352877,0.033973574707713006,true,fastest_passing_internal_envelope
skewed_t_mixture_d100_es_0_999,importance_sampling,2048,true,12.319249294117018,0.012320114882352877,0.03557935683012037,true,fastest_passing_internal_envelope
skewed_t_mixture_d100_var_0_9995,importance_sampling,2048,true,12.319249294117018,0.012320114882352877,0.013748144067462971,true,fastest_passing_internal_envelope
skewed_t_mixture_d100_es_0_9995,importance_sampling,2048,true,12.319249294117018,0.012320114882352877,0.06873034867142377,true,fastest_passing_internal_envelope
skewed_t_mixture_d100_var_0_9999,antithetic_mc,2048,false,10.644645263183568,0.010645109578947324,0.0754124451327342,false,no_cpu_candidate_passed_internal_envelope
skewed_t_mixture_d100_es_0_9999,importance_sampling,512,true,3.52897833334665,0.0035291406491227526,0.04708230362172438,true,fastest_passing_internal_envelope
skewed_t_mixture_d250_var_0_99,antithetic_mc,512,true,4.183366229161341,0.004156670874999972,0.039313474394660125,true,fastest_passing_internal_envelope
skewed_t_mixture_d250_es_0_99,antithetic_mc,512,true,4.183366229161341,0.004156670874999972,0.05646174805759247,true,fastest_passing_internal_envelope
skewed_t_mixture_d250_var_0_995,antithetic_mc,512,true,4.183366229161341,0.004156670874999972,0.031082013613552985,true,fastest_passing_internal_envelope
skewed_t_mixture_d250_es_0_995,antithetic_mc,512,true,4.183366229161341,0.004156670874999972,0.06753332209406501,true,fastest_passing_internal_envelope
skewed_t_mixture_d250_var_0_999,importance_sampling,2048,true,16.79183258329431,0.016792974249999777,0.0832524973600141,true,fastest_passing_internal_envelope
skewed_t_mixture_d250_es_0_999,antithetic_mc,2048,true,14.723463266636827,0.014632773733333219,0.06848492088282396,true,fastest_passing_internal_envelope
skewed_t_mixture_d250_var_0_9995,antithetic_mc,2048,true,14.723463266636827,0.014632773733333219,0.06590438820379532,true,fastest_passing_internal_envelope
skewed_t_mixture_d250_es_0_9995,antithetic_mc,2048,true,14.723463266636827,0.014632773733333219,0.0031843852814461213,true,fastest_passing_internal_envelope
skewed_t_mixture_d250_var_0_9999,antithetic_mc,2048,true,14.723463266636827,0.014632773733333219,0.07052199231633195,true,fastest_passing_internal_envelope
skewed_t_mixture_d250_es_0_9999,randomized_qmc,2048,true,103.49168050015578,0.1031304139999989,0.07236063347748616,true,fastest_passing_internal_envelope
skewed_t_mixture_d500_var_0_99,importance_sampling,512,true,8.03633716001059,0.008035014079999882,0.06568884904119872,true,fastest_passing_internal_envelope
skewed_t_mixture_d500_es_0_99,antithetic_mc,2048,true,20.8674422000513,0.020868746899999735,0.06531150732338636,true,fastest_passing_internal_envelope
skewed_t_mixture_d500_var_0_995,antithetic_mc,2048,true,20.8674422000513,0.020868746899999735,0.030365889208305664,true,fastest_passing_internal_envelope
skewed_t_mixture_d500_es_0_995,antithetic_mc,512,true,5.880230611107133,0.005880732194444367,0.04272154196160153,true,fastest_passing_internal_envelope
skewed_t_mixture_d500_var_0_999,antithetic_mc,512,true,5.880230611107133,0.005880732194444367,0.017113037987607875,true,fastest_passing_internal_envelope
skewed_t_mixture_d500_es_0_999,antithetic_mc,512,true,5.880230611107133,0.005880732194444367,0.13126945564744355,true,fastest_passing_internal_envelope
skewed_t_mixture_d500_var_0_9995,antithetic_mc,512,true,5.880230611107133,0.005880732194444367,0.10594553509816955,true,fastest_passing_internal_envelope
skewed_t_mixture_d500_es_0_9995,importance_sampling,512,true,8.03633716001059,0.008035014079999882,0.1085041678009048,true,fastest_passing_internal_envelope
skewed_t_mixture_d500_var_0_9999,importance_sampling,512,true,8.03633716001059,0.008035014079999882,0.09382194473105644,true,fastest_passing_internal_envelope
skewed_t_mixture_d500_es_0_9999,importance_sampling,512,true,8.03633716001059,0.008035014079999882,0.09648883924002744,true,fastest_passing_internal_envelope
skewed_t_mixture_d1000_var_0_99,antithetic_mc,2048,true,32.33162871427859,0.03232351371428572,0.0482064046802055,true,fastest_passing_internal_envelope
skewed_t_mixture_d1000_es_0_99,importance_sampling,2048,true,43.978176600103325,0.043965110399999216,0.042415468582125145,true,fastest_passing_internal_envelope
skewed_t_mixture_d1000_var_0_995,importance_sampling,2048,false,43.978176600103325,0.043965110399999216,0.03205808169225792,false,no_cpu_candidate_passed_internal_envelope
skewed_t_mixture_d1000_es_0_995,importance_sampling,2048,true,43.978176600103325,0.043965110399999216,0.07047074357402684,true,fastest_passing_internal_envelope
skewed_t_mixture_d1000_var_0_999,importance_sampling,2048,true,43.978176600103325,0.043965110399999216,0.10249856869047468,true,fastest_passing_internal_envelope
skewed_t_mixture_d1000_es_0_999,importance_sampling,2048,true,43.978176600103325,0.043965110399999216,0.020665252618773753,true,fastest_passing_internal_envelope
skewed_t_mixture_d1000_var_0_9995,importance_sampling,2048,true,43.978176600103325,0.043965110399999216,0.04530727537138534,true,fastest_passing_internal_envelope
skewed_t_mixture_d1000_es_0_9995,importance_sampling,2048,true,43.978176600103325,0.043965110399999216,0.06311457024194056,true,fastest_passing_internal_envelope
skewed_t_mixture_d1000_var_0_9999,importance_sampling,2048,true,43.978176600103325,0.043965110399999216,0.062115838210445834,true,fastest_passing_internal_envelope
skewed_t_mixture_d1000_es_0_9999,importance_sampling,2048,false,43.978176600103325,0.043965110399999216,0.0526059990439531,false,no_cpu_candidate_passed_internal_envelope
merton_jump_diffusion_d100_var_0_99,raw_mc,512,true,2.0671021752558274,0.002067203845360813,0.058882997996215436,true,fastest_passing_internal_envelope
merton_jump_diffusion_d100_es_0_99,antithetic_mc,2048,true,4.917245146360783,0.004907390170731778,0.06390084500246894,true,fastest_passing_internal_envelope
merton_jump_diffusion_d100_var_0_995,antithetic_mc,2048,true,4.917245146360783,0.004907390170731778,0.07269880209536547,true,fastest_passing_internal_envelope
merton_jump_diffusion_d100_es_0_995,antithetic_mc,2048,true,4.917245146360783,0.004907390170731778,0.08170925864701553,true,fastest_passing_internal_envelope
merton_jump_diffusion_d100_var_0_999,raw_mc,512,true,2.0671021752558274,0.002067203845360813,0.10714509955228554,true,fastest_passing_internal_envelope
merton_jump_diffusion_d100_es_0_999,antithetic_mc,2048,true,4.917245146360783,0.004907390170731778,0.1373611531966353,true,fastest_passing_internal_envelope
merton_jump_diffusion_d100_var_0_9995,antithetic_mc,2048,true,4.917245146360783,0.004907390170731778,0.09442838225552293,true,fastest_passing_internal_envelope
merton_jump_diffusion_d100_es_0_9995,antithetic_mc,2048,true,4.917245146360783,0.004907390170731778,0.18458571891972547,true,fastest_passing_internal_envelope
merton_jump_diffusion_d100_var_0_9999,raw_mc,2048,false,6.527965612921464,0.006493346000000095,0.17931327031305205,false,no_cpu_candidate_passed_internal_envelope
merton_jump_diffusion_d100_es_0_9999,randomized_qmc,2048,false,26.79362549997677,0.026791711999999634,0.16179763042449946,false,no_cpu_candidate_passed_internal_envelope
merton_jump_diffusion_d250_var_0_99,antithetic_mc,2048,true,8.560352833304327,0.008447479458333499,0.02721458914063274,true,fastest_passing_internal_envelope
merton_jump_diffusion_d250_es_0_99,raw_mc,512,true,3.949566470581368,0.00387016423529418,0.014181980559845342,true,fastest_passing_internal_envelope
merton_jump_diffusion_d250_var_0_995,antithetic_mc,2048,true,8.560352833304327,0.008447479458333499,0.09586812710711734,true,fastest_passing_internal_envelope
merton_jump_diffusion_d250_es_0_995,raw_mc,512,true,3.949566470581368,0.00387016423529418,0.05792677818280974,true,fastest_passing_internal_envelope
merton_jump_diffusion_d250_var_0_999,antithetic_mc,2048,false,8.560352833304327,0.008447479458333499,0.027128016009016445,false,no_cpu_candidate_passed_internal_envelope
merton_jump_diffusion_d250_es_0_999,antithetic_mc,2048,true,8.560352833304327,0.008447479458333499,0.09899629705785172,true,fastest_passing_internal_envelope
merton_jump_diffusion_d250_var_0_9995,antithetic_mc,2048,true,8.560352833304327,0.008447479458333499,0.043677594989423967,true,fastest_passing_internal_envelope
merton_jump_diffusion_d250_es_0_9995,antithetic_mc,2048,true,8.560352833304327,0.008447479458333499,0.08582831327674512,true,fastest_passing_internal_envelope
merton_jump_diffusion_d250_var_0_9999,antithetic_mc,2048,true,8.560352833304327,0.008447479458333499,0.14209728001678495,true,fastest_passing_internal_envelope
merton_jump_diffusion_d250_es_0_9999,antithetic_mc,2048,false,8.560352833304327,0.008447479458333499,0.0647280228315541,false,no_cpu_candidate_passed_internal_envelope
merton_jump_diffusion_d500_var_0_99,antithetic_mc,2048,true,14.993269428552074,0.014993833428571333,0.050195160278721326,true,fastest_passing_internal_envelope
merton_jump_diffusion_d500_es_0_99,importance_sampling,512,true,5.62068000001798,0.005611340972222341,0.056991087215488345,true,fastest_passing_internal_envelope
merton_jump_diffusion_d500_var_0_995,raw_mc,2048,false,23.481875222185206,0.023482843666666357,0.008748257115300178,false,no_cpu_candidate_passed_internal_envelope
merton_jump_diffusion_d500_es_0_995,importance_sampling,512,true,5.62068000001798,0.005611340972222341,0.08643917560648183,true,fastest_passing_internal_envelope
merton_jump_diffusion_d500_var_0_999,raw_mc,2048,true,23.481875222185206,0.023482843666666357,0.08878679304379515,true,fastest_passing_internal_envelope
merton_jump_diffusion_d500_es_0_999,raw_mc,2048,false,23.481875222185206,0.023482843666666357,0.021432088067663238,false,no_cpu_candidate_passed_internal_envelope
merton_jump_diffusion_d500_var_0_9995,randomized_qmc,2048,false,144.59711850031454,0.143352811499998,0.049924687361252086,false,no_cpu_candidate_passed_internal_envelope
merton_jump_diffusion_d500_es_0_9995,raw_mc,2048,false,23.481875222185206,0.023482843666666357,0.02514547363416122,false,no_cpu_candidate_passed_internal_envelope
merton_jump_diffusion_d500_var_0_9999,raw_mc,2048,false,23.481875222185206,0.023482843666666357,0.07002418129260889,false,no_cpu_candidate_passed_internal_envelope
merton_jump_diffusion_d500_es_0_9999,raw_mc,2048,false,23.481875222185206,0.023482843666666357,0.09175561201821014,false,no_cpu_candidate_passed_internal_envelope
merton_jump_diffusion_d1000_var_0_99,antithetic_mc,2048,true,25.650409750028302,0.02565162924999953,0.06720362092250502,true,fastest_passing_internal_envelope
merton_jump_diffusion_d1000_es_0_99,antithetic_mc,2048,true,25.650409750028302,0.02565162924999953,0.075624766614174,true,fastest_passing_internal_envelope
merton_jump_diffusion_d1000_var_0_995,antithetic_mc,2048,true,25.650409750028302,0.02565162924999953,0.09398145408059037,true,fastest_passing_internal_envelope
merton_jump_diffusion_d1000_es_0_995,antithetic_mc,2048,true,25.650409750028302,0.02565162924999953,0.09706264138510233,true,fastest_passing_internal_envelope
merton_jump_diffusion_d1000_var_0_999,antithetic_mc,2048,true,25.650409750028302,0.02565162924999953,0.07862347079647596,true,fastest_passing_internal_envelope
merton_jump_diffusion_d1000_es_0_999,raw_mc,2048,false,41.33939199982706,0.04134083600000053,0.1618627563025556,false,no_cpu_candidate_passed_internal_envelope
merton_jump_diffusion_d1000_var_0_9995,randomized_qmc,2048,true,251.03140699957294,0.250734886999993,0.153212184723501,true,fastest_passing_internal_envelope
merton_jump_diffusion_d1000_es_0_9995,raw_mc,2048,false,41.33939199982706,0.04134083600000053,0.2460819225449813,false,no_cpu_candidate_passed_internal_envelope
merton_jump_diffusion_d1000_var_0_9999,importance_sampling,512,false,10.971905684192805,0.010959894052631787,0.29065400918966827,false,no_cpu_candidate_passed_internal_envelope
merton_jump_diffusion_d1000_es_0_9999,raw_mc,2048,false,41.33939199982706,0.04134083600000053,0.4225950856069472,false,no_cpu_candidate_passed_internal_envelope
hawkes_clustered_jumps_d100_var_0_99,antithetic_mc,2048,true,8.030584240004828,0.008020182160000217,0.01572670193324723,true,fastest_passing_internal_envelope
hawkes_clustered_jumps_d100_es_0_99,importance_sampling,512,true,3.149501109376729,0.003091292906249876,0.07448543721181461,true,fastest_passing_internal_envelope
hawkes_clustered_jumps_d100_var_0_995,antithetic_mc,512,true,2.418326975904242,0.0024050049036145812,0.10498941754489163,true,fastest_passing_internal_envelope
hawkes_clustered_jumps_d100_es_0_995,antithetic_mc,2048,true,8.030584240004828,0.008020182160000217,0.05922899428910154,true,fastest_passing_internal_envelope
hawkes_clustered_jumps_d100_var_0_999,antithetic_mc,2048,true,8.030584240004828,0.008020182160000217,0.026645830620358222,true,fastest_passing_internal_envelope
hawkes_clustered_jumps_d100_es_0_999,randomized_qmc,512,false,11.816504000040261,0.01181527299999964,0.042833446518435465,false,no_cpu_candidate_passed_internal_envelope
hawkes_clustered_jumps_d100_var_0_9995,randomized_qmc,512,false,11.816504000040261,0.01181527299999964,0.1168547066174348,false,no_cpu_candidate_passed_internal_envelope
hawkes_clustered_jumps_d100_es_0_9995,importance_sampling,2048,false,8.723705869551456,0.008696961565217728,0.09585040068196123,false,no_cpu_candidate_passed_internal_envelope
hawkes_clustered_jumps_d100_var_0_9999,importance_sampling,2048,false,8.723705869551456,0.008696961565217728,0.15576439241375678,false,no_cpu_candidate_passed_internal_envelope
hawkes_clustered_jumps_d100_es_0_9999,antithetic_mc,2048,false,8.030584240004828,0.008020182160000217,0.19620265371840886,false,no_cpu_candidate_passed_internal_envelope
hawkes_clustered_jumps_d250_var_0_99,randomized_qmc,2048,false,91.05933200013776,0.091057873666666,0.08018512913661634,false,no_cpu_candidate_passed_internal_envelope
hawkes_clustered_jumps_d250_es_0_99,raw_mc,2048,true,15.412862461534342,0.014344488785714102,0.05686220932594546,true,fastest_passing_internal_envelope
hawkes_clustered_jumps_d250_var_0_995,randomized_qmc,2048,false,91.05933200013776,0.091057873666666,0.07259454453320535,false,no_cpu_candidate_passed_internal_envelope
hawkes_clustered_jumps_d250_es_0_995,importance_sampling,2048,true,14.55419250000237,0.014255867066666875,0.021273916436624293,true,fastest_passing_internal_envelope
hawkes_clustered_jumps_d250_var_0_999,raw_mc,2048,true,15.412862461534342,0.014344488785714102,0.05866084821130435,true,fastest_passing_internal_envelope
hawkes_clustered_jumps_d250_es_0_999,raw_mc,2048,true,15.412862461534342,0.014344488785714102,0.05650413581342131,true,fastest_passing_internal_envelope
hawkes_clustered_jumps_d250_var_0_9995,raw_mc,2048,true,15.412862461534342,0.014344488785714102,0.06718017981210503,true,fastest_passing_internal_envelope
hawkes_clustered_jumps_d250_es_0_9995,importance_sampling,2048,true,14.55419250000237,0.014255867066666875,0.11553757028116468,true,fastest_passing_internal_envelope
hawkes_clustered_jumps_d250_var_0_9999,importance_sampling,512,false,4.835157857130634,0.004793551952380832,0.05711069948781954,false,no_cpu_candidate_passed_internal_envelope
hawkes_clustered_jumps_d250_es_0_9999,importance_sampling,512,false,4.835157857130634,0.004793551952380832,0.07822190837658242,false,no_cpu_candidate_passed_internal_envelope
hawkes_clustered_jumps_d500_var_0_99,antithetic_mc,2048,true,17.630106750023817,0.01762755824999947,0.02923370337186739,true,fastest_passing_internal_envelope
hawkes_clustered_jumps_d500_es_0_99,randomized_qmc,2048,true,133.22216000005938,0.1332169264999976,0.052109388334602304,true,fastest_passing_internal_envelope
hawkes_clustered_jumps_d500_var_0_995,antithetic_mc,2048,true,17.630106750023817,0.01762755824999947,0.02090929311504715,true,fastest_passing_internal_envelope
hawkes_clustered_jumps_d500_es_0_995,randomized_qmc,2048,false,133.22216000005938,0.1332169264999976,0.04332933527232588,false,no_cpu_candidate_passed_internal_envelope
hawkes_clustered_jumps_d500_var_0_999,antithetic_mc,2048,true,17.630106750023817,0.01762755824999947,0.13478306861942704,true,fastest_passing_internal_envelope
hawkes_clustered_jumps_d500_es_0_999,raw_mc,2048,true,21.675119099927542,0.021675795100000526,0.14221817930113206,true,fastest_passing_internal_envelope
hawkes_clustered_jumps_d500_var_0_9995,importance_sampling,2048,true,21.749039200039988,0.02165389329999954,0.08306379098530987,true,fastest_passing_internal_envelope
hawkes_clustered_jumps_d500_es_0_9995,antithetic_mc,2048,false,17.630106750023817,0.01762755824999947,0.08080208222417126,false,no_cpu_candidate_passed_internal_envelope
hawkes_clustered_jumps_d500_var_0_9999,importance_sampling,2048,false,21.749039200039988,0.02165389329999954,0.09522790047381326,false,no_cpu_candidate_passed_internal_envelope
hawkes_clustered_jumps_d500_es_0_9999,randomized_qmc,2048,false,133.22216000005938,0.1332169264999976,0.09440139733681573,false,no_cpu_candidate_passed_internal_envelope
hawkes_clustered_jumps_d1000_var_0_99,antithetic_mc,512,true,7.3406941071425535,0.007326967678571249,0.013814313016934157,true,fastest_passing_internal_envelope
hawkes_clustered_jumps_d1000_es_0_99,antithetic_mc,2048,true,29.35248185713135,0.02934853557142755,0.0052837869505302695,true,fastest_passing_internal_envelope
hawkes_clustered_jumps_d1000_var_0_995,antithetic_mc,2048,true,29.35248185713135,0.02934853557142755,0.003231910258753822,true,fastest_passing_internal_envelope
hawkes_clustered_jumps_d1000_es_0_995,antithetic_mc,2048,true,29.35248185713135,0.02934853557142755,0.00886689756742705,true,fastest_passing_internal_envelope
hawkes_clustered_jumps_d1000_var_0_999,antithetic_mc,2048,true,29.35248185713135,0.02934853557142755,0.03206139859684973,true,fastest_passing_internal_envelope
hawkes_clustered_jumps_d1000_es_0_999,antithetic_mc,2048,true,29.35248185713135,0.02934853557142755,0.09876738878485808,true,fastest_passing_internal_envelope
hawkes_clustered_jumps_d1000_var_0_9995,antithetic_mc,2048,true,29.35248185713135,0.02934853557142755,0.06150211258343526,true,fastest_passing_internal_envelope
hawkes_clustered_jumps_d1000_es_0_9995,raw_mc,2048,true,44.82877539994661,0.044676789400000416,0.14556874355927749,true,fastest_passing_internal_envelope
hawkes_clustered_jumps_d1000_var_0_9999,raw_mc,2048,true,44.82877539994661,0.044676789400000416,0.11831638023716019,true,fastest_passing_internal_envelope
hawkes_clustered_jumps_d1000_es_0_9999,randomized_qmc,2048,false,296.1180289994445,0.29097708000000466,0.2225789064039061,false,no_cpu_candidate_passed_internal_envelope
regime_switching_volatility_d100_var_0_99,antithetic_mc,2048,true,2.8761165428477398,0.0028758546571428464,0.08162326813889695,true,fastest_passing_internal_envelope
regime_switching_volatility_d100_es_0_99,antithetic_mc,2048,true,2.8761165428477398,0.0028758546571428464,0.04965225963818053,true,fastest_passing_internal_envelope
regime_switching_volatility_d100_var_0_995,raw_mc,512,true,1.120227480449448,0.00109962235754189,0.08114459304454019,true,fastest_passing_internal_envelope
regime_switching_volatility_d100_es_0_995,importance_sampling,2048,true,4.0810733800026355,0.004080660040000055,0.08038818314345325,true,fastest_passing_internal_envelope
regime_switching_volatility_d100_var_0_999,antithetic_mc,512,true,0.7700263653847427,0.0007231612730769563,0.08223987700235807,true,fastest_passing_internal_envelope
regime_switching_volatility_d100_es_0_999,importance_sampling,512,true,1.1430220800009139,0.0011297449600000066,0.024084401192888565,true,fastest_passing_internal_envelope
regime_switching_volatility_d100_var_0_9995,importance_sampling,512,true,1.1430220800009139,0.0011297449600000066,0.052264629204379714,true,fastest_passing_internal_envelope
regime_switching_volatility_d100_es_0_9995,importance_sampling,512,true,1.1430220800009139,0.0011297449600000066,0.021749289345448064,true,fastest_passing_internal_envelope
regime_switching_volatility_d100_var_0_9999,antithetic_mc,2048,false,2.8761165428477398,0.0028758546571428464,0.07763510910558528,false,no_cpu_candidate_passed_internal_envelope
regime_switching_volatility_d100_es_0_9999,antithetic_mc,2048,false,2.8761165428477398,0.0028758546571428464,0.07297210863033317,false,no_cpu_candidate_passed_internal_envelope
regime_switching_volatility_d250_var_0_99,antithetic_mc,512,true,1.5857083858284704,0.0015807072047244793,0.04012066169441243,true,fastest_passing_internal_envelope
regime_switching_volatility_d250_es_0_99,randomized_qmc,2048,false,48.26967799999693,0.04813708679999991,0.07423234567104388,false,no_cpu_candidate_passed_internal_envelope
regime_switching_volatility_d250_var_0_995,raw_mc,2048,false,9.421277954515972,0.009421586818181605,0.046952242608835175,false,no_cpu_candidate_passed_internal_envelope
regime_switching_volatility_d250_es_0_995,randomized_qmc,2048,true,48.26967799999693,0.04813708679999991,0.073702109929136,true,fastest_passing_internal_envelope
regime_switching_volatility_d250_var_0_999,importance_sampling,2048,true,9.423681727267567,0.00942194159090868,0.07469617392833142,true,fastest_passing_internal_envelope
regime_switching_volatility_d250_es_0_999,randomized_qmc,2048,true,48.26967799999693,0.04813708679999991,0.018374354764070937,true,fastest_passing_internal_envelope
regime_switching_volatility_d250_var_0_9995,randomized_qmc,2048,true,48.26967799999693,0.04813708679999991,0.033443274224281304,true,fastest_passing_internal_envelope
regime_switching_volatility_d250_es_0_9995,randomized_qmc,2048,true,48.26967799999693,0.04813708679999991,0.006699379121182298,true,fastest_passing_internal_envelope
regime_switching_volatility_d250_var_0_9999,randomized_qmc,2048,true,48.26967799999693,0.04813708679999991,0.0055147823611320585,true,fastest_passing_internal_envelope
regime_switching_volatility_d250_es_0_9999,randomized_qmc,2048,true,48.26967799999693,0.04813708679999991,0.02040648977415416,true,fastest_passing_internal_envelope
regime_switching_volatility_d500_var_0_99,randomized_qmc,512,false,45.49994700009847,0.04549383080000098,0.014458548324022678,false,no_cpu_candidate_passed_internal_envelope
regime_switching_volatility_d500_es_0_99,raw_mc,512,true,4.69304930232093,0.0046925345348838195,0.049757787284931104,true,fastest_passing_internal_envelope
regime_switching_volatility_d500_var_0_995,raw_mc,2048,false,16.924886833294295,0.016925729000000445,0.03930566814642375,false,no_cpu_candidate_passed_internal_envelope
regime_switching_volatility_d500_es_0_995,raw_mc,512,true,4.69304930232093,0.0046925345348838195,0.024191854205435872,true,fastest_passing_internal_envelope
regime_switching_volatility_d500_var_0_999,antithetic_mc,512,true,3.1552545781323715,0.003155381656249956,0.08268801068724609,true,fastest_passing_internal_envelope
regime_switching_volatility_d500_es_0_999,antithetic_mc,512,true,3.1552545781323715,0.003155381656249956,0.04698992735196203,true,fastest_passing_internal_envelope
regime_switching_volatility_d500_var_0_9995,antithetic_mc,512,true,3.1552545781323715,0.003155381656249956,0.04089684179428829,true,fastest_passing_internal_envelope
regime_switching_volatility_d500_es_0_9995,antithetic_mc,512,true,3.1552545781323715,0.003155381656249956,0.06265398139042516,true,fastest_passing_internal_envelope
regime_switching_volatility_d500_var_0_9999,raw_mc,2048,true,16.924886833294295,0.016925729000000445,0.11826160397260471,true,fastest_passing_internal_envelope
regime_switching_volatility_d500_es_0_9999,antithetic_mc,2048,true,12.228563235326233,0.012229323529411699,0.04444853703050014,true,fastest_passing_internal_envelope
regime_switching_volatility_d1000_var_0_99,raw_mc,2048,true,35.58670216671089,0.035385613166665074,0.046057849319474334,true,fastest_passing_internal_envelope
regime_switching_volatility_d1000_es_0_99,importance_sampling,2048,true,36.04230833328378,0.03563302499999802,0.03468039336114586,true,fastest_passing_internal_envelope
regime_switching_volatility_d1000_var_0_995,raw_mc,2048,true,35.58670216671089,0.035385613166665074,0.018898735474303,true,fastest_passing_internal_envelope
regime_switching_volatility_d1000_es_0_995,importance_sampling,2048,true,36.04230833328378,0.03563302499999802,0.0189217610452404,true,fastest_passing_internal_envelope
regime_switching_volatility_d1000_var_0_999,antithetic_mc,512,true,6.180624333341477,0.006125208363636664,0.007571851265036047,true,fastest_passing_internal_envelope
regime_switching_volatility_d1000_es_0_999,antithetic_mc,512,true,6.180624333341477,0.006125208363636664,0.09376860194432135,true,fastest_passing_internal_envelope
regime_switching_volatility_d1000_var_0_9995,antithetic_mc,512,true,6.180624333341477,0.006125208363636664,0.060075144761481306,true,fastest_passing_internal_envelope
regime_switching_volatility_d1000_es_0_9995,raw_mc,2048,true,35.58670216671089,0.035385613166665074,0.05387479376300383,true,fastest_passing_internal_envelope
regime_switching_volatility_d1000_var_0_9999,antithetic_mc,2048,true,23.17061277780239,0.023147686555555918,0.11290878459798495,true,fastest_passing_internal_envelope
regime_switching_volatility_d1000_es_0_9999,raw_mc,2048,true,35.58670216671089,0.035385613166665074,0.03112383590994078,true,fastest_passing_internal_envelope
default_mixture_common_factor_d100_var_0_99,randomized_qmc,2048,true,21.37369869997201,0.02133271769999965,0.06782404682072993,true,fastest_passing_internal_envelope
default_mixture_common_factor_d100_es_0_99,antithetic_mc,2048,true,3.781891226403872,0.003782068924528431,0.0832131141304623,true,fastest_passing_internal_envelope
default_mixture_common_factor_d100_var_0_995,antithetic_mc,2048,false,3.781891226403872,0.003782068924528431,0.10249037059635663,false,no_cpu_candidate_passed_internal_envelope
default_mixture_common_factor_d100_es_0_995,randomized_qmc,2048,true,21.37369869997201,0.02133271769999965,0.088964523280392,true,fastest_passing_internal_envelope
default_mixture_common_factor_d100_var_0_999,randomized_qmc,2048,false,21.37369869997201,0.02133271769999965,0.08022391588290759,false,no_cpu_candidate_passed_internal_envelope
default_mixture_common_factor_d100_es_0_999,randomized_qmc,2048,true,21.37369869997201,0.02133271769999965,0.05092869152559548,true,fastest_passing_internal_envelope
default_mixture_common_factor_d100_var_0_9995,antithetic_mc,512,true,1.441217411346841,0.0014413122482269645,0.11352126623348494,true,fastest_passing_internal_envelope
default_mixture_common_factor_d100_es_0_9995,randomized_qmc,2048,true,21.37369869997201,0.02133271769999965,0.09989402134336718,true,fastest_passing_internal_envelope
default_mixture_common_factor_d100_var_0_9999,randomized_qmc,2048,false,21.37369869997201,0.02133271769999965,0.158520448925066,false,no_cpu_candidate_passed_internal_envelope
default_mixture_common_factor_d100_es_0_9999,antithetic_mc,2048,false,3.781891226403872,0.003782068924528431,0.1722033195847611,false,no_cpu_candidate_passed_internal_envelope
default_mixture_common_factor_d250_var_0_99,antithetic_mc,512,true,2.440306256098333,0.0024386352560975895,0.0790693799218684,true,fastest_passing_internal_envelope
default_mixture_common_factor_d250_es_0_99,antithetic_mc,2048,true,8.418281708334993,0.008417604249999636,0.006059214696063275,true,fastest_passing_internal_envelope
default_mixture_common_factor_d250_var_0_995,antithetic_mc,2048,true,8.418281708334993,0.008417604249999636,0.01868979141249517,true,fastest_passing_internal_envelope
default_mixture_common_factor_d250_es_0_995,antithetic_mc,2048,true,8.418281708334993,0.008417604249999636,0.06541099623359438,true,fastest_passing_internal_envelope
default_mixture_common_factor_d250_var_0_999,antithetic_mc,2048,true,8.418281708334993,0.008417604249999636,0.10708285730614653,true,fastest_passing_internal_envelope
default_mixture_common_factor_d250_es_0_999,randomized_qmc,2048,true,47.746033600014925,0.04774203820000196,0.07029992080767004,true,fastest_passing_internal_envelope
default_mixture_common_factor_d250_var_0_9995,randomized_qmc,2048,true,47.746033600014925,0.04774203820000196,0.0768021169592126,true,fastest_passing_internal_envelope
default_mixture_common_factor_d250_es_0_9995,randomized_qmc,2048,false,47.746033600014925,0.04774203820000196,0.10647381009761184,false,no_cpu_candidate_passed_internal_envelope
default_mixture_common_factor_d250_var_0_9999,randomized_qmc,2048,false,47.746033600014925,0.04774203820000196,0.10364231890829571,false,no_cpu_candidate_passed_internal_envelope
default_mixture_common_factor_d250_es_0_9999,randomized_qmc,2048,false,47.746033600014925,0.04774203820000196,0.14635705464836163,false,no_cpu_candidate_passed_internal_envelope
default_mixture_common_factor_d500_var_0_99,antithetic_mc,512,true,4.280454808511113,0.004279868170212776,0.16664661351118784,true,fastest_passing_internal_envelope
default_mixture_common_factor_d500_es_0_99,raw_mc,2048,true,26.03600825000285,0.026037628124999657,0.03871373841906868,true,fastest_passing_internal_envelope
default_mixture_common_factor_d500_var_0_995,raw_mc,512,true,6.808736966680347,0.006808107200000298,0.10284838606394149,true,fastest_passing_internal_envelope
default_mixture_common_factor_d500_es_0_995,raw_mc,2048,true,26.03600825000285,0.026037628124999657,0.03821873768065856,true,fastest_passing_internal_envelope
default_mixture_common_factor_d500_var_0_999,randomized_qmc,512,false,41.754885999944236,0.041744585199998595,0.07708557846222375,false,no_cpu_candidate_passed_internal_envelope
default_mixture_common_factor_d500_es_0_999,randomized_qmc,2048,true,122.75196149994372,0.1227413344999988,0.0914662512598864,true,fastest_passing_internal_envelope
default_mixture_common_factor_d500_var_0_9995,randomized_qmc,2048,true,122.75196149994372,0.1227413344999988,0.05363902851747327,true,fastest_passing_internal_envelope
default_mixture_common_factor_d500_es_0_9995,randomized_qmc,2048,true,122.75196149994372,0.1227413344999988,0.07092755605320057,true,fastest_passing_internal_envelope
default_mixture_common_factor_d500_var_0_9999,randomized_qmc,2048,true,122.75196149994372,0.1227413344999988,0.07856633990388656,true,fastest_passing_internal_envelope
default_mixture_common_factor_d500_es_0_9999,randomized_qmc,2048,true,122.75196149994372,0.1227413344999988,0.06468980062786234,true,fastest_passing_internal_envelope
default_mixture_common_factor_d1000_var_0_99,antithetic_mc,2048,true,42.07372260007105,0.04192959199999961,0.08063936763162816,true,fastest_passing_internal_envelope
default_mixture_common_factor_d1000_es_0_99,antithetic_mc,2048,true,42.07372260007105,0.04192959199999961,0.042211391385159926,true,fastest_passing_internal_envelope
default_mixture_common_factor_d1000_var_0_995,antithetic_mc,2048,true,42.07372260007105,0.04192959199999961,0.021587596147013804,true,fastest_passing_internal_envelope
default_mixture_common_factor_d1000_es_0_995,antithetic_mc,2048,true,42.07372260007105,0.04192959199999961,0.08542755658400747,true,fastest_passing_internal_envelope
default_mixture_common_factor_d1000_var_0_999,antithetic_mc,512,true,8.518428416664392,0.008516346875000025,0.048890135240040856,true,fastest_passing_internal_envelope
default_mixture_common_factor_d1000_es_0_999,randomized_qmc,2048,true,335.2983380000296,0.3323975729999944,0.004387558785878116,true,fastest_passing_internal_envelope
default_mixture_common_factor_d1000_var_0_9995,antithetic_mc,512,false,8.518428416664392,0.008516346875000025,0.026647594821148538,false,no_cpu_candidate_passed_internal_envelope
default_mixture_common_factor_d1000_es_0_9995,antithetic_mc,512,false,8.518428416664392,0.008516346875000025,0.015289856113222812,false,no_cpu_candidate_passed_internal_envelope
default_mixture_common_factor_d1000_var_0_9999,antithetic_mc,512,false,8.518428416664392,0.008516346875000025,0.0684548526894333,false,no_cpu_candidate_passed_internal_envelope
default_mixture_common_factor_d1000_es_0_9999,antithetic_mc,512,false,8.518428416664392,0.008516346875000025,0.07622964338874419,false,no_cpu_candidate_passed_internal_envelope
discontinuous_liquidity_loss_d100_var_0_99,importance_sampling,512,true,1.3813987448319776,0.0013812758206897561,0.019194754310726793,true,fastest_passing_internal_envelope
discontinuous_liquidity_loss_d100_es_0_99,importance_sampling,512,true,1.3813987448319776,0.0013812758206897561,0.027892099950040716,true,fastest_passing_internal_envelope
discontinuous_liquidity_loss_d100_var_0_995,importance_sampling,512,true,1.3813987448319776,0.0013812758206897561,0.018225528723431608,true,fastest_passing_internal_envelope
discontinuous_liquidity_loss_d100_es_0_995,importance_sampling,512,true,1.3813987448319776,0.0013812758206897561,0.027146290901715633,true,fastest_passing_internal_envelope
discontinuous_liquidity_loss_d100_var_0_999,importance_sampling,512,true,1.3813987448319776,0.0013812758206897561,0.016757609195293784,true,fastest_passing_internal_envelope
discontinuous_liquidity_loss_d100_es_0_999,antithetic_mc,2048,true,3.4496433275872453,0.0034498334310342216,0.00974628803645476,true,fastest_passing_internal_envelope
discontinuous_liquidity_loss_d100_var_0_9995,importance_sampling,512,true,1.3813987448319776,0.0013812758206897561,0.033372281673368705,true,fastest_passing_internal_envelope
discontinuous_liquidity_loss_d100_es_0_9995,antithetic_mc,2048,true,3.4496433275872453,0.0034498334310342216,0.034270114756744845,true,fastest_passing_internal_envelope
discontinuous_liquidity_loss_d100_var_0_9999,randomized_qmc,2048,false,24.308847777825175,0.02430112555555613,0.033416621885693276,false,no_cpu_candidate_passed_internal_envelope
discontinuous_liquidity_loss_d100_es_0_9999,randomized_qmc,2048,true,24.308847777825175,0.02430112555555613,0.06333300349078787,true,fastest_passing_internal_envelope
discontinuous_liquidity_loss_d250_var_0_99,antithetic_mc,512,true,2.340798581393079,0.0023406773720929526,0.01725622731186024,true,fastest_passing_internal_envelope
discontinuous_liquidity_loss_d250_es_0_99,antithetic_mc,512,true,2.340798581393079,0.0023406773720929526,0.03212973830198147,true,fastest_passing_internal_envelope
discontinuous_liquidity_loss_d250_var_0_995,raw_mc,512,true,3.4167885084833083,0.0034169199491523392,0.04989229070078393,true,fastest_passing_internal_envelope
discontinuous_liquidity_loss_d250_es_0_995,antithetic_mc,512,true,2.340798581393079,0.0023406773720929526,0.03251430067098426,true,fastest_passing_internal_envelope
discontinuous_liquidity_loss_d250_var_0_999,antithetic_mc,512,true,2.340798581393079,0.0023406773720929526,0.050979201031693504,true,fastest_passing_internal_envelope
discontinuous_liquidity_loss_d250_es_0_999,importance_sampling,512,true,3.6723625636361907,0.0036725868363636106,0.04563525592112135,true,fastest_passing_internal_envelope
discontinuous_liquidity_loss_d250_var_0_9995,antithetic_mc,2048,true,6.19032212120091,0.006187589272727653,0.06759765273760264,true,fastest_passing_internal_envelope
discontinuous_liquidity_loss_d250_es_0_9995,importance_sampling,512,true,3.6723625636361907,0.0036725868363636106,0.047684927537255645,true,fastest_passing_internal_envelope
discontinuous_liquidity_loss_d250_var_0_9999,antithetic_mc,512,true,2.340798581393079,0.0023406773720929526,0.10955869697058947,true,fastest_passing_internal_envelope
discontinuous_liquidity_loss_d250_es_0_9999,importance_sampling,512,true,3.6723625636361907,0.0036725868363636106,0.05909148865623116,true,fastest_passing_internal_envelope
discontinuous_liquidity_loss_d500_var_0_99,importance_sampling,512,true,5.316964710537401,0.005296751657895308,0.03669304451041464,true,fastest_passing_internal_envelope
discontinuous_liquidity_loss_d500_es_0_99,importance_sampling,512,true,5.316964710537401,0.005296751657895308,0.040201552087360606,true,fastest_passing_internal_envelope
discontinuous_liquidity_loss_d500_var_0_995,importance_sampling,512,true,5.316964710537401,0.005296751657895308,0.026017114941729466,true,fastest_passing_internal_envelope
discontinuous_liquidity_loss_d500_es_0_995,importance_sampling,512,true,5.316964710537401,0.005296751657895308,0.04390124062507007,true,fastest_passing_internal_envelope
discontinuous_liquidity_loss_d500_var_0_999,importance_sampling,512,true,5.316964710537401,0.005296751657895308,0.04147761670874034,true,fastest_passing_internal_envelope
discontinuous_liquidity_loss_d500_es_0_999,importance_sampling,512,true,5.316964710537401,0.005296751657895308,0.025966219372588962,true,fastest_passing_internal_envelope
discontinuous_liquidity_loss_d500_var_0_9995,importance_sampling,2048,true,20.158411300053558,0.02013546690000112,0.041822139157205715,true,fastest_passing_internal_envelope
discontinuous_liquidity_loss_d500_es_0_9995,importance_sampling,512,true,5.316964710537401,0.005296751657895308,0.0218972437954411,true,fastest_passing_internal_envelope
discontinuous_liquidity_loss_d500_var_0_9999,importance_sampling,512,true,5.316964710537401,0.005296751657895308,0.037304575684749874,true,fastest_passing_internal_envelope
discontinuous_liquidity_loss_d500_es_0_9999,importance_sampling,512,true,5.316964710537401,0.005296751657895308,0.011858647313088473,true,fastest_passing_internal_envelope
discontinuous_liquidity_loss_d1000_var_0_99,antithetic_mc,2048,true,26.65163075005239,0.026647338874997928,0.022460520779458298,true,fastest_passing_internal_envelope
discontinuous_liquidity_loss_d1000_es_0_99,importance_sampling,512,true,9.819944619050062,0.00981547447619034,0.012219212694200605,true,fastest_passing_internal_envelope
discontinuous_liquidity_loss_d1000_var_0_995,antithetic_mc,2048,true,26.65163075005239,0.026647338874997928,0.0476773178658618,true,fastest_passing_internal_envelope
discontinuous_liquidity_loss_d1000_es_0_995,importance_sampling,512,true,9.819944619050062,0.00981547447619034,0.02003347822382127,true,fastest_passing_internal_envelope
discontinuous_liquidity_loss_d1000_var_0_999,importance_sampling,512,true,9.819944619050062,0.00981547447619034,0.03502973892001871,true,fastest_passing_internal_envelope
discontinuous_liquidity_loss_d1000_es_0_999,importance_sampling,512,true,9.819944619050062,0.00981547447619034,0.012845212699108245,true,fastest_passing_internal_envelope
discontinuous_liquidity_loss_d1000_var_0_9995,importance_sampling,512,true,9.819944619050062,0.00981547447619034,0.02189140340751563,true,fastest_passing_internal_envelope
discontinuous_liquidity_loss_d1000_es_0_9995,importance_sampling,512,true,9.819944619050062,0.00981547447619034,0.04766481275764102,true,fastest_passing_internal_envelope
discontinuous_liquidity_loss_d1000_var_0_9999,antithetic_mc,2048,true,26.65163075005239,0.026647338874997928,0.06896913006600885,true,fastest_passing_internal_envelope
discontinuous_liquidity_loss_d1000_es_0_9999,importance_sampling,512,false,9.819944619050062,0.00981547447619034,0.01479109759252184,false,no_cpu_candidate_passed_internal_envelope
near_singular_correlation_d100_var_0_99,importance_sampling,512,true,1.2165165696966471,0.0012163572181818974,0.00800120006910272,true,fastest_passing_internal_envelope
near_singular_correlation_d100_es_0_99,importance_sampling,512,true,1.2165165696966471,0.0012163572181818974,0.008981577500338539,true,fastest_passing_internal_envelope
near_singular_correlation_d100_var_0_995,importance_sampling,512,true,1.2165165696966471,0.0012163572181818974,0.00636462080643869,true,fastest_passing_internal_envelope
near_singular_correlation_d100_es_0_995,importance_sampling,512,true,1.2165165696966471,0.0012163572181818974,0.01097247150914764,true,fastest_passing_internal_envelope
near_singular_correlation_d100_var_0_999,importance_sampling,512,true,1.2165165696966471,0.0012163572181818974,0.013540843783146607,true,fastest_passing_internal_envelope
near_singular_correlation_d100_es_0_999,importance_sampling,512,true,1.2165165696966471,0.0012163572181818974,0.03675958906100862,true,fastest_passing_internal_envelope
near_singular_correlation_d100_var_0_9995,importance_sampling,512,true,1.2165165696966471,0.0012163572181818974,0.033252809782979155,true,fastest_passing_internal_envelope
near_singular_correlation_d100_es_0_9995,importance_sampling,512,true,1.2165165696966471,0.0012163572181818974,0.06282634721539385,true,fastest_passing_internal_envelope
near_singular_correlation_d100_var_0_9999,importance_sampling,512,true,1.2165165696966471,0.0012163572181818974,0.0612305180219583,true,fastest_passing_internal_envelope
near_singular_correlation_d100_es_0_9999,importance_sampling,512,true,1.2165165696966471,0.0012163572181818974,0.09574960976364985,true,fastest_passing_internal_envelope
near_singular_correlation_d250_var_0_99,importance_sampling,512,true,2.5328957341761327,0.0025330440126579913,0.021673877603513858,true,fastest_passing_internal_envelope
near_singular_correlation_d250_es_0_99,importance_sampling,512,true,2.5328957341761327,0.0025330440126579913,0.017263005644255373,true,fastest_passing_internal_envelope
near_singular_correlation_d250_var_0_995,importance_sampling,512,true,2.5328957341761327,0.0025330440126579913,0.03709901809728801,true,fastest_passing_internal_envelope
near_singular_correlation_d250_es_0_995,importance_sampling,512,true,2.5328957341761327,0.0025330440126579913,0.010126552079680148,true,fastest_passing_internal_envelope
near_singular_correlation_d250_var_0_999,importance_sampling,512,true,2.5328957341761327,0.0025330440126579913,0.007195809742436196,true,fastest_passing_internal_envelope
near_singular_correlation_d250_es_0_999,importance_sampling,512,true,2.5328957341761327,0.0025330440126579913,0.08380475734744039,true,fastest_passing_internal_envelope
near_singular_correlation_d250_var_0_9995,importance_sampling,512,true,2.5328957341761327,0.0025330440126579913,0.06646648506931829,true,fastest_passing_internal_envelope
near_singular_correlation_d250_es_0_9995,importance_sampling,512,true,2.5328957341761327,0.0025330440126579913,0.10345025636551854,true,fastest_passing_internal_envelope
near_singular_correlation_d250_var_0_9999,importance_sampling,512,true,2.5328957341761327,0.0025330440126579913,0.11980681433545887,true,fastest_passing_internal_envelope
near_singular_correlation_d250_es_0_9999,importance_sampling,2048,false,9.396411409067117,0.009396253000000404,0.1601267727312965,false,no_cpu_candidate_passed_internal_envelope
near_singular_correlation_d500_var_0_99,raw_mc,512,true,4.648555909088,0.004642030159090573,0.07058975240808919,true,fastest_passing_internal_envelope
near_singular_correlation_d500_es_0_99,importance_sampling,512,true,5.064889324989963,0.005064245475000462,0.01635479224915253,true,fastest_passing_internal_envelope
near_singular_correlation_d500_var_0_995,antithetic_mc,512,true,3.2442043387075707,0.003242560919354967,0.08392137917623022,true,fastest_passing_internal_envelope
near_singular_correlation_d500_es_0_995,raw_mc,512,true,4.648555909088,0.004642030159090573,0.06837099387755248,true,fastest_passing_internal_envelope
near_singular_correlation_d500_var_0_999,raw_mc,512,true,4.648555909088,0.004642030159090573,0.08223915061877272,true,fastest_passing_internal_envelope
near_singular_correlation_d500_es_0_999,importance_sampling,512,true,5.064889324989963,0.005064245475000462,0.024583245975511227,true,fastest_passing_internal_envelope
near_singular_correlation_d500_var_0_9995,importance_sampling,512,true,5.064889324989963,0.005064245475000462,0.014097923495975788,true,fastest_passing_internal_envelope
near_singular_correlation_d500_es_0_9995,importance_sampling,512,true,5.064889324989963,0.005064245475000462,0.05294318273093187,true,fastest_passing_internal_envelope
near_singular_correlation_d500_var_0_9999,importance_sampling,512,true,5.064889324989963,0.005064245475000462,0.09996534836681228,true,fastest_passing_internal_envelope
near_singular_correlation_d500_es_0_9999,importance_sampling,512,true,5.064889324989963,0.005064245475000462,0.10157486690220514,true,fastest_passing_internal_envelope
near_singular_correlation_d1000_var_0_99,importance_sampling,512,true,9.287737454542366,0.00922335518181812,0.02132007404777736,true,fastest_passing_internal_envelope
near_singular_correlation_d1000_es_0_99,importance_sampling,512,true,9.287737454542366,0.00922335518181812,0.021013435966072556,true,fastest_passing_internal_envelope
near_singular_correlation_d1000_var_0_995,importance_sampling,512,true,9.287737454542366,0.00922335518181812,0.017569440397559255,true,fastest_passing_internal_envelope
near_singular_correlation_d1000_es_0_995,importance_sampling,512,true,9.287737454542366,0.00922335518181812,0.028835326980965935,true,fastest_passing_internal_envelope
near_singular_correlation_d1000_var_0_999,importance_sampling,512,true,9.287737454542366,0.00922335518181812,0.03439711166394189,true,fastest_passing_internal_envelope
near_singular_correlation_d1000_es_0_999,importance_sampling,512,true,9.287737454542366,0.00922335518181812,0.04170993007278977,true,fastest_passing_internal_envelope
near_singular_correlation_d1000_var_0_9995,importance_sampling,512,true,9.287737454542366,0.00922335518181812,0.04637120754451519,true,fastest_passing_internal_envelope
near_singular_correlation_d1000_es_0_9995,importance_sampling,512,true,9.287737454542366,0.00922335518181812,0.05733805691876372,true,fastest_passing_internal_envelope
near_singular_correlation_d1000_var_0_9999,importance_sampling,512,true,9.287737454542366,0.00922335518181812,0.021530111890881064,true,fastest_passing_internal_envelope
near_singular_correlation_d1000_es_0_9999,importance_sampling,512,true,9.287737454542366,0.00922335518181812,0.05819490083877742,true,fastest_passing_internal_envelope
