regime,dimension,confidence_level,metric,reference_estimate,reference_ci_half_width,reference_status,reference_paths,reference_shards,reference_tail_observations_expected,reference_wall_seconds
t_copula_heavy_tail,100,0.99,VaR,3.4587564510932616,0.20180823558944805,R1_INTERNAL_CPU_REFERENCE_WITH_CI,8192,8,81.92000000000007,0.13581815199995617
t_copula_heavy_tail,100,0.99,ES,5.026374616592902,0.574672104361882,R1_INTERNAL_CPU_REFERENCE_WITH_CI,8192,8,81.92000000000007,0.13581815199995617
t_copula_heavy_tail,100,0.995,VaR,4.167489613403971,0.4751328978169446,R1_INTERNAL_CPU_REFERENCE_WITH_CI,8192,8,40.960000000000036,0.13581815199995617
t_copula_heavy_tail,100,0.995,ES,6.305065732966675,0.8883930104986333,R1_INTERNAL_CPU_REFERENCE_WITH_CI,8192,8,40.960000000000036,0.13581815199995617
t_copula_heavy_tail,100,0.999,VaR,7.52123237544841,1.4016358240767555,R1_INTERNAL_CPU_REFERENCE_LOW_TAIL_POWER,8192,8,8.192000000000007,0.13581815199995617
t_copula_heavy_tail,100,0.999,ES,10.436225476295,1.9894732459101847,R1_INTERNAL_CPU_REFERENCE_LOW_TAIL_POWER,8192,8,8.192000000000007,0.13581815199995617
t_copula_heavy_tail,100,0.9995,VaR,9.178135587956,1.9583492817806436,R1_INTERNAL_CPU_REFERENCE_LOW_TAIL_POWER,8192,8,4.095999999999549,0.13581815199995617
t_copula_heavy_tail,100,0.9995,ES,11.82066217904723,3.5854724047498308,R1_INTERNAL_CPU_REFERENCE_LOW_TAIL_POWER,8192,8,4.095999999999549,0.13581815199995617
t_copula_heavy_tail,100,0.9999,VaR,12.145441903659332,3.2356724427261074,R1_INTERNAL_CPU_REFERENCE_LOW_TAIL_POWER,8192,8,0.8191999999999098,0.13581815199995617
t_copula_heavy_tail,100,0.9999,ES,21.02489219171337,3.5854724047498308,R1_INTERNAL_CPU_REFERENCE_LOW_TAIL_POWER,8192,8,0.8191999999999098,0.13581815199995617
t_copula_heavy_tail,250,0.99,VaR,3.4791184747373296,0.261656755143957,R1_INTERNAL_CPU_REFERENCE_WITH_CI,8192,8,81.92000000000007,0.12421557900006519
t_copula_heavy_tail,250,0.99,ES,5.1427767089251155,0.429256783914798,R1_INTERNAL_CPU_REFERENCE_WITH_CI,8192,8,81.92000000000007,0.12421557900006519
t_copula_heavy_tail,250,0.995,VaR,4.553751979195847,0.4084522340939328,R1_INTERNAL_CPU_REFERENCE_WITH_CI,8192,8,40.960000000000036,0.12421557900006519
t_copula_heavy_tail,250,0.995,ES,6.359503382806194,0.6069350895456728,R1_INTERNAL_CPU_REFERENCE_WITH_CI,8192,8,40.960000000000036,0.12421557900006519
t_copula_heavy_tail,250,0.999,VaR,7.375411196203086,0.8478400971369997,R1_INTERNAL_CPU_REFERENCE_LOW_TAIL_POWER,8192,8,8.192000000000007,0.12421557900006519
t_copula_heavy_tail,250,0.999,ES,8.57730221705869,0.9381556677163059,R1_INTERNAL_CPU_REFERENCE_LOW_TAIL_POWER,8192,8,8.192000000000007,0.12421557900006519
t_copula_heavy_tail,250,0.9995,VaR,8.306202232832508,0.9352384760713625,R1_INTERNAL_CPU_REFERENCE_LOW_TAIL_POWER,8192,8,4.095999999999549,0.12421557900006519
t_copula_heavy_tail,250,0.9995,ES,9.250917398269866,1.0990469458044052,R1_INTERNAL_CPU_REFERENCE_LOW_TAIL_POWER,8192,8,4.095999999999549,0.12421557900006519
t_copula_heavy_tail,250,0.9999,VaR,10.1651804669137,1.0613673304365638,R1_INTERNAL_CPU_REFERENCE_LOW_TAIL_POWER,8192,8,0.8191999999999098,0.12421557900006519
t_copula_heavy_tail,250,0.9999,ES,10.250101781719604,1.0990469458044052,R1_INTERNAL_CPU_REFERENCE_LOW_TAIL_POWER,8192,8,0.8191999999999098,0.12421557900006519
t_copula_heavy_tail,500,0.99,VaR,3.4237652304294,0.235841720901185,R1_INTERNAL_CPU_REFERENCE_WITH_CI,8192,8,81.92000000000007,0.13576512899999216
t_copula_heavy_tail,500,0.99,ES,4.986767880296828,0.33029594399526374,R1_INTERNAL_CPU_REFERENCE_WITH_CI,8192,8,81.92000000000007,0.13576512899999216
t_copula_heavy_tail,500,0.995,VaR,4.308062710158276,0.22674171415274746,R1_INTERNAL_CPU_REFERENCE_WITH_CI,8192,8,40.960000000000036,0.13576512899999216
t_copula_heavy_tail,500,0.995,ES,6.174748931596478,0.5108371914947948,R1_INTERNAL_CPU_REFERENCE_WITH_CI,8192,8,40.960000000000036,0.13576512899999216
t_copula_heavy_tail,500,0.999,VaR,7.218450881232437,0.852638590690341,R1_INTERNAL_CPU_REFERENCE_LOW_TAIL_POWER,8192,8,8.192000000000007,0.13576512899999216
t_copula_heavy_tail,500,0.999,ES,9.516679627035204,1.2208495199078044,R1_INTERNAL_CPU_REFERENCE_LOW_TAIL_POWER,8192,8,8.192000000000007,0.13576512899999216
t_copula_heavy_tail,500,0.9995,VaR,8.94416182841619,1.2096113572423626,R1_INTERNAL_CPU_REFERENCE_LOW_TAIL_POWER,8192,8,4.095999999999549,0.13576512899999216
t_copula_heavy_tail,500,0.9995,ES,10.759266526332713,1.7694434564277388,R1_INTERNAL_CPU_REFERENCE_LOW_TAIL_POWER,8192,8,4.095999999999549,0.13576512899999216
t_copula_heavy_tail,500,0.9999,VaR,11.958703080127238,1.6502260983484311,R1_INTERNAL_CPU_REFERENCE_LOW_TAIL_POWER,8192,8,0.8191999999999098,0.13576512899999216
t_copula_heavy_tail,500,0.9999,ES,14.43991864871911,1.7694434564277388,R1_INTERNAL_CPU_REFERENCE_LOW_TAIL_POWER,8192,8,0.8191999999999098,0.13576512899999216
t_copula_heavy_tail,1000,0.99,VaR,3.320232221469688,0.1867745531875039,R1_INTERNAL_CPU_REFERENCE_WITH_CI,8192,8,81.92000000000007,0.21539034400029777
t_copula_heavy_tail,1000,0.99,ES,4.941508958188622,0.7267965446604184,R1_INTERNAL_CPU_REFERENCE_WITH_CI,8192,8,81.92000000000007,0.21539034400029777
t_copula_heavy_tail,1000,0.995,VaR,4.0564304650932606,0.38830681905657055,R1_INTERNAL_CPU_REFERENCE_WITH_CI,8192,8,40.960000000000036,0.21539034400029777
t_copula_heavy_tail,1000,0.995,ES,6.279027507243998,1.2018298393251807,R1_INTERNAL_CPU_REFERENCE_WITH_CI,8192,8,40.960000000000036,0.21539034400029777
t_copula_heavy_tail,1000,0.999,VaR,7.305566577447056,1.1256526412791459,R1_INTERNAL_CPU_REFERENCE_LOW_TAIL_POWER,8192,8,8.192000000000007,0.21539034400029777
t_copula_heavy_tail,1000,0.999,ES,10.74285636636319,2.788435861174876,R1_INTERNAL_CPU_REFERENCE_LOW_TAIL_POWER,8192,8,8.192000000000007,0.21539034400029777
t_copula_heavy_tail,1000,0.9995,VaR,8.685972263562556,2.7442334522925296,R1_INTERNAL_CPU_REFERENCE_LOW_TAIL_POWER,8192,8,4.095999999999549,0.21539034400029777
t_copula_heavy_tail,1000,0.9995,ES,13.191100227667913,4.769705070063464,R1_INTERNAL_CPU_REFERENCE_LOW_TAIL_POWER,8192,8,4.095999999999549,0.21539034400029777
t_copula_heavy_tail,1000,0.9999,VaR,14.666310232216283,4.3583906651124895,R1_INTERNAL_CPU_REFERENCE_LOW_TAIL_POWER,8192,8,0.8191999999999098,0.21539034400029777
t_copula_heavy_tail,1000,0.9999,ES,26.067088622421405,4.769705070063464,R1_INTERNAL_CPU_REFERENCE_LOW_TAIL_POWER,8192,8,0.8191999999999098,0.21539034400029777
skewed_t_mixture,100,0.99,VaR,3.9001307112139245,0.21596765346855892,R1_INTERNAL_CPU_REFERENCE_WITH_CI,8192,8,81.92000000000007,0.053273404000265145
skewed_t_mixture,100,0.99,ES,4.882317983643894,0.2551049948618,R1_INTERNAL_CPU_REFERENCE_WITH_CI,8192,8,81.92000000000007,0.053273404000265145
skewed_t_mixture,100,0.995,VaR,4.530500908079436,0.3825148542552622,R1_INTERNAL_CPU_REFERENCE_WITH_CI,8192,8,40.960000000000036,0.053273404000265145
skewed_t_mixture,100,0.995,ES,5.609126983359345,0.32064579693791184,R1_INTERNAL_CPU_REFERENCE_WITH_CI,8192,8,40.960000000000036,0.053273404000265145
skewed_t_mixture,100,0.999,VaR,6.26136195684232,0.4534046781938417,R1_INTERNAL_CPU_REFERENCE_LOW_TAIL_POWER,8192,8,8.192000000000007,0.053273404000265145
skewed_t_mixture,100,0.999,ES,6.9649674134756765,0.48950032520007547,R1_INTERNAL_CPU_REFERENCE_LOW_TAIL_POWER,8192,8,8.192000000000007,0.053273404000265145
skewed_t_mixture,100,0.9995,VaR,6.896129808994791,0.4885514991765718,R1_INTERNAL_CPU_REFERENCE_LOW_TAIL_POWER,8192,8,4.095999999999549,0.053273404000265145
skewed_t_mixture,100,0.9995,ES,7.251243687892625,0.5400018868179225,R1_INTERNAL_CPU_REFERENCE_LOW_TAIL_POWER,8192,8,4.095999999999549,0.053273404000265145
skewed_t_mixture,100,0.9999,VaR,7.366389940943146,0.5283108170657134,R1_INTERNAL_CPU_REFERENCE_LOW_TAIL_POWER,8192,8,0.8191999999999098,0.053273404000265145
skewed_t_mixture,100,0.9999,ES,7.783442452035576,0.5400018868179225,R1_INTERNAL_CPU_REFERENCE_LOW_TAIL_POWER,8192,8,0.8191999999999098,0.053273404000265145
skewed_t_mixture,250,0.99,VaR,3.8730874201636674,0.3470481907174095,R1_INTERNAL_CPU_REFERENCE_WITH_CI,8192,8,81.92000000000007,0.0857670830000643
skewed_t_mixture,250,0.99,ES,4.66475354287106,0.37290497031743475,R1_INTERNAL_CPU_REFERENCE_WITH_CI,8192,8,81.92000000000007,0.0857670830000643
skewed_t_mixture,250,0.995,VaR,4.500408673943392,0.39516218366000744,R1_INTERNAL_CPU_REFERENCE_WITH_CI,8192,8,40.960000000000036,0.0857670830000643
skewed_t_mixture,250,0.995,ES,5.207367503243071,0.42312418328557777,R1_INTERNAL_CPU_REFERENCE_WITH_CI,8192,8,40.960000000000036,0.0857670830000643
skewed_t_mixture,250,0.999,VaR,5.421195554169175,0.41636131774728596,R1_INTERNAL_CPU_REFERENCE_LOW_TAIL_POWER,8192,8,8.192000000000007,0.0857670830000643
skewed_t_mixture,250,0.999,ES,6.158297527439596,0.6268528762465703,R1_INTERNAL_CPU_REFERENCE_LOW_TAIL_POWER,8192,8,8.192000000000007,0.0857670830000643
skewed_t_mixture,250,0.9995,VaR,5.898166207747804,0.6212746138098963,R1_INTERNAL_CPU_REFERENCE_LOW_TAIL_POWER,8192,8,4.095999999999549,0.0857670830000643
skewed_t_mixture,250,0.9995,ES,6.609426851483592,0.8862271171444362,R1_INTERNAL_CPU_REFERENCE_LOW_TAIL_POWER,8192,8,4.095999999999549,0.0857670830000643
skewed_t_mixture,250,0.9999,VaR,7.103092748276931,0.8311596193879139,R1_INTERNAL_CPU_REFERENCE_LOW_TAIL_POWER,8192,8,0.8191999999999098,0.0857670830000643
skewed_t_mixture,250,0.9999,ES,8.47645243540629,0.8862271171444362,R1_INTERNAL_CPU_REFERENCE_LOW_TAIL_POWER,8192,8,0.8191999999999098,0.0857670830000643
skewed_t_mixture,500,0.99,VaR,3.858385922075689,0.20542507595731596,R1_INTERNAL_CPU_REFERENCE_WITH_CI,8192,8,81.92000000000007,0.11811303600006795
skewed_t_mixture,500,0.99,ES,4.955659958760808,0.25904427403414476,R1_INTERNAL_CPU_REFERENCE_WITH_CI,8192,8,81.92000000000007,0.11811303600006795
skewed_t_mixture,500,0.995,VaR,4.4971814649476425,0.1428360832003592,R1_INTERNAL_CPU_REFERENCE_WITH_CI,8192,8,40.960000000000036,0.11811303600006795
skewed_t_mixture,500,0.995,ES,5.724815507700933,0.48560547916023555,R1_INTERNAL_CPU_REFERENCE_WITH_CI,8192,8,40.960000000000036,0.11811303600006795
skewed_t_mixture,500,0.999,VaR,6.430353662810939,0.6283159463974645,R1_INTERNAL_CPU_REFERENCE_LOW_TAIL_POWER,8192,8,8.192000000000007,0.11811303600006795
skewed_t_mixture,500,0.999,ES,7.560766343699815,0.7416605251929556,R1_INTERNAL_CPU_REFERENCE_LOW_TAIL_POWER,8192,8,8.192000000000007,0.11811303600006795
skewed_t_mixture,500,0.9995,VaR,7.331021613006862,0.73762470542568,R1_INTERNAL_CPU_REFERENCE_LOW_TAIL_POWER,8192,8,4.095999999999549,0.11811303600006795
skewed_t_mixture,500,0.9995,ES,8.203915036035543,0.9609583656460123,R1_INTERNAL_CPU_REFERENCE_LOW_TAIL_POWER,8192,8,4.095999999999549,0.11811303600006795
skewed_t_mixture,500,0.9999,VaR,8.655750438625388,0.9104627566730791,R1_INTERNAL_CPU_REFERENCE_LOW_TAIL_POWER,8192,8,0.8191999999999098,0.11811303600006795
skewed_t_mixture,500,0.9999,ES,9.192669698615175,0.9609583656460123,R1_INTERNAL_CPU_REFERENCE_LOW_TAIL_POWER,8192,8,0.8191999999999098,0.11811303600006795
skewed_t_mixture,1000,0.99,VaR,4.014816471832522,0.1085688199899722,R1_INTERNAL_CPU_REFERENCE_WITH_CI,8192,8,81.92000000000007,0.18181636999997863
skewed_t_mixture,1000,0.99,ES,5.164082102520092,0.2673016403174759,R1_INTERNAL_CPU_REFERENCE_WITH_CI,8192,8,81.92000000000007,0.18181636999997863
skewed_t_mixture,1000,0.995,VaR,4.8442336045412535,0.2623576851850294,R1_INTERNAL_CPU_REFERENCE_WITH_CI,8192,8,40.960000000000036,0.18181636999997863
skewed_t_mixture,1000,0.995,ES,5.922482016259241,0.38625858687016956,R1_INTERNAL_CPU_REFERENCE_WITH_CI,8192,8,40.960000000000036,0.18181636999997863
skewed_t_mixture,1000,0.999,VaR,6.61084906999024,0.7214371163243982,R1_INTERNAL_CPU_REFERENCE_LOW_TAIL_POWER,8192,8,8.192000000000007,0.18181636999997863
skewed_t_mixture,1000,0.999,ES,7.313744384455782,0.6731192798742585,R1_INTERNAL_CPU_REFERENCE_LOW_TAIL_POWER,8192,8,8.192000000000007,0.18181636999997863
skewed_t_mixture,1000,0.9995,VaR,6.843635532768348,0.6739703658852467,R1_INTERNAL_CPU_REFERENCE_LOW_TAIL_POWER,8192,8,4.095999999999549,0.18181636999997863
skewed_t_mixture,1000,0.9995,ES,7.807651096191945,0.6642861707138222,R1_INTERNAL_CPU_REFERENCE_LOW_TAIL_POWER,8192,8,4.095999999999549,0.18181636999997863
skewed_t_mixture,1000,0.9999,VaR,8.483097243011144,0.6615457008718024,R1_INTERNAL_CPU_REFERENCE_LOW_TAIL_POWER,8192,8,0.8191999999999098,0.18181636999997863
skewed_t_mixture,1000,0.9999,ES,8.492596819971526,0.6642861707138222,R1_INTERNAL_CPU_REFERENCE_LOW_TAIL_POWER,8192,8,0.8191999999999098,0.18181636999997863
merton_jump_diffusion,100,0.99,VaR,4.1280876889368425,0.3151370334664384,R1_INTERNAL_CPU_REFERENCE_WITH_CI,8192,8,81.92000000000007,0.032113486000071134
merton_jump_diffusion,100,0.99,ES,5.550833431016516,0.2885998169222265,R1_INTERNAL_CPU_REFERENCE_WITH_CI,8192,8,81.92000000000007,0.032113486000071134
merton_jump_diffusion,100,0.995,VaR,5.0866070167118815,0.3587413022991625,R1_INTERNAL_CPU_REFERENCE_WITH_CI,8192,8,40.960000000000036,0.032113486000071134
merton_jump_diffusion,100,0.995,ES,6.484425613411413,0.4096516171010583,R1_INTERNAL_CPU_REFERENCE_WITH_CI,8192,8,40.960000000000036,0.032113486000071134
merton_jump_diffusion,100,0.999,VaR,7.2951360112030015,0.8465549136658239,R1_INTERNAL_CPU_REFERENCE_LOW_TAIL_POWER,8192,8,8.192000000000007,0.032113486000071134
merton_jump_diffusion,100,0.999,ES,9.157557880924749,1.107807835748741,R1_INTERNAL_CPU_REFERENCE_LOW_TAIL_POWER,8192,8,8.192000000000007,0.032113486000071134
merton_jump_diffusion,100,0.9995,VaR,8.636349990400891,1.0988919029597322,R1_INTERNAL_CPU_REFERENCE_LOW_TAIL_POWER,8192,8,4.095999999999549,0.032113486000071134
merton_jump_diffusion,100,0.9995,ES,10.12429732285508,1.5706835921873907,R1_INTERNAL_CPU_REFERENCE_LOW_TAIL_POWER,8192,8,4.095999999999549,0.032113486000071134
merton_jump_diffusion,100,0.9999,VaR,11.714344814770213,1.467049553019084,R1_INTERNAL_CPU_REFERENCE_LOW_TAIL_POWER,8192,8,0.8191999999999098,0.032113486000071134
merton_jump_diffusion,100,0.9999,ES,12.157931973595293,1.5706835921873907,R1_INTERNAL_CPU_REFERENCE_LOW_TAIL_POWER,8192,8,0.8191999999999098,0.032113486000071134
merton_jump_diffusion,250,0.99,VaR,4.12119536213317,0.3762170157566873,R1_INTERNAL_CPU_REFERENCE_WITH_CI,8192,8,81.92000000000007,0.06006877599975269
merton_jump_diffusion,250,0.99,ES,5.2437676510502325,0.4728211394548627,R1_INTERNAL_CPU_REFERENCE_WITH_CI,8192,8,81.92000000000007,0.06006877599975269
merton_jump_diffusion,250,0.995,VaR,4.917302524805707,0.3799723206739175,R1_INTERNAL_CPU_REFERENCE_WITH_CI,8192,8,40.960000000000036,0.06006877599975269
merton_jump_diffusion,250,0.995,ES,6.030570438206089,0.6067648143227429,R1_INTERNAL_CPU_REFERENCE_WITH_CI,8192,8,40.960000000000036,0.06006877599975269
merton_jump_diffusion,250,0.999,VaR,6.426055400388917,0.7002753254860956,R1_INTERNAL_CPU_REFERENCE_LOW_TAIL_POWER,8192,8,8.192000000000007,0.06006877599975269
merton_jump_diffusion,250,0.999,ES,7.911806443974105,0.893526606781279,R1_INTERNAL_CPU_REFERENCE_LOW_TAIL_POWER,8192,8,8.192000000000007,0.06006877599975269
merton_jump_diffusion,250,0.9995,VaR,7.492174450502611,0.8877353220936721,R1_INTERNAL_CPU_REFERENCE_LOW_TAIL_POWER,8192,8,4.095999999999549,0.06006877599975269
merton_jump_diffusion,250,0.9995,ES,8.81915254264907,1.182765850507981,R1_INTERNAL_CPU_REFERENCE_LOW_TAIL_POWER,8192,8,4.095999999999549,0.06006877599975269
merton_jump_diffusion,250,0.9999,VaR,9.182737899095644,1.118873619693914,R1_INTERNAL_CPU_REFERENCE_LOW_TAIL_POWER,8192,8,0.8191999999999098,0.06006877599975269
merton_jump_diffusion,250,0.9999,ES,11.055656242956378,1.182765850507981,R1_INTERNAL_CPU_REFERENCE_LOW_TAIL_POWER,8192,8,0.8191999999999098,0.06006877599975269
merton_jump_diffusion,500,0.99,VaR,4.052154779242866,0.13984003069996456,R1_INTERNAL_CPU_REFERENCE_WITH_CI,8192,8,81.92000000000007,0.1514936610001314
merton_jump_diffusion,500,0.99,ES,5.637797181685583,0.3605166181862167,R1_INTERNAL_CPU_REFERENCE_WITH_CI,8192,8,81.92000000000007,0.1514936610001314
merton_jump_diffusion,500,0.995,VaR,5.0162857069179045,0.19837666676257026,R1_INTERNAL_CPU_REFERENCE_WITH_CI,8192,8,40.960000000000036,0.1514936610001314
merton_jump_diffusion,500,0.995,ES,6.7626576230447535,0.5726597006085322,R1_INTERNAL_CPU_REFERENCE_WITH_CI,8192,8,40.960000000000036,0.1514936610001314
merton_jump_diffusion,500,0.999,VaR,7.823615281854363,0.8090115401899965,R1_INTERNAL_CPU_REFERENCE_LOW_TAIL_POWER,8192,8,8.192000000000007,0.1514936610001314
merton_jump_diffusion,500,0.999,ES,9.493015511182596,1.1332273135646926,R1_INTERNAL_CPU_REFERENCE_LOW_TAIL_POWER,8192,8,8.192000000000007,0.1514936610001314
merton_jump_diffusion,500,0.9995,VaR,8.983619054698021,1.1233586329849896,R1_INTERNAL_CPU_REFERENCE_LOW_TAIL_POWER,8192,8,4.095999999999549,0.1514936610001314
merton_jump_diffusion,500,0.9995,ES,10.49862008962408,1.6185166183705673,R1_INTERNAL_CPU_REFERENCE_LOW_TAIL_POWER,8192,8,4.095999999999549,0.1514936610001314
merton_jump_diffusion,500,0.9999,VaR,11.973231351806632,1.5126031792589791,R1_INTERNAL_CPU_REFERENCE_LOW_TAIL_POWER,8192,8,0.8191999999999098,0.1514936610001314
merton_jump_diffusion,500,0.9999,ES,12.946757886971552,1.6185166183705673,R1_INTERNAL_CPU_REFERENCE_LOW_TAIL_POWER,8192,8,0.8191999999999098,0.1514936610001314
merton_jump_diffusion,1000,0.99,VaR,4.234894461154068,0.4374555668943054,R1_INTERNAL_CPU_REFERENCE_WITH_CI,8192,8,81.92000000000007,0.1723730619996786
merton_jump_diffusion,1000,0.99,ES,5.64321912673454,0.6735263767419142,R1_INTERNAL_CPU_REFERENCE_WITH_CI,8192,8,81.92000000000007,0.1723730619996786
merton_jump_diffusion,1000,0.995,VaR,5.054180644048875,0.49234899029727774,R1_INTERNAL_CPU_REFERENCE_WITH_CI,8192,8,40.960000000000036,0.1723730619996786
merton_jump_diffusion,1000,0.995,ES,6.686945960471846,0.9091465580960528,R1_INTERNAL_CPU_REFERENCE_WITH_CI,8192,8,40.960000000000036,0.1723730619996786
merton_jump_diffusion,1000,0.999,VaR,7.160674835102062,0.957765225457138,R1_INTERNAL_CPU_REFERENCE_LOW_TAIL_POWER,8192,8,8.192000000000007,0.1723730619996786
merton_jump_diffusion,1000,0.999,ES,9.91806391113101,1.5919078360015564,R1_INTERNAL_CPU_REFERENCE_LOW_TAIL_POWER,8192,8,8.192000000000007,0.1723730619996786
merton_jump_diffusion,1000,0.9995,VaR,8.638380195910269,1.5739951340529685,R1_INTERNAL_CPU_REFERENCE_LOW_TAIL_POWER,8192,8,4.095999999999549,0.1723730619996786
merton_jump_diffusion,1000,0.9995,ES,11.571222804293827,2.429405816115325,R1_INTERNAL_CPU_REFERENCE_LOW_TAIL_POWER,8192,8,4.095999999999549,0.1723730619996786
merton_jump_diffusion,1000,0.9999,VaR,12.378854711092199,2.25153967561544,R1_INTERNAL_CPU_REFERENCE_LOW_TAIL_POWER,8192,8,0.8191999999999098,0.1723730619996786
merton_jump_diffusion,1000,0.9999,ES,15.304480236226155,2.429405816115325,R1_INTERNAL_CPU_REFERENCE_LOW_TAIL_POWER,8192,8,0.8191999999999098,0.1723730619996786
hawkes_clustered_jumps,100,0.99,VaR,5.094316373754722,0.4783648240632971,R1_INTERNAL_CPU_REFERENCE_WITH_CI,8192,8,81.92000000000007,0.041665721999834204
hawkes_clustered_jumps,100,0.99,ES,6.872761048908114,0.6963571483846334,R1_INTERNAL_CPU_REFERENCE_WITH_CI,8192,8,81.92000000000007,0.041665721999834204
hawkes_clustered_jumps,100,0.995,VaR,6.379626944527622,0.6013472839057965,R1_INTERNAL_CPU_REFERENCE_WITH_CI,8192,8,40.960000000000036,0.041665721999834204
hawkes_clustered_jumps,100,0.995,ES,8.094106760252904,0.8620048720693003,R1_INTERNAL_CPU_REFERENCE_WITH_CI,8192,8,40.960000000000036,0.041665721999834204
hawkes_clustered_jumps,100,0.999,VaR,8.850329815697759,0.8259876566134001,R1_INTERNAL_CPU_REFERENCE_LOW_TAIL_POWER,8192,8,8.192000000000007,0.041665721999834204
hawkes_clustered_jumps,100,0.999,ES,11.041029527677942,1.2758787125285003,R1_INTERNAL_CPU_REFERENCE_LOW_TAIL_POWER,8192,8,8.192000000000007,0.041665721999834204
hawkes_clustered_jumps,100,0.9995,VaR,10.629580823961057,1.2643421785528821,R1_INTERNAL_CPU_REFERENCE_LOW_TAIL_POWER,8192,8,4.095999999999549,0.041665721999834204
hawkes_clustered_jumps,100,0.9995,ES,12.191341051486052,1.8035911810862653,R1_INTERNAL_CPU_REFERENCE_LOW_TAIL_POWER,8192,8,4.095999999999549,0.041665721999834204
hawkes_clustered_jumps,100,0.9999,VaR,13.029215297997938,1.692520324683031,R1_INTERNAL_CPU_REFERENCE_LOW_TAIL_POWER,8192,8,0.8191999999999098,0.041665721999834204
hawkes_clustered_jumps,100,0.9999,ES,14.822588114955767,1.8035911810862653,R1_INTERNAL_CPU_REFERENCE_LOW_TAIL_POWER,8192,8,0.8191999999999098,0.041665721999834204
hawkes_clustered_jumps,250,0.99,VaR,5.292785026171623,0.31694429723984435,R1_INTERNAL_CPU_REFERENCE_WITH_CI,8192,8,81.92000000000007,0.06544143700011773
hawkes_clustered_jumps,250,0.99,ES,6.711437315702522,0.36553509190670286,R1_INTERNAL_CPU_REFERENCE_WITH_CI,8192,8,81.92000000000007,0.06544143700011773
hawkes_clustered_jumps,250,0.995,VaR,6.322543561419485,0.3375819452141696,R1_INTERNAL_CPU_REFERENCE_WITH_CI,8192,8,40.960000000000036,0.06544143700011773
hawkes_clustered_jumps,250,0.995,ES,7.643208028200181,0.42785755609678816,R1_INTERNAL_CPU_REFERENCE_WITH_CI,8192,8,40.960000000000036,0.06544143700011773
hawkes_clustered_jumps,250,0.999,VaR,8.385215934618971,0.5300204856555144,R1_INTERNAL_CPU_REFERENCE_LOW_TAIL_POWER,8192,8,8.192000000000007,0.06544143700011773
hawkes_clustered_jumps,250,0.999,ES,9.570532114353698,0.6861021068789315,R1_INTERNAL_CPU_REFERENCE_LOW_TAIL_POWER,8192,8,8.192000000000007,0.06544143700011773
hawkes_clustered_jumps,250,0.9995,VaR,8.961783110204326,0.6794972951042391,R1_INTERNAL_CPU_REFERENCE_LOW_TAIL_POWER,8192,8,4.095999999999549,0.06544143700011773
hawkes_clustered_jumps,250,0.9995,ES,10.21927195050291,1.037983569706922,R1_INTERNAL_CPU_REFERENCE_LOW_TAIL_POWER,8192,8,4.095999999999549,0.06544143700011773
hawkes_clustered_jumps,250,0.9999,VaR,10.899174120288857,0.9587275534289782,R1_INTERNAL_CPU_REFERENCE_LOW_TAIL_POWER,8192,8,0.8191999999999098,0.06544143700011773
hawkes_clustered_jumps,250,0.9999,ES,12.089143110297094,1.037983569706922,R1_INTERNAL_CPU_REFERENCE_LOW_TAIL_POWER,8192,8,0.8191999999999098,0.06544143700011773
hawkes_clustered_jumps,500,0.99,VaR,4.914783032192928,0.19723970500503438,R1_INTERNAL_CPU_REFERENCE_WITH_CI,8192,8,81.92000000000007,0.09753913300028216
hawkes_clustered_jumps,500,0.99,ES,6.335277740894825,0.19796292532574636,R1_INTERNAL_CPU_REFERENCE_WITH_CI,8192,8,81.92000000000007,0.09753913300028216
hawkes_clustered_jumps,500,0.995,VaR,5.816472562914385,0.25995923670834803,R1_INTERNAL_CPU_REFERENCE_WITH_CI,8192,8,40.960000000000036,0.09753913300028216
hawkes_clustered_jumps,500,0.995,ES,7.4103225664800885,0.3353897257367985,R1_INTERNAL_CPU_REFERENCE_WITH_CI,8192,8,40.960000000000036,0.09753913300028216
hawkes_clustered_jumps,500,0.999,VaR,8.078134705916966,0.9767640647707455,R1_INTERNAL_CPU_REFERENCE_LOW_TAIL_POWER,8192,8,8.192000000000007,0.09753913300028216
hawkes_clustered_jumps,500,0.999,ES,9.946309527495767,1.0622006560479207,R1_INTERNAL_CPU_REFERENCE_LOW_TAIL_POWER,8192,8,8.192000000000007,0.09753913300028216
hawkes_clustered_jumps,500,0.9995,VaR,9.104843921505479,1.058020423051667,R1_INTERNAL_CPU_REFERENCE_LOW_TAIL_POWER,8192,8,4.095999999999549,0.09753913300028216
hawkes_clustered_jumps,500,0.9995,ES,11.131710439518365,1.335852402290329,R1_INTERNAL_CPU_REFERENCE_LOW_TAIL_POWER,8192,8,4.095999999999549,0.09753913300028216
hawkes_clustered_jumps,500,0.9999,VaR,12.390109080130914,1.2677320931765805,R1_INTERNAL_CPU_REFERENCE_LOW_TAIL_POWER,8192,8,0.8191999999999098,0.09753913300028216
hawkes_clustered_jumps,500,0.9999,ES,12.66699655413028,1.335852402290329,R1_INTERNAL_CPU_REFERENCE_LOW_TAIL_POWER,8192,8,0.8191999999999098,0.09753913300028216
hawkes_clustered_jumps,1000,0.99,VaR,5.032051033184914,0.25827892712078204,R1_INTERNAL_CPU_REFERENCE_WITH_CI,8192,8,81.92000000000007,0.176533446999656
hawkes_clustered_jumps,1000,0.99,ES,6.745210223841908,0.38139639725975755,R1_INTERNAL_CPU_REFERENCE_WITH_CI,8192,8,81.92000000000007,0.176533446999656
hawkes_clustered_jumps,1000,0.995,VaR,6.140359784054835,0.3905423704032009,R1_INTERNAL_CPU_REFERENCE_WITH_CI,8192,8,40.960000000000036,0.176533446999656
hawkes_clustered_jumps,1000,0.995,ES,7.937772786810732,0.5106976880127008,R1_INTERNAL_CPU_REFERENCE_WITH_CI,8192,8,40.960000000000036,0.176533446999656
hawkes_clustered_jumps,1000,0.999,VaR,8.871733563471603,0.9174901570578627,R1_INTERNAL_CPU_REFERENCE_LOW_TAIL_POWER,8192,8,8.192000000000007,0.176533446999656
hawkes_clustered_jumps,1000,0.999,ES,10.812467810733473,1.202647852133309,R1_INTERNAL_CPU_REFERENCE_LOW_TAIL_POWER,8192,8,8.192000000000007,0.176533446999656
hawkes_clustered_jumps,1000,0.9995,VaR,10.676287653475729,1.1930762497207164,R1_INTERNAL_CPU_REFERENCE_LOW_TAIL_POWER,8192,8,4.095999999999549,0.176533446999656
hawkes_clustered_jumps,1000,0.9995,ES,12.00556675135406,1.6979318902558274,R1_INTERNAL_CPU_REFERENCE_LOW_TAIL_POWER,8192,8,4.095999999999549,0.176533446999656
hawkes_clustered_jumps,1000,0.9999,VaR,11.985108808680161,1.5871698925453583,R1_INTERNAL_CPU_REFERENCE_LOW_TAIL_POWER,8192,8,0.8191999999999098,0.176533446999656
hawkes_clustered_jumps,1000,0.9999,ES,16.09558725989861,1.6979318902558274,R1_INTERNAL_CPU_REFERENCE_LOW_TAIL_POWER,8192,8,0.8191999999999098,0.176533446999656
regime_switching_volatility,100,0.99,VaR,3.0269743504103186,0.23449012954610135,R1_INTERNAL_CPU_REFERENCE_WITH_CI,8192,8,81.92000000000007,0.034567294999760634
regime_switching_volatility,100,0.99,ES,3.878960435154815,0.3393043965674851,R1_INTERNAL_CPU_REFERENCE_WITH_CI,8192,8,81.92000000000007,0.034567294999760634
regime_switching_volatility,100,0.995,VaR,3.632148746440794,0.3872324081851349,R1_INTERNAL_CPU_REFERENCE_WITH_CI,8192,8,40.960000000000036,0.034567294999760634
regime_switching_volatility,100,0.995,ES,4.484007526246469,0.39100428725879277,R1_INTERNAL_CPU_REFERENCE_WITH_CI,8192,8,40.960000000000036,0.034567294999760634
regime_switching_volatility,100,0.999,VaR,5.151472922466616,0.5048724410760783,R1_INTERNAL_CPU_REFERENCE_LOW_TAIL_POWER,8192,8,8.192000000000007,0.034567294999760634
regime_switching_volatility,100,0.999,ES,5.6551408585196175,0.39404272590487716,R1_INTERNAL_CPU_REFERENCE_LOW_TAIL_POWER,8192,8,8.192000000000007,0.034567294999760634
regime_switching_volatility,100,0.9995,VaR,5.624543129393516,0.3961213015982649,R1_INTERNAL_CPU_REFERENCE_LOW_TAIL_POWER,8192,8,4.095999999999549,0.034567294999760634
regime_switching_volatility,100,0.9995,ES,5.884599584576273,0.34182067353672646,R1_INTERNAL_CPU_REFERENCE_LOW_TAIL_POWER,8192,8,4.095999999999549,0.034567294999760634
regime_switching_volatility,100,0.9999,VaR,6.110541528565722,0.34562576831521086,R1_INTERNAL_CPU_REFERENCE_LOW_TAIL_POWER,8192,8,0.8191999999999098,0.034567294999760634
regime_switching_volatility,100,0.9999,ES,6.1716845212314695,0.34182067353672646,R1_INTERNAL_CPU_REFERENCE_LOW_TAIL_POWER,8192,8,0.8191999999999098,0.034567294999760634
regime_switching_volatility,250,0.99,VaR,2.921817279582345,0.12510050788659804,R1_INTERNAL_CPU_REFERENCE_WITH_CI,8192,8,81.92000000000007,0.04701076799983639
regime_switching_volatility,250,0.99,ES,3.7515714436128067,0.10101949124510784,R1_INTERNAL_CPU_REFERENCE_WITH_CI,8192,8,81.92000000000007,0.04701076799983639
regime_switching_volatility,250,0.995,VaR,3.673252492847509,0.13756293401885597,R1_INTERNAL_CPU_REFERENCE_WITH_CI,8192,8,40.960000000000036,0.04701076799983639
regime_switching_volatility,250,0.995,ES,4.269244602870567,0.14622114529161884,R1_INTERNAL_CPU_REFERENCE_WITH_CI,8192,8,40.960000000000036,0.04701076799983639
regime_switching_volatility,250,0.999,VaR,4.936410712488784,0.2947692291893566,R1_INTERNAL_CPU_REFERENCE_LOW_TAIL_POWER,8192,8,8.192000000000007,0.04701076799983639
regime_switching_volatility,250,0.999,ES,5.147237453848197,0.3054117888755864,R1_INTERNAL_CPU_REFERENCE_LOW_TAIL_POWER,8192,8,8.192000000000007,0.04701076799983639
regime_switching_volatility,250,0.9995,VaR,5.095408840103949,0.30512450868727764,R1_INTERNAL_CPU_REFERENCE_LOW_TAIL_POWER,8192,8,4.095999999999549,0.04701076799983639
regime_switching_volatility,250,0.9995,ES,5.263534580076732,0.3238750189695953,R1_INTERNAL_CPU_REFERENCE_LOW_TAIL_POWER,8192,8,4.095999999999549,0.04701076799983639
regime_switching_volatility,250,0.9999,VaR,5.380015989632294,0.31919065503385174,R1_INTERNAL_CPU_REFERENCE_LOW_TAIL_POWER,8192,8,0.8191999999999098,0.04701076799983639
regime_switching_volatility,250,0.9999,ES,5.4982806676689115,0.3238750189695953,R1_INTERNAL_CPU_REFERENCE_LOW_TAIL_POWER,8192,8,0.8191999999999098,0.04701076799983639
regime_switching_volatility,500,0.99,VaR,2.9304453623937485,0.1354868593284255,R1_INTERNAL_CPU_REFERENCE_WITH_CI,8192,8,81.92000000000007,0.08085054000002856
regime_switching_volatility,500,0.99,ES,3.764361067590003,0.22006843012435753,R1_INTERNAL_CPU_REFERENCE_WITH_CI,8192,8,81.92000000000007,0.08085054000002856
regime_switching_volatility,500,0.995,VaR,3.500472059999768,0.2372623407753706,R1_INTERNAL_CPU_REFERENCE_WITH_CI,8192,8,40.960000000000036,0.08085054000002856
regime_switching_volatility,500,0.995,ES,4.310094271647207,0.3057086860804363,R1_INTERNAL_CPU_REFERENCE_WITH_CI,8192,8,40.960000000000036,0.08085054000002856
regime_switching_volatility,500,0.999,VaR,4.7027539112678785,0.5204760621415319,R1_INTERNAL_CPU_REFERENCE_LOW_TAIL_POWER,8192,8,8.192000000000007,0.08085054000002856
regime_switching_volatility,500,0.999,ES,5.375592327256957,0.48951823435773095,R1_INTERNAL_CPU_REFERENCE_LOW_TAIL_POWER,8192,8,8.192000000000007,0.08085054000002856
regime_switching_volatility,500,0.9995,VaR,5.149312528728672,0.4897017577944622,R1_INTERNAL_CPU_REFERENCE_LOW_TAIL_POWER,8192,8,4.095999999999549,0.08085054000002856
regime_switching_volatility,500,0.9995,ES,5.666528379433604,0.5117851628023,R1_INTERNAL_CPU_REFERENCE_LOW_TAIL_POWER,8192,8,4.095999999999549,0.08085054000002856
regime_switching_volatility,500,0.9999,VaR,5.919082487461649,0.5025659106079381,R1_INTERNAL_CPU_REFERENCE_LOW_TAIL_POWER,8192,8,0.8191999999999098,0.08085054000002856
regime_switching_volatility,500,0.9999,ES,6.565074094414732,0.5117851628023,R1_INTERNAL_CPU_REFERENCE_LOW_TAIL_POWER,8192,8,0.8191999999999098,0.08085054000002856
regime_switching_volatility,1000,0.99,VaR,3.033491975210887,0.1435434937790993,R1_INTERNAL_CPU_REFERENCE_WITH_CI,8192,8,81.92000000000007,0.1449755329999789
regime_switching_volatility,1000,0.99,ES,4.008328231935673,0.18442527017831767,R1_INTERNAL_CPU_REFERENCE_WITH_CI,8192,8,81.92000000000007,0.1449755329999789
regime_switching_volatility,1000,0.995,VaR,3.7673461778199506,0.2328454912119112,R1_INTERNAL_CPU_REFERENCE_WITH_CI,8192,8,40.960000000000036,0.1449755329999789
regime_switching_volatility,1000,0.995,ES,4.636835835648715,0.24652228259286918,R1_INTERNAL_CPU_REFERENCE_WITH_CI,8192,8,40.960000000000036,0.1449755329999789
regime_switching_volatility,1000,0.999,VaR,5.159952969960927,0.4332796564966725,R1_INTERNAL_CPU_REFERENCE_LOW_TAIL_POWER,8192,8,8.192000000000007,0.1449755329999789
regime_switching_volatility,1000,0.999,ES,5.7911385243275095,0.4441134981911131,R1_INTERNAL_CPU_REFERENCE_LOW_TAIL_POWER,8192,8,8.192000000000007,0.1449755329999789
regime_switching_volatility,1000,0.9995,VaR,5.550786318444178,0.44354541428098676,R1_INTERNAL_CPU_REFERENCE_LOW_TAIL_POWER,8192,8,4.095999999999549,0.1449755329999789
regime_switching_volatility,1000,0.9995,ES,6.188324864999539,0.48981146586917435,R1_INTERNAL_CPU_REFERENCE_LOW_TAIL_POWER,8192,8,4.095999999999549,0.1449755329999789
regime_switching_volatility,1000,0.9999,VaR,6.614630288125637,0.477369587613451,R1_INTERNAL_CPU_REFERENCE_LOW_TAIL_POWER,8192,8,0.8191999999999098,0.1449755329999789
regime_switching_volatility,1000,0.9999,ES,6.70400751621942,0.48981146586917435,R1_INTERNAL_CPU_REFERENCE_LOW_TAIL_POWER,8192,8,0.8191999999999098,0.1449755329999789
default_mixture_common_factor,100,0.99,VaR,2.587126936547686,0.19634900440813907,R1_INTERNAL_CPU_REFERENCE_WITH_CI,8192,8,81.92000000000007,0.0470941319999838
default_mixture_common_factor,100,0.99,ES,3.706261907760993,0.2767930371457852,R1_INTERNAL_CPU_REFERENCE_WITH_CI,8192,8,81.92000000000007,0.0470941319999838
default_mixture_common_factor,100,0.995,VaR,3.5249667667318,0.33022435610493456,R1_INTERNAL_CPU_REFERENCE_WITH_CI,8192,8,40.960000000000036,0.0470941319999838
default_mixture_common_factor,100,0.995,ES,4.444854640063445,0.31957835747487556,R1_INTERNAL_CPU_REFERENCE_WITH_CI,8192,8,40.960000000000036,0.0470941319999838
default_mixture_common_factor,100,0.999,VaR,5.079445888669669,0.37764077099957544,R1_INTERNAL_CPU_REFERENCE_LOW_TAIL_POWER,8192,8,8.192000000000007,0.0470941319999838
default_mixture_common_factor,100,0.999,ES,5.699284427635203,0.5235390946746749,R1_INTERNAL_CPU_REFERENCE_LOW_TAIL_POWER,8192,8,8.192000000000007,0.0470941319999838
default_mixture_common_factor,100,0.9995,VaR,5.314180447725253,0.518527556035355,R1_INTERNAL_CPU_REFERENCE_LOW_TAIL_POWER,8192,8,4.095999999999549,0.0470941319999838
default_mixture_common_factor,100,0.9995,ES,6.112550596527938,0.7764315384311029,R1_INTERNAL_CPU_REFERENCE_LOW_TAIL_POWER,8192,8,4.095999999999549,0.0470941319999838
default_mixture_common_factor,100,0.9999,VaR,6.800421885732772,0.7206980514481274,R1_INTERNAL_CPU_REFERENCE_LOW_TAIL_POWER,8192,8,0.8191999999999098,0.0470941319999838
default_mixture_common_factor,100,0.9999,ES,7.141326601053774,0.7764315384311029,R1_INTERNAL_CPU_REFERENCE_LOW_TAIL_POWER,8192,8,0.8191999999999098,0.0470941319999838
default_mixture_common_factor,250,0.99,VaR,2.5176037324824505,0.22367348049213504,R1_INTERNAL_CPU_REFERENCE_WITH_CI,8192,8,81.92000000000007,0.05704274599975179
default_mixture_common_factor,250,0.99,ES,3.608546464244522,0.20802038350673538,R1_INTERNAL_CPU_REFERENCE_WITH_CI,8192,8,81.92000000000007,0.05704274599975179
default_mixture_common_factor,250,0.995,VaR,3.2200971347211116,0.29817336967101576,R1_INTERNAL_CPU_REFERENCE_WITH_CI,8192,8,40.960000000000036,0.05704274599975179
default_mixture_common_factor,250,0.995,ES,4.382760331987801,0.27114205681284304,R1_INTERNAL_CPU_REFERENCE_WITH_CI,8192,8,40.960000000000036,0.05704274599975179
default_mixture_common_factor,250,0.999,VaR,5.2214309994654595,0.5116242609338904,R1_INTERNAL_CPU_REFERENCE_LOW_TAIL_POWER,8192,8,8.192000000000007,0.05704274599975179
default_mixture_common_factor,250,0.999,ES,5.941256010950196,0.5506015384624258,R1_INTERNAL_CPU_REFERENCE_LOW_TAIL_POWER,8192,8,8.192000000000007,0.05704274599975179
default_mixture_common_factor,250,0.9995,VaR,5.636484787491141,0.5488190905918556,R1_INTERNAL_CPU_REFERENCE_LOW_TAIL_POWER,8192,8,4.095999999999549,0.05704274599975179
default_mixture_common_factor,250,0.9995,ES,6.453242626409444,0.6680535821308521,R1_INTERNAL_CPU_REFERENCE_LOW_TAIL_POWER,8192,8,4.095999999999549,0.05704274599975179
default_mixture_common_factor,250,0.9999,VaR,6.836078628033296,0.6385881423116733,R1_INTERNAL_CPU_REFERENCE_LOW_TAIL_POWER,8192,8,0.8191999999999098,0.05704274599975179
default_mixture_common_factor,250,0.9999,ES,7.4716398698294615,0.6680535821308521,R1_INTERNAL_CPU_REFERENCE_LOW_TAIL_POWER,8192,8,0.8191999999999098,0.05704274599975179
default_mixture_common_factor,500,0.99,VaR,2.503725697086596,0.33224430477289474,R1_INTERNAL_CPU_REFERENCE_WITH_CI,8192,8,81.92000000000007,0.09732987200004573
default_mixture_common_factor,500,0.99,ES,3.5135393876927696,0.32244486992229865,R1_INTERNAL_CPU_REFERENCE_WITH_CI,8192,8,81.92000000000007,0.09732987200004573
default_mixture_common_factor,500,0.995,VaR,3.232241578610568,0.38123474557613285,R1_INTERNAL_CPU_REFERENCE_WITH_CI,8192,8,40.960000000000036,0.09732987200004573
default_mixture_common_factor,500,0.995,ES,4.165300666425839,0.35136545925971846,R1_INTERNAL_CPU_REFERENCE_WITH_CI,8192,8,40.960000000000036,0.09732987200004573
default_mixture_common_factor,500,0.999,VaR,4.914872533436225,0.42448835734604523,R1_INTERNAL_CPU_REFERENCE_LOW_TAIL_POWER,8192,8,8.192000000000007,0.09732987200004573
default_mixture_common_factor,500,0.999,ES,5.393856737555459,0.3911734534648507,R1_INTERNAL_CPU_REFERENCE_LOW_TAIL_POWER,8192,8,8.192000000000007,0.09732987200004573
default_mixture_common_factor,500,0.9995,VaR,5.373942225899476,0.390538679039795,R1_INTERNAL_CPU_REFERENCE_LOW_TAIL_POWER,8192,8,4.095999999999549,0.09732987200004573
default_mixture_common_factor,500,0.9995,ES,5.594421752137575,0.47614241551896896,R1_INTERNAL_CPU_REFERENCE_LOW_TAIL_POWER,8192,8,4.095999999999549,0.09732987200004573
default_mixture_common_factor,500,0.9999,VaR,5.806438154884368,0.4509348969474352,R1_INTERNAL_CPU_REFERENCE_LOW_TAIL_POWER,8192,8,0.8191999999999098,0.09732987200004573
default_mixture_common_factor,500,0.9999,ES,5.853616637175079,0.47614241551896896,R1_INTERNAL_CPU_REFERENCE_LOW_TAIL_POWER,8192,8,0.8191999999999098,0.09732987200004573
default_mixture_common_factor,1000,0.99,VaR,2.3966481255197882,0.17302639615065712,R1_INTERNAL_CPU_REFERENCE_WITH_CI,8192,8,81.92000000000007,0.22412107699983608
default_mixture_common_factor,1000,0.99,ES,3.485992257593649,0.2715407876652927,R1_INTERNAL_CPU_REFERENCE_WITH_CI,8192,8,81.92000000000007,0.22412107699983608
default_mixture_common_factor,1000,0.995,VaR,3.087481742463259,0.32339919984273485,R1_INTERNAL_CPU_REFERENCE_WITH_CI,8192,8,40.960000000000036,0.22412107699983608
default_mixture_common_factor,1000,0.995,ES,4.218562150747856,0.35730358765108866,R1_INTERNAL_CPU_REFERENCE_WITH_CI,8192,8,40.960000000000036,0.22412107699983608
default_mixture_common_factor,1000,0.999,VaR,5.025038084293537,0.5110143904876443,R1_INTERNAL_CPU_REFERENCE_LOW_TAIL_POWER,8192,8,8.192000000000007,0.22412107699983608
default_mixture_common_factor,1000,0.999,ES,5.527617847394851,0.5115495566170442,R1_INTERNAL_CPU_REFERENCE_LOW_TAIL_POWER,8192,8,8.192000000000007,0.22412107699983608
default_mixture_common_factor,1000,0.9995,VaR,5.4089418233645326,0.5112113432631769,R1_INTERNAL_CPU_REFERENCE_LOW_TAIL_POWER,8192,8,4.095999999999549,0.22412107699983608
default_mixture_common_factor,1000,0.9995,ES,5.74756195584171,0.5413216323774374,R1_INTERNAL_CPU_REFERENCE_LOW_TAIL_POWER,8192,8,4.095999999999549,0.22412107699983608
default_mixture_common_factor,1000,0.9999,VaR,6.011456912729207,0.532936808257609,R1_INTERNAL_CPU_REFERENCE_LOW_TAIL_POWER,8192,8,0.8191999999999098,0.22412107699983608
default_mixture_common_factor,1000,0.9999,ES,6.129030294741305,0.5413216323774374,R1_INTERNAL_CPU_REFERENCE_LOW_TAIL_POWER,8192,8,0.8191999999999098,0.22412107699983608
discontinuous_liquidity_loss,100,0.99,VaR,7.082809527628956,0.36298632132188313,R1_INTERNAL_CPU_REFERENCE_WITH_CI,8192,8,81.92000000000007,0.033152923000216106
discontinuous_liquidity_loss,100,0.99,ES,8.31605915495058,0.4498052624430212,R1_INTERNAL_CPU_REFERENCE_WITH_CI,8192,8,81.92000000000007,0.033152923000216106
discontinuous_liquidity_loss,100,0.995,VaR,7.995560716226046,0.5411294318851597,R1_INTERNAL_CPU_REFERENCE_WITH_CI,8192,8,40.960000000000036,0.033152923000216106
discontinuous_liquidity_loss,100,0.995,ES,9.13522290117976,0.5019904361446121,R1_INTERNAL_CPU_REFERENCE_WITH_CI,8192,8,40.960000000000036,0.033152923000216106
discontinuous_liquidity_loss,100,0.999,VaR,9.720514620342998,0.5794981202187737,R1_INTERNAL_CPU_REFERENCE_LOW_TAIL_POWER,8192,8,8.192000000000007,0.033152923000216106
discontinuous_liquidity_loss,100,0.999,ES,10.377403618978953,0.5058776744136393,R1_INTERNAL_CPU_REFERENCE_LOW_TAIL_POWER,8192,8,8.192000000000007,0.033152923000216106
discontinuous_liquidity_loss,100,0.9995,VaR,10.401856467661855,0.5041559902825019,R1_INTERNAL_CPU_REFERENCE_LOW_TAIL_POWER,8192,8,4.095999999999549,0.033152923000216106
discontinuous_liquidity_loss,100,0.9995,ES,10.707389905232183,0.7049086939813376,R1_INTERNAL_CPU_REFERENCE_LOW_TAIL_POWER,8192,8,4.095999999999549,0.033152923000216106
discontinuous_liquidity_loss,100,0.9999,VaR,10.886691741306356,0.6490629680440453,R1_INTERNAL_CPU_REFERENCE_LOW_TAIL_POWER,8192,8,0.8191999999999098,0.033152923000216106
discontinuous_liquidity_loss,100,0.9999,ES,11.449964976858697,0.7049086939813376,R1_INTERNAL_CPU_REFERENCE_LOW_TAIL_POWER,8192,8,0.8191999999999098,0.033152923000216106
discontinuous_liquidity_loss,250,0.99,VaR,7.111524409403299,0.34570357834108034,R1_INTERNAL_CPU_REFERENCE_WITH_CI,8192,8,81.92000000000007,0.04779113899985532
discontinuous_liquidity_loss,250,0.99,ES,8.29259664246151,0.25315844991122644,R1_INTERNAL_CPU_REFERENCE_WITH_CI,8192,8,81.92000000000007,0.04779113899985532
discontinuous_liquidity_loss,250,0.995,VaR,7.965654769049786,0.25795386364217393,R1_INTERNAL_CPU_REFERENCE_WITH_CI,8192,8,40.960000000000036,0.04779113899985532
discontinuous_liquidity_loss,250,0.995,ES,9.010776966809239,0.4208148882222365,R1_INTERNAL_CPU_REFERENCE_WITH_CI,8192,8,40.960000000000036,0.04779113899985532
discontinuous_liquidity_loss,250,0.999,VaR,9.659498968665506,0.6050510254563625,R1_INTERNAL_CPU_REFERENCE_LOW_TAIL_POWER,8192,8,8.192000000000007,0.04779113899985532
discontinuous_liquidity_loss,250,0.999,ES,10.827720976181682,0.7611566777792992,R1_INTERNAL_CPU_REFERENCE_LOW_TAIL_POWER,8192,8,8.192000000000007,0.04779113899985532
discontinuous_liquidity_loss,250,0.9995,VaR,10.318939266853782,0.7548038949234136,R1_INTERNAL_CPU_REFERENCE_LOW_TAIL_POWER,8192,8,4.095999999999549,0.04779113899985532
discontinuous_liquidity_loss,250,0.9995,ES,11.434153544704554,1.1043142790327292,R1_INTERNAL_CPU_REFERENCE_LOW_TAIL_POWER,8192,8,4.095999999999549,0.04779113899985532
discontinuous_liquidity_loss,250,0.9999,VaR,11.936115587965507,1.0263089759928203,R1_INTERNAL_CPU_REFERENCE_LOW_TAIL_POWER,8192,8,0.8191999999999098,0.04779113899985532
discontinuous_liquidity_loss,250,0.9999,ES,13.39348983719654,1.1043142790327292,R1_INTERNAL_CPU_REFERENCE_LOW_TAIL_POWER,8192,8,0.8191999999999098,0.04779113899985532
discontinuous_liquidity_loss,500,0.99,VaR,7.143877068760342,0.29462697097253054,R1_INTERNAL_CPU_REFERENCE_WITH_CI,8192,8,81.92000000000007,0.08333570200011309
discontinuous_liquidity_loss,500,0.99,ES,8.50028529053849,0.274457827606943,R1_INTERNAL_CPU_REFERENCE_WITH_CI,8192,8,81.92000000000007,0.08333570200011309
discontinuous_liquidity_loss,500,0.995,VaR,8.108600558114889,0.30197716595341206,R1_INTERNAL_CPU_REFERENCE_WITH_CI,8192,8,40.960000000000036,0.08333570200011309
discontinuous_liquidity_loss,500,0.995,ES,9.326837674433994,0.3191465021353704,R1_INTERNAL_CPU_REFERENCE_WITH_CI,8192,8,40.960000000000036,0.08333570200011309
discontinuous_liquidity_loss,500,0.999,VaR,9.9214364563946,0.2978896747409404,R1_INTERNAL_CPU_REFERENCE_LOW_TAIL_POWER,8192,8,8.192000000000007,0.08333570200011309
discontinuous_liquidity_loss,500,0.999,ES,10.673200231513775,0.522205895761958,R1_INTERNAL_CPU_REFERENCE_LOW_TAIL_POWER,8192,8,8.192000000000007,0.08333570200011309
discontinuous_liquidity_loss,500,0.9995,VaR,10.153816563639998,0.5161018968626717,R1_INTERNAL_CPU_REFERENCE_LOW_TAIL_POWER,8192,8,4.095999999999549,0.08333570200011309
discontinuous_liquidity_loss,500,0.9995,ES,11.171121647140895,0.8044875152459268,R1_INTERNAL_CPU_REFERENCE_LOW_TAIL_POWER,8192,8,4.095999999999549,0.08333570200011309
discontinuous_liquidity_loss,500,0.9999,VaR,12.120719195921724,0.7448740262667981,R1_INTERNAL_CPU_REFERENCE_LOW_TAIL_POWER,8192,8,0.8191999999999098,0.08333570200011309
discontinuous_liquidity_loss,500,0.9999,ES,12.67501514492803,0.8044875152459268,R1_INTERNAL_CPU_REFERENCE_LOW_TAIL_POWER,8192,8,0.8191999999999098,0.08333570200011309
discontinuous_liquidity_loss,1000,0.99,VaR,6.876601101617821,0.2884643671347956,R1_INTERNAL_CPU_REFERENCE_WITH_CI,8192,8,81.92000000000007,0.15840363699999216
discontinuous_liquidity_loss,1000,0.99,ES,8.010790747579156,0.4292164960406322,R1_INTERNAL_CPU_REFERENCE_WITH_CI,8192,8,81.92000000000007,0.15840363699999216
discontinuous_liquidity_loss,1000,0.995,VaR,7.5708321416714,0.388618813771568,R1_INTERNAL_CPU_REFERENCE_WITH_CI,8192,8,40.960000000000036,0.15840363699999216
discontinuous_liquidity_loss,1000,0.995,ES,8.79951560090749,0.5642748220873597,R1_INTERNAL_CPU_REFERENCE_WITH_CI,8192,8,40.960000000000036,0.15840363699999216
discontinuous_liquidity_loss,1000,0.999,VaR,9.512349530714049,0.6853426775769672,R1_INTERNAL_CPU_REFERENCE_LOW_TAIL_POWER,8192,8,8.192000000000007,0.15840363699999216
discontinuous_liquidity_loss,1000,0.999,ES,10.1828522086362,0.7401094331139575,R1_INTERNAL_CPU_REFERENCE_LOW_TAIL_POWER,8192,8,8.192000000000007,0.15840363699999216
discontinuous_liquidity_loss,1000,0.9995,VaR,10.149437693462426,0.738512906573417,R1_INTERNAL_CPU_REFERENCE_LOW_TAIL_POWER,8192,8,4.095999999999549,0.15840363699999216
discontinuous_liquidity_loss,1000,0.9995,ES,10.608728858147028,0.8256080280627853,R1_INTERNAL_CPU_REFERENCE_LOW_TAIL_POWER,8192,8,4.095999999999549,0.15840363699999216
discontinuous_liquidity_loss,1000,0.9999,VaR,10.78282483508628,0.8057738827705215,R1_INTERNAL_CPU_REFERENCE_LOW_TAIL_POWER,8192,8,0.8191999999999098,0.15840363699999216
discontinuous_liquidity_loss,1000,0.9999,ES,11.703482527909452,0.8256080280627853,R1_INTERNAL_CPU_REFERENCE_LOW_TAIL_POWER,8192,8,0.8191999999999098,0.15840363699999216
near_singular_correlation,100,0.99,VaR,2.282640355150017,0.05860046843290459,R1_INTERNAL_CPU_REFERENCE_WITH_CI,8192,8,81.92000000000007,0.05662240699984977
near_singular_correlation,100,0.99,ES,2.679525824459913,0.11926233465517959,R1_INTERNAL_CPU_REFERENCE_WITH_CI,8192,8,81.92000000000007,0.05662240699984977
near_singular_correlation,100,0.995,VaR,2.5660145253728825,0.10749242840201258,R1_INTERNAL_CPU_REFERENCE_WITH_CI,8192,8,40.960000000000036,0.05662240699984977
near_singular_correlation,100,0.995,ES,2.948519004905715,0.1706712774224678,R1_INTERNAL_CPU_REFERENCE_WITH_CI,8192,8,40.960000000000036,0.05662240699984977
near_singular_correlation,100,0.999,VaR,3.078222969675962,0.2625443992307547,R1_INTERNAL_CPU_REFERENCE_LOW_TAIL_POWER,8192,8,8.192000000000007,0.05662240699984977
near_singular_correlation,100,0.999,ES,3.5949607981679566,0.3675620872319832,R1_INTERNAL_CPU_REFERENCE_LOW_TAIL_POWER,8192,8,8.192000000000007,0.05662240699984977
near_singular_correlation,100,0.9995,VaR,3.285780258672425,0.3650221948487988,R1_INTERNAL_CPU_REFERENCE_LOW_TAIL_POWER,8192,8,4.095999999999549,0.05662240699984977
near_singular_correlation,100,0.9995,ES,3.9690392781026906,0.4835299866905341,R1_INTERNAL_CPU_REFERENCE_LOW_TAIL_POWER,8192,8,4.095999999999549,0.05662240699984977
near_singular_correlation,100,0.9999,VaR,4.140462853413663,0.4591031852011679,R1_INTERNAL_CPU_REFERENCE_LOW_TAIL_POWER,8192,8,0.8191999999999098,0.05662240699984977
near_singular_correlation,100,0.9999,ES,4.79421169515853,0.4835299866905341,R1_INTERNAL_CPU_REFERENCE_LOW_TAIL_POWER,8192,8,0.8191999999999098,0.05662240699984977
near_singular_correlation,250,0.99,VaR,2.271881029563486,0.07741244367803538,R1_INTERNAL_CPU_REFERENCE_WITH_CI,8192,8,81.92000000000007,0.04829748300016945
near_singular_correlation,250,0.99,ES,2.6805106022283653,0.08946066737946937,R1_INTERNAL_CPU_REFERENCE_WITH_CI,8192,8,81.92000000000007,0.04829748300016945
near_singular_correlation,250,0.995,VaR,2.4907605679093683,0.0763214001691391,R1_INTERNAL_CPU_REFERENCE_WITH_CI,8192,8,40.960000000000036,0.04829748300016945
near_singular_correlation,250,0.995,ES,2.991685830910842,0.15335552515825993,R1_INTERNAL_CPU_REFERENCE_WITH_CI,8192,8,40.960000000000036,0.04829748300016945
near_singular_correlation,250,0.999,VaR,3.191355679166703,0.3833271219386462,R1_INTERNAL_CPU_REFERENCE_LOW_TAIL_POWER,8192,8,8.192000000000007,0.04829748300016945
near_singular_correlation,250,0.999,ES,3.9106580245892286,0.43534109914128305,R1_INTERNAL_CPU_REFERENCE_LOW_TAIL_POWER,8192,8,8.192000000000007,0.04829748300016945
near_singular_correlation,250,0.9995,VaR,3.6950593180685827,0.4338621964532531,R1_INTERNAL_CPU_REFERENCE_LOW_TAIL_POWER,8192,8,4.095999999999549,0.04829748300016945
near_singular_correlation,250,0.9995,ES,4.302235760426063,0.5159002214966639,R1_INTERNAL_CPU_REFERENCE_LOW_TAIL_POWER,8192,8,4.095999999999549,0.04829748300016945
near_singular_correlation,250,0.9999,VaR,4.6269217227782535,0.4971667498804784,R1_INTERNAL_CPU_REFERENCE_LOW_TAIL_POWER,8192,8,0.8191999999999098,0.04829748300016945
near_singular_correlation,250,0.9999,ES,5.34647400731839,0.5159002214966639,R1_INTERNAL_CPU_REFERENCE_LOW_TAIL_POWER,8192,8,0.8191999999999098,0.04829748300016945
near_singular_correlation,500,0.99,VaR,2.3239523367926216,0.0599285236843341,R1_INTERNAL_CPU_REFERENCE_WITH_CI,8192,8,81.92000000000007,0.07774762700000792
near_singular_correlation,500,0.99,ES,2.6587024850430074,0.0840398912356428,R1_INTERNAL_CPU_REFERENCE_WITH_CI,8192,8,81.92000000000007,0.07774762700000792
near_singular_correlation,500,0.995,VaR,2.558807082956166,0.09835774874174019,R1_INTERNAL_CPU_REFERENCE_WITH_CI,8192,8,40.960000000000036,0.07774762700000792
near_singular_correlation,500,0.995,ES,2.899285697300213,0.1131939270086559,R1_INTERNAL_CPU_REFERENCE_WITH_CI,8192,8,40.960000000000036,0.07774762700000792
near_singular_correlation,500,0.999,VaR,3.0639971229972507,0.2367868706946905,R1_INTERNAL_CPU_REFERENCE_LOW_TAIL_POWER,8192,8,8.192000000000007,0.07774762700000792
near_singular_correlation,500,0.999,ES,3.4236437695422453,0.24361944435489036,R1_INTERNAL_CPU_REFERENCE_LOW_TAIL_POWER,8192,8,8.192000000000007,0.07774762700000792
near_singular_correlation,500,0.9995,VaR,3.3727925052678343,0.24308330672172054,R1_INTERNAL_CPU_REFERENCE_LOW_TAIL_POWER,8192,8,4.095999999999549,0.07774762700000792
near_singular_correlation,500,0.9995,ES,3.630270039219635,0.28491370587643744,R1_INTERNAL_CPU_REFERENCE_LOW_TAIL_POWER,8192,8,4.095999999999549,0.07774762700000792
near_singular_correlation,500,0.9999,VaR,3.7272394456003357,0.27394006316545916,R1_INTERNAL_CPU_REFERENCE_LOW_TAIL_POWER,8192,8,0.8191999999999098,0.07774762700000792
near_singular_correlation,500,0.9999,ES,4.0807857055778545,0.28491370587643744,R1_INTERNAL_CPU_REFERENCE_LOW_TAIL_POWER,8192,8,0.8191999999999098,0.07774762700000792
near_singular_correlation,1000,0.99,VaR,2.2498873964541652,0.06864987881665965,R1_INTERNAL_CPU_REFERENCE_WITH_CI,8192,8,81.92000000000007,0.15574636299970734
near_singular_correlation,1000,0.99,ES,2.613189733315812,0.1174105189955007,R1_INTERNAL_CPU_REFERENCE_WITH_CI,8192,8,81.92000000000007,0.15574636299970734
near_singular_correlation,1000,0.995,VaR,2.462113372486424,0.11670585416003773,R1_INTERNAL_CPU_REFERENCE_WITH_CI,8192,8,40.960000000000036,0.15574636299970734
near_singular_correlation,1000,0.995,ES,2.866638045877387,0.15418925214858384,R1_INTERNAL_CPU_REFERENCE_WITH_CI,8192,8,40.960000000000036,0.15574636299970734
near_singular_correlation,1000,0.999,VaR,3.1244781113081217,0.21875945090723872,R1_INTERNAL_CPU_REFERENCE_LOW_TAIL_POWER,8192,8,8.192000000000007,0.15574636299970734
near_singular_correlation,1000,0.999,ES,3.491688681791019,0.2846423976996413,R1_INTERNAL_CPU_REFERENCE_LOW_TAIL_POWER,8192,8,8.192000000000007,0.15574636299970734
near_singular_correlation,1000,0.9995,VaR,3.3589875633924615,0.2822393274343104,R1_INTERNAL_CPU_REFERENCE_LOW_TAIL_POWER,8192,8,4.095999999999549,0.15574636299970734
near_singular_correlation,1000,0.9995,ES,3.699651567110545,0.41110485521953444,R1_INTERNAL_CPU_REFERENCE_LOW_TAIL_POWER,8192,8,4.095999999999549,0.15574636299970734
near_singular_correlation,1000,0.9999,VaR,4.028948777025108,0.3826624683527812,R1_INTERNAL_CPU_REFERENCE_LOW_TAIL_POWER,8192,8,0.8191999999999098,0.15574636299970734
near_singular_correlation,1000,0.9999,ES,4.237291620743582,0.41110485521953444,R1_INTERNAL_CPU_REFERENCE_LOW_TAIL_POWER,8192,8,0.8191999999999098,0.15574636299970734
