sample_network_id,family,missingness_class,perturbation_mode,requested_perturbation_level,effective_perturbation_share,structured_applicable,rank_stability_spearman,cascade_size_error,top5_critical_node_recall,metric_radius_relative_change,metric_threshold_flip,top5_ranking_stability_decision,distribution_boundary
gold_5_bank_chain_variant_001,bank_interbank_chain,STRUCTURED_DISTRIBUTION,low_asset_node_removal,0.2,0.42857142857142855,True,-0.30000000000000004,0,1.0,0.7734406793877697,True,UNSTABLE,family-distribution stress of synthetic variants; not a real public exposure graph claim
gold_5_bank_chain_variant_001,bank_interbank_chain,STRUCTURED_DISTRIBUTION,cross_block_edge_removal,0.2,0.0,False,1.0,0,1.0,0.0,False,NOT_APPLICABLE_FOR_TOPOLOGY,family-distribution stress of synthetic variants; not a real public exposure graph claim
gold_5_bank_chain_variant_001,bank_interbank_chain,STRUCTURED_DISTRIBUTION,largest_exposure_edge_removal,0.2,0.2857142857142857,True,0.4,1,1.0,0.7734406793877697,True,UNSTABLE,family-distribution stress of synthetic variants; not a real public exposure graph claim
gold_5_bank_chain_variant_002,bank_interbank_chain,STRUCTURED_DISTRIBUTION,low_asset_node_removal,0.2,0.42857142857142855,True,-0.30000000000000004,1,1.0,0.7707991426789815,True,UNSTABLE,family-distribution stress of synthetic variants; not a real public exposure graph claim
gold_5_bank_chain_variant_002,bank_interbank_chain,STRUCTURED_DISTRIBUTION,cross_block_edge_removal,0.2,0.0,False,1.0,0,1.0,0.0,False,NOT_APPLICABLE_FOR_TOPOLOGY,family-distribution stress of synthetic variants; not a real public exposure graph claim
gold_5_bank_chain_variant_002,bank_interbank_chain,STRUCTURED_DISTRIBUTION,largest_exposure_edge_removal,0.2,0.2857142857142857,True,0.4,1,1.0,0.7707991426789815,True,UNSTABLE,family-distribution stress of synthetic variants; not a real public exposure graph claim
gold_5_bank_chain_variant_003,bank_interbank_chain,STRUCTURED_DISTRIBUTION,low_asset_node_removal,0.2,0.42857142857142855,True,0.09999999999999998,0,1.0,0.7527141377379899,True,UNSTABLE,family-distribution stress of synthetic variants; not a real public exposure graph claim
gold_5_bank_chain_variant_003,bank_interbank_chain,STRUCTURED_DISTRIBUTION,cross_block_edge_removal,0.2,0.0,False,1.0,0,1.0,0.0,False,NOT_APPLICABLE_FOR_TOPOLOGY,family-distribution stress of synthetic variants; not a real public exposure graph claim
gold_5_bank_chain_variant_003,bank_interbank_chain,STRUCTURED_DISTRIBUTION,largest_exposure_edge_removal,0.2,0.2857142857142857,True,0.30000000000000004,1,1.0,0.7527141377379899,True,UNSTABLE,family-distribution stress of synthetic variants; not a real public exposure graph claim
gold_5_bank_chain_variant_004,bank_interbank_chain,STRUCTURED_DISTRIBUTION,low_asset_node_removal,0.2,0.42857142857142855,True,0.09999999999999998,1,1.0,0.837631402033009,True,UNSTABLE,family-distribution stress of synthetic variants; not a real public exposure graph claim
gold_5_bank_chain_variant_004,bank_interbank_chain,STRUCTURED_DISTRIBUTION,cross_block_edge_removal,0.2,0.0,False,1.0,0,1.0,0.0,False,NOT_APPLICABLE_FOR_TOPOLOGY,family-distribution stress of synthetic variants; not a real public exposure graph claim
gold_5_bank_chain_variant_004,bank_interbank_chain,STRUCTURED_DISTRIBUTION,largest_exposure_edge_removal,0.2,0.2857142857142857,True,0.30000000000000004,1,1.0,0.837631402033009,True,UNSTABLE,family-distribution stress of synthetic variants; not a real public exposure graph claim
gold_5_bank_chain_variant_005,bank_interbank_chain,STRUCTURED_DISTRIBUTION,low_asset_node_removal,0.2,0.42857142857142855,True,0.0,0,1.0,0.7704499567325584,True,UNSTABLE,family-distribution stress of synthetic variants; not a real public exposure graph claim
gold_5_bank_chain_variant_005,bank_interbank_chain,STRUCTURED_DISTRIBUTION,cross_block_edge_removal,0.2,0.0,False,1.0,0,1.0,0.0,False,NOT_APPLICABLE_FOR_TOPOLOGY,family-distribution stress of synthetic variants; not a real public exposure graph claim
gold_5_bank_chain_variant_005,bank_interbank_chain,STRUCTURED_DISTRIBUTION,largest_exposure_edge_removal,0.2,0.2857142857142857,True,0.30000000000000004,1,1.0,0.7704499567325584,True,UNSTABLE,family-distribution stress of synthetic variants; not a real public exposure graph claim
gold_5_bank_chain_variant_006,bank_interbank_chain,STRUCTURED_DISTRIBUTION,low_asset_node_removal,0.2,0.42857142857142855,True,0.7,0,1.0,0.7994475580520809,True,UNSTABLE,family-distribution stress of synthetic variants; not a real public exposure graph claim
gold_5_bank_chain_variant_006,bank_interbank_chain,STRUCTURED_DISTRIBUTION,cross_block_edge_removal,0.2,0.0,False,1.0,0,1.0,0.0,False,NOT_APPLICABLE_FOR_TOPOLOGY,family-distribution stress of synthetic variants; not a real public exposure graph claim
gold_5_bank_chain_variant_006,bank_interbank_chain,STRUCTURED_DISTRIBUTION,largest_exposure_edge_removal,0.2,0.2857142857142857,True,0.30000000000000004,1,1.0,0.7994475580520809,True,UNSTABLE,family-distribution stress of synthetic variants; not a real public exposure graph claim
gold_5_bank_chain_variant_007,bank_interbank_chain,STRUCTURED_DISTRIBUTION,low_asset_node_removal,0.2,0.42857142857142855,True,0.4,0,1.0,0.7798814054381378,True,UNSTABLE,family-distribution stress of synthetic variants; not a real public exposure graph claim
gold_5_bank_chain_variant_007,bank_interbank_chain,STRUCTURED_DISTRIBUTION,cross_block_edge_removal,0.2,0.0,False,1.0,0,1.0,0.0,False,NOT_APPLICABLE_FOR_TOPOLOGY,family-distribution stress of synthetic variants; not a real public exposure graph claim
gold_5_bank_chain_variant_007,bank_interbank_chain,STRUCTURED_DISTRIBUTION,largest_exposure_edge_removal,0.2,0.2857142857142857,True,0.5,1,1.0,0.7798814054381378,True,UNSTABLE,family-distribution stress of synthetic variants; not a real public exposure graph claim
gold_5_bank_chain_variant_008,bank_interbank_chain,STRUCTURED_DISTRIBUTION,low_asset_node_removal,0.2,0.42857142857142855,True,0.7,0,1.0,0.7936376481843823,True,UNSTABLE,family-distribution stress of synthetic variants; not a real public exposure graph claim
gold_5_bank_chain_variant_008,bank_interbank_chain,STRUCTURED_DISTRIBUTION,cross_block_edge_removal,0.2,0.0,False,1.0,0,1.0,0.0,False,NOT_APPLICABLE_FOR_TOPOLOGY,family-distribution stress of synthetic variants; not a real public exposure graph claim
gold_5_bank_chain_variant_008,bank_interbank_chain,STRUCTURED_DISTRIBUTION,largest_exposure_edge_removal,0.2,0.2857142857142857,True,0.6,1,1.0,0.7936376481843823,True,UNSTABLE,family-distribution stress of synthetic variants; not a real public exposure graph claim
gold_5_bank_chain_variant_009,bank_interbank_chain,STRUCTURED_DISTRIBUTION,low_asset_node_removal,0.2,0.42857142857142855,True,0.09999999999999998,0,1.0,0.7888936870618798,True,UNSTABLE,family-distribution stress of synthetic variants; not a real public exposure graph claim
gold_5_bank_chain_variant_009,bank_interbank_chain,STRUCTURED_DISTRIBUTION,cross_block_edge_removal,0.2,0.0,False,1.0,0,1.0,0.0,False,NOT_APPLICABLE_FOR_TOPOLOGY,family-distribution stress of synthetic variants; not a real public exposure graph claim
gold_5_bank_chain_variant_009,bank_interbank_chain,STRUCTURED_DISTRIBUTION,largest_exposure_edge_removal,0.2,0.2857142857142857,True,0.30000000000000004,1,1.0,0.7888936870618798,True,UNSTABLE,family-distribution stress of synthetic variants; not a real public exposure graph claim
gold_5_bank_chain_variant_010,bank_interbank_chain,STRUCTURED_DISTRIBUTION,low_asset_node_removal,0.2,0.42857142857142855,True,-0.30000000000000004,0,1.0,0.7550067908192242,True,UNSTABLE,family-distribution stress of synthetic variants; not a real public exposure graph claim
gold_5_bank_chain_variant_010,bank_interbank_chain,STRUCTURED_DISTRIBUTION,cross_block_edge_removal,0.2,0.0,False,1.0,0,1.0,0.0,False,NOT_APPLICABLE_FOR_TOPOLOGY,family-distribution stress of synthetic variants; not a real public exposure graph claim
gold_5_bank_chain_variant_010,bank_interbank_chain,STRUCTURED_DISTRIBUTION,largest_exposure_edge_removal,0.2,0.2857142857142857,True,0.7,1,1.0,0.7550067908192242,True,UNSTABLE,family-distribution stress of synthetic variants; not a real public exposure graph claim
gold_5_bank_chain_variant_011,bank_interbank_chain,STRUCTURED_DISTRIBUTION,low_asset_node_removal,0.2,0.42857142857142855,True,-0.30000000000000004,0,1.0,0.77087178859676,True,UNSTABLE,family-distribution stress of synthetic variants; not a real public exposure graph claim
gold_5_bank_chain_variant_011,bank_interbank_chain,STRUCTURED_DISTRIBUTION,cross_block_edge_removal,0.2,0.0,False,1.0,0,1.0,0.0,False,NOT_APPLICABLE_FOR_TOPOLOGY,family-distribution stress of synthetic variants; not a real public exposure graph claim
gold_5_bank_chain_variant_011,bank_interbank_chain,STRUCTURED_DISTRIBUTION,largest_exposure_edge_removal,0.2,0.2857142857142857,True,0.4,1,1.0,0.77087178859676,True,UNSTABLE,family-distribution stress of synthetic variants; not a real public exposure graph claim
gold_5_bank_chain_variant_012,bank_interbank_chain,STRUCTURED_DISTRIBUTION,low_asset_node_removal,0.2,0.42857142857142855,True,-0.30000000000000004,0,1.0,0.731211616755968,True,UNSTABLE,family-distribution stress of synthetic variants; not a real public exposure graph claim
gold_5_bank_chain_variant_012,bank_interbank_chain,STRUCTURED_DISTRIBUTION,cross_block_edge_removal,0.2,0.0,False,1.0,0,1.0,0.0,False,NOT_APPLICABLE_FOR_TOPOLOGY,family-distribution stress of synthetic variants; not a real public exposure graph claim
gold_5_bank_chain_variant_012,bank_interbank_chain,STRUCTURED_DISTRIBUTION,largest_exposure_edge_removal,0.2,0.2857142857142857,True,0.4,1,1.0,0.731211616755968,True,UNSTABLE,family-distribution stress of synthetic variants; not a real public exposure graph claim
gold_5_bank_chain_variant_013,bank_interbank_chain,STRUCTURED_DISTRIBUTION,low_asset_node_removal,0.2,0.42857142857142855,True,-0.30000000000000004,1,1.0,0.7889901029118054,True,UNSTABLE,family-distribution stress of synthetic variants; not a real public exposure graph claim
gold_5_bank_chain_variant_013,bank_interbank_chain,STRUCTURED_DISTRIBUTION,cross_block_edge_removal,0.2,0.0,False,1.0,0,1.0,0.0,False,NOT_APPLICABLE_FOR_TOPOLOGY,family-distribution stress of synthetic variants; not a real public exposure graph claim
gold_5_bank_chain_variant_013,bank_interbank_chain,STRUCTURED_DISTRIBUTION,largest_exposure_edge_removal,0.2,0.2857142857142857,True,0.4,1,1.0,0.7889901029118054,True,UNSTABLE,family-distribution stress of synthetic variants; not a real public exposure graph claim
gold_5_bank_chain_variant_014,bank_interbank_chain,STRUCTURED_DISTRIBUTION,low_asset_node_removal,0.2,0.5714285714285714,True,0.4,1,1.0,1.0,True,UNSTABLE,family-distribution stress of synthetic variants; not a real public exposure graph claim
gold_5_bank_chain_variant_014,bank_interbank_chain,STRUCTURED_DISTRIBUTION,cross_block_edge_removal,0.2,0.0,False,1.0,0,1.0,0.0,False,NOT_APPLICABLE_FOR_TOPOLOGY,family-distribution stress of synthetic variants; not a real public exposure graph claim
gold_5_bank_chain_variant_014,bank_interbank_chain,STRUCTURED_DISTRIBUTION,largest_exposure_edge_removal,0.2,0.2857142857142857,True,0.4,1,1.0,0.8062441070231479,True,UNSTABLE,family-distribution stress of synthetic variants; not a real public exposure graph claim
gold_5_bank_chain_variant_015,bank_interbank_chain,STRUCTURED_DISTRIBUTION,low_asset_node_removal,0.2,0.42857142857142855,True,0.7,0,1.0,0.8129778401135144,True,UNSTABLE,family-distribution stress of synthetic variants; not a real public exposure graph claim
gold_5_bank_chain_variant_015,bank_interbank_chain,STRUCTURED_DISTRIBUTION,cross_block_edge_removal,0.2,0.0,False,1.0,0,1.0,0.0,False,NOT_APPLICABLE_FOR_TOPOLOGY,family-distribution stress of synthetic variants; not a real public exposure graph claim
gold_5_bank_chain_variant_015,bank_interbank_chain,STRUCTURED_DISTRIBUTION,largest_exposure_edge_removal,0.2,0.2857142857142857,True,0.30000000000000004,1,1.0,0.8129778401135144,True,UNSTABLE,family-distribution stress of synthetic variants; not a real public exposure graph claim
gold_5_bank_chain_variant_016,bank_interbank_chain,STRUCTURED_DISTRIBUTION,low_asset_node_removal,0.2,0.42857142857142855,True,0.4,1,1.0,0.8256128696287199,True,UNSTABLE,family-distribution stress of synthetic variants; not a real public exposure graph claim
gold_5_bank_chain_variant_016,bank_interbank_chain,STRUCTURED_DISTRIBUTION,cross_block_edge_removal,0.2,0.0,False,1.0,0,1.0,0.0,False,NOT_APPLICABLE_FOR_TOPOLOGY,family-distribution stress of synthetic variants; not a real public exposure graph claim
gold_5_bank_chain_variant_016,bank_interbank_chain,STRUCTURED_DISTRIBUTION,largest_exposure_edge_removal,0.2,0.2857142857142857,True,0.4,1,1.0,0.8256128696287199,True,UNSTABLE,family-distribution stress of synthetic variants; not a real public exposure graph claim
gold_5_bank_chain_variant_017,bank_interbank_chain,STRUCTURED_DISTRIBUTION,low_asset_node_removal,0.2,0.2857142857142857,True,0.9,1,1.0,0.7896492777704244,True,UNSTABLE,family-distribution stress of synthetic variants; not a real public exposure graph claim
gold_5_bank_chain_variant_017,bank_interbank_chain,STRUCTURED_DISTRIBUTION,cross_block_edge_removal,0.2,0.0,False,1.0,0,1.0,0.0,False,NOT_APPLICABLE_FOR_TOPOLOGY,family-distribution stress of synthetic variants; not a real public exposure graph claim
gold_5_bank_chain_variant_017,bank_interbank_chain,STRUCTURED_DISTRIBUTION,largest_exposure_edge_removal,0.2,0.2857142857142857,True,0.4,1,1.0,0.7896492777704244,True,UNSTABLE,family-distribution stress of synthetic variants; not a real public exposure graph claim
gold_5_bank_chain_variant_018,bank_interbank_chain,STRUCTURED_DISTRIBUTION,low_asset_node_removal,0.2,0.2857142857142857,True,0.7,1,1.0,0.7851117562697906,True,UNSTABLE,family-distribution stress of synthetic variants; not a real public exposure graph claim
gold_5_bank_chain_variant_018,bank_interbank_chain,STRUCTURED_DISTRIBUTION,cross_block_edge_removal,0.2,0.0,False,1.0,0,1.0,0.0,False,NOT_APPLICABLE_FOR_TOPOLOGY,family-distribution stress of synthetic variants; not a real public exposure graph claim
gold_5_bank_chain_variant_018,bank_interbank_chain,STRUCTURED_DISTRIBUTION,largest_exposure_edge_removal,0.2,0.2857142857142857,True,0.19999999999999996,1,1.0,0.7851117562697906,True,UNSTABLE,family-distribution stress of synthetic variants; not a real public exposure graph claim
gold_5_bank_chain_variant_019,bank_interbank_chain,STRUCTURED_DISTRIBUTION,low_asset_node_removal,0.2,0.42857142857142855,True,0.0,0,1.0,0.77697885194398,True,UNSTABLE,family-distribution stress of synthetic variants; not a real public exposure graph claim
gold_5_bank_chain_variant_019,bank_interbank_chain,STRUCTURED_DISTRIBUTION,cross_block_edge_removal,0.2,0.0,False,1.0,0,1.0,0.0,False,NOT_APPLICABLE_FOR_TOPOLOGY,family-distribution stress of synthetic variants; not a real public exposure graph claim
gold_5_bank_chain_variant_019,bank_interbank_chain,STRUCTURED_DISTRIBUTION,largest_exposure_edge_removal,0.2,0.2857142857142857,True,0.30000000000000004,1,1.0,0.77697885194398,True,UNSTABLE,family-distribution stress of synthetic variants; not a real public exposure graph claim
gold_5_bank_chain_variant_020,bank_interbank_chain,STRUCTURED_DISTRIBUTION,low_asset_node_removal,0.2,0.2857142857142857,True,0.9,1,1.0,0.8203305930607915,True,UNSTABLE,family-distribution stress of synthetic variants; not a real public exposure graph claim
gold_5_bank_chain_variant_020,bank_interbank_chain,STRUCTURED_DISTRIBUTION,cross_block_edge_removal,0.2,0.0,False,1.0,0,1.0,0.0,False,NOT_APPLICABLE_FOR_TOPOLOGY,family-distribution stress of synthetic variants; not a real public exposure graph claim
gold_5_bank_chain_variant_020,bank_interbank_chain,STRUCTURED_DISTRIBUTION,largest_exposure_edge_removal,0.2,0.2857142857142857,True,0.30000000000000004,1,1.0,0.8203305930607915,True,UNSTABLE,family-distribution stress of synthetic variants; not a real public exposure graph claim
gold_5_bank_chain_variant_021,bank_interbank_chain,STRUCTURED_DISTRIBUTION,low_asset_node_removal,0.2,0.2857142857142857,True,1.0,1,1.0,0.7801556966679011,True,UNSTABLE,family-distribution stress of synthetic variants; not a real public exposure graph claim
gold_5_bank_chain_variant_021,bank_interbank_chain,STRUCTURED_DISTRIBUTION,cross_block_edge_removal,0.2,0.0,False,1.0,0,1.0,0.0,False,NOT_APPLICABLE_FOR_TOPOLOGY,family-distribution stress of synthetic variants; not a real public exposure graph claim
gold_5_bank_chain_variant_021,bank_interbank_chain,STRUCTURED_DISTRIBUTION,largest_exposure_edge_removal,0.2,0.2857142857142857,True,0.6,1,1.0,0.7801556966679011,True,UNSTABLE,family-distribution stress of synthetic variants; not a real public exposure graph claim
gold_5_bank_chain_variant_022,bank_interbank_chain,STRUCTURED_DISTRIBUTION,low_asset_node_removal,0.2,0.42857142857142855,True,0.7,1,1.0,0.8132172062866637,True,UNSTABLE,family-distribution stress of synthetic variants; not a real public exposure graph claim
gold_5_bank_chain_variant_022,bank_interbank_chain,STRUCTURED_DISTRIBUTION,cross_block_edge_removal,0.2,0.0,False,1.0,0,1.0,0.0,False,NOT_APPLICABLE_FOR_TOPOLOGY,family-distribution stress of synthetic variants; not a real public exposure graph claim
gold_5_bank_chain_variant_022,bank_interbank_chain,STRUCTURED_DISTRIBUTION,largest_exposure_edge_removal,0.2,0.2857142857142857,True,0.30000000000000004,1,1.0,0.8132172062866637,True,UNSTABLE,family-distribution stress of synthetic variants; not a real public exposure graph claim
gold_5_bank_chain_variant_023,bank_interbank_chain,STRUCTURED_DISTRIBUTION,low_asset_node_removal,0.2,0.2857142857142857,True,0.9,1,1.0,0.7908635312020199,True,UNSTABLE,family-distribution stress of synthetic variants; not a real public exposure graph claim
gold_5_bank_chain_variant_023,bank_interbank_chain,STRUCTURED_DISTRIBUTION,cross_block_edge_removal,0.2,0.0,False,1.0,0,1.0,0.0,False,NOT_APPLICABLE_FOR_TOPOLOGY,family-distribution stress of synthetic variants; not a real public exposure graph claim
gold_5_bank_chain_variant_023,bank_interbank_chain,STRUCTURED_DISTRIBUTION,largest_exposure_edge_removal,0.2,0.2857142857142857,True,0.4,1,1.0,0.7908635312020199,True,UNSTABLE,family-distribution stress of synthetic variants; not a real public exposure graph claim
gold_5_bank_chain_variant_024,bank_interbank_chain,STRUCTURED_DISTRIBUTION,low_asset_node_removal,0.2,0.42857142857142855,True,0.4,0,1.0,0.7422004378625483,True,UNSTABLE,family-distribution stress of synthetic variants; not a real public exposure graph claim
gold_5_bank_chain_variant_024,bank_interbank_chain,STRUCTURED_DISTRIBUTION,cross_block_edge_removal,0.2,0.0,False,1.0,0,1.0,0.0,False,NOT_APPLICABLE_FOR_TOPOLOGY,family-distribution stress of synthetic variants; not a real public exposure graph claim
gold_5_bank_chain_variant_024,bank_interbank_chain,STRUCTURED_DISTRIBUTION,largest_exposure_edge_removal,0.2,0.2857142857142857,True,0.4,1,1.0,0.7422004378625483,True,UNSTABLE,family-distribution stress of synthetic variants; not a real public exposure graph claim
gold_5_bank_chain_variant_025,bank_interbank_chain,STRUCTURED_DISTRIBUTION,low_asset_node_removal,0.2,0.2857142857142857,True,0.9,1,1.0,0.7732394802023264,True,UNSTABLE,family-distribution stress of synthetic variants; not a real public exposure graph claim
gold_5_bank_chain_variant_025,bank_interbank_chain,STRUCTURED_DISTRIBUTION,cross_block_edge_removal,0.2,0.0,False,1.0,0,1.0,0.0,False,NOT_APPLICABLE_FOR_TOPOLOGY,family-distribution stress of synthetic variants; not a real public exposure graph claim
gold_5_bank_chain_variant_025,bank_interbank_chain,STRUCTURED_DISTRIBUTION,largest_exposure_edge_removal,0.2,0.2857142857142857,True,0.7,1,1.0,0.7732394802023264,True,UNSTABLE,family-distribution stress of synthetic variants; not a real public exposure graph claim
gold_5_bank_chain_variant_026,bank_interbank_chain,STRUCTURED_DISTRIBUTION,low_asset_node_removal,0.2,0.42857142857142855,True,0.6,0,1.0,0.8146662794237137,True,UNSTABLE,family-distribution stress of synthetic variants; not a real public exposure graph claim
gold_5_bank_chain_variant_026,bank_interbank_chain,STRUCTURED_DISTRIBUTION,cross_block_edge_removal,0.2,0.0,False,1.0,0,1.0,0.0,False,NOT_APPLICABLE_FOR_TOPOLOGY,family-distribution stress of synthetic variants; not a real public exposure graph claim
gold_5_bank_chain_variant_026,bank_interbank_chain,STRUCTURED_DISTRIBUTION,largest_exposure_edge_removal,0.2,0.2857142857142857,True,0.30000000000000004,1,1.0,0.8146662794237137,True,UNSTABLE,family-distribution stress of synthetic variants; not a real public exposure graph claim
gold_5_bank_chain_variant_027,bank_interbank_chain,STRUCTURED_DISTRIBUTION,low_asset_node_removal,0.2,0.42857142857142855,True,0.09999999999999998,0,1.0,0.8059426056781803,True,UNSTABLE,family-distribution stress of synthetic variants; not a real public exposure graph claim
gold_5_bank_chain_variant_027,bank_interbank_chain,STRUCTURED_DISTRIBUTION,cross_block_edge_removal,0.2,0.0,False,1.0,0,1.0,0.0,False,NOT_APPLICABLE_FOR_TOPOLOGY,family-distribution stress of synthetic variants; not a real public exposure graph claim
gold_5_bank_chain_variant_027,bank_interbank_chain,STRUCTURED_DISTRIBUTION,largest_exposure_edge_removal,0.2,0.2857142857142857,True,0.30000000000000004,1,1.0,0.8059426056781803,True,UNSTABLE,family-distribution stress of synthetic variants; not a real public exposure graph claim
gold_5_bank_chain_variant_028,bank_interbank_chain,STRUCTURED_DISTRIBUTION,low_asset_node_removal,0.2,0.42857142857142855,True,0.09999999999999998,1,1.0,0.791400854266413,True,UNSTABLE,family-distribution stress of synthetic variants; not a real public exposure graph claim
gold_5_bank_chain_variant_028,bank_interbank_chain,STRUCTURED_DISTRIBUTION,cross_block_edge_removal,0.2,0.0,False,1.0,0,1.0,0.0,False,NOT_APPLICABLE_FOR_TOPOLOGY,family-distribution stress of synthetic variants; not a real public exposure graph claim
gold_5_bank_chain_variant_028,bank_interbank_chain,STRUCTURED_DISTRIBUTION,largest_exposure_edge_removal,0.2,0.2857142857142857,True,0.30000000000000004,1,1.0,0.791400854266413,True,UNSTABLE,family-distribution stress of synthetic variants; not a real public exposure graph claim
gold_5_bank_chain_variant_029,bank_interbank_chain,STRUCTURED_DISTRIBUTION,low_asset_node_removal,0.2,0.42857142857142855,True,0.7,1,1.0,0.8280114770969955,True,UNSTABLE,family-distribution stress of synthetic variants; not a real public exposure graph claim
gold_5_bank_chain_variant_029,bank_interbank_chain,STRUCTURED_DISTRIBUTION,cross_block_edge_removal,0.2,0.0,False,1.0,0,1.0,0.0,False,NOT_APPLICABLE_FOR_TOPOLOGY,family-distribution stress of synthetic variants; not a real public exposure graph claim
gold_5_bank_chain_variant_029,bank_interbank_chain,STRUCTURED_DISTRIBUTION,largest_exposure_edge_removal,0.2,0.2857142857142857,True,0.30000000000000004,1,1.0,0.8280114770969955,True,UNSTABLE,family-distribution stress of synthetic variants; not a real public exposure graph claim
gold_5_bank_chain_variant_030,bank_interbank_chain,STRUCTURED_DISTRIBUTION,low_asset_node_removal,0.2,0.2857142857142857,True,0.7,1,1.0,0.7959558997745764,True,UNSTABLE,family-distribution stress of synthetic variants; not a real public exposure graph claim
gold_5_bank_chain_variant_030,bank_interbank_chain,STRUCTURED_DISTRIBUTION,cross_block_edge_removal,0.2,0.0,False,1.0,0,1.0,0.0,False,NOT_APPLICABLE_FOR_TOPOLOGY,family-distribution stress of synthetic variants; not a real public exposure graph claim
gold_5_bank_chain_variant_030,bank_interbank_chain,STRUCTURED_DISTRIBUTION,largest_exposure_edge_removal,0.2,0.2857142857142857,True,0.30000000000000004,1,1.0,0.7959558997745764,True,UNSTABLE,family-distribution stress of synthetic variants; not a real public exposure graph claim
gold_5_bank_chain_variant_031,bank_interbank_chain,STRUCTURED_DISTRIBUTION,low_asset_node_removal,0.2,0.42857142857142855,True,0.4,1,1.0,0.8088451410515682,True,UNSTABLE,family-distribution stress of synthetic variants; not a real public exposure graph claim
gold_5_bank_chain_variant_031,bank_interbank_chain,STRUCTURED_DISTRIBUTION,cross_block_edge_removal,0.2,0.0,False,1.0,0,1.0,0.0,False,NOT_APPLICABLE_FOR_TOPOLOGY,family-distribution stress of synthetic variants; not a real public exposure graph claim
gold_5_bank_chain_variant_031,bank_interbank_chain,STRUCTURED_DISTRIBUTION,largest_exposure_edge_removal,0.2,0.2857142857142857,True,0.19999999999999996,1,1.0,0.8088451410515682,True,UNSTABLE,family-distribution stress of synthetic variants; not a real public exposure graph claim
gold_5_bank_chain_variant_032,bank_interbank_chain,STRUCTURED_DISTRIBUTION,low_asset_node_removal,0.2,0.42857142857142855,True,0.30000000000000004,0,1.0,0.7706287449450034,True,UNSTABLE,family-distribution stress of synthetic variants; not a real public exposure graph claim
gold_5_bank_chain_variant_032,bank_interbank_chain,STRUCTURED_DISTRIBUTION,cross_block_edge_removal,0.2,0.0,False,1.0,0,1.0,0.0,False,NOT_APPLICABLE_FOR_TOPOLOGY,family-distribution stress of synthetic variants; not a real public exposure graph claim
gold_5_bank_chain_variant_032,bank_interbank_chain,STRUCTURED_DISTRIBUTION,largest_exposure_edge_removal,0.2,0.2857142857142857,True,0.4,1,1.0,0.7706287449450034,True,UNSTABLE,family-distribution stress of synthetic variants; not a real public exposure graph claim
gold_5_bank_chain_variant_033,bank_interbank_chain,STRUCTURED_DISTRIBUTION,low_asset_node_removal,0.2,0.2857142857142857,True,1.0,1,1.0,0.7454010315684362,True,UNSTABLE,family-distribution stress of synthetic variants; not a real public exposure graph claim
gold_5_bank_chain_variant_033,bank_interbank_chain,STRUCTURED_DISTRIBUTION,cross_block_edge_removal,0.2,0.0,False,1.0,0,1.0,0.0,False,NOT_APPLICABLE_FOR_TOPOLOGY,family-distribution stress of synthetic variants; not a real public exposure graph claim
gold_5_bank_chain_variant_033,bank_interbank_chain,STRUCTURED_DISTRIBUTION,largest_exposure_edge_removal,0.2,0.2857142857142857,True,0.30000000000000004,1,1.0,0.7454010315684362,True,UNSTABLE,family-distribution stress of synthetic variants; not a real public exposure graph claim
gold_5_bank_chain_variant_034,bank_interbank_chain,STRUCTURED_DISTRIBUTION,low_asset_node_removal,0.2,0.42857142857142855,True,0.09999999999999998,0,1.0,0.8074478982231204,True,UNSTABLE,family-distribution stress of synthetic variants; not a real public exposure graph claim
gold_5_bank_chain_variant_034,bank_interbank_chain,STRUCTURED_DISTRIBUTION,cross_block_edge_removal,0.2,0.0,False,1.0,0,1.0,0.0,False,NOT_APPLICABLE_FOR_TOPOLOGY,family-distribution stress of synthetic variants; not a real public exposure graph claim
gold_5_bank_chain_variant_034,bank_interbank_chain,STRUCTURED_DISTRIBUTION,largest_exposure_edge_removal,0.2,0.2857142857142857,True,0.30000000000000004,1,1.0,0.8074478982231204,True,UNSTABLE,family-distribution stress of synthetic variants; not a real public exposure graph claim
gold_5_bank_chain_variant_035,bank_interbank_chain,STRUCTURED_DISTRIBUTION,low_asset_node_removal,0.2,0.2857142857142857,True,1.0,1,1.0,0.7977723564122321,True,UNSTABLE,family-distribution stress of synthetic variants; not a real public exposure graph claim
gold_5_bank_chain_variant_035,bank_interbank_chain,STRUCTURED_DISTRIBUTION,cross_block_edge_removal,0.2,0.0,False,1.0,0,1.0,0.0,False,NOT_APPLICABLE_FOR_TOPOLOGY,family-distribution stress of synthetic variants; not a real public exposure graph claim
gold_5_bank_chain_variant_035,bank_interbank_chain,STRUCTURED_DISTRIBUTION,largest_exposure_edge_removal,0.2,0.2857142857142857,True,0.30000000000000004,1,1.0,0.7977723564122321,True,UNSTABLE,family-distribution stress of synthetic variants; not a real public exposure graph claim
gold_5_bank_chain_variant_036,bank_interbank_chain,STRUCTURED_DISTRIBUTION,low_asset_node_removal,0.2,0.2857142857142857,True,0.7,1,1.0,0.7926218793676301,True,UNSTABLE,family-distribution stress of synthetic variants; not a real public exposure graph claim
gold_5_bank_chain_variant_036,bank_interbank_chain,STRUCTURED_DISTRIBUTION,cross_block_edge_removal,0.2,0.0,False,1.0,0,1.0,0.0,False,NOT_APPLICABLE_FOR_TOPOLOGY,family-distribution stress of synthetic variants; not a real public exposure graph claim
gold_5_bank_chain_variant_036,bank_interbank_chain,STRUCTURED_DISTRIBUTION,largest_exposure_edge_removal,0.2,0.2857142857142857,True,0.7,1,1.0,0.7926218793676301,True,UNSTABLE,family-distribution stress of synthetic variants; not a real public exposure graph claim
gold_5_bank_chain_variant_037,bank_interbank_chain,STRUCTURED_DISTRIBUTION,low_asset_node_removal,0.2,0.42857142857142855,True,0.7,0,1.0,0.7852872908809668,True,UNSTABLE,family-distribution stress of synthetic variants; not a real public exposure graph claim
gold_5_bank_chain_variant_037,bank_interbank_chain,STRUCTURED_DISTRIBUTION,cross_block_edge_removal,0.2,0.0,False,1.0,0,1.0,0.0,False,NOT_APPLICABLE_FOR_TOPOLOGY,family-distribution stress of synthetic variants; not a real public exposure graph claim
gold_5_bank_chain_variant_037,bank_interbank_chain,STRUCTURED_DISTRIBUTION,largest_exposure_edge_removal,0.2,0.2857142857142857,True,0.6,1,1.0,0.7852872908809668,True,UNSTABLE,family-distribution stress of synthetic variants; not a real public exposure graph claim
gold_5_bank_chain_variant_038,bank_interbank_chain,STRUCTURED_DISTRIBUTION,low_asset_node_removal,0.2,0.42857142857142855,True,0.09999999999999998,1,1.0,0.8238778515359225,True,UNSTABLE,family-distribution stress of synthetic variants; not a real public exposure graph claim
gold_5_bank_chain_variant_038,bank_interbank_chain,STRUCTURED_DISTRIBUTION,cross_block_edge_removal,0.2,0.0,False,1.0,0,1.0,0.0,False,NOT_APPLICABLE_FOR_TOPOLOGY,family-distribution stress of synthetic variants; not a real public exposure graph claim
gold_5_bank_chain_variant_038,bank_interbank_chain,STRUCTURED_DISTRIBUTION,largest_exposure_edge_removal,0.2,0.2857142857142857,True,0.30000000000000004,1,1.0,0.8238778515359225,True,UNSTABLE,family-distribution stress of synthetic variants; not a real public exposure graph claim
gold_5_bank_chain_variant_039,bank_interbank_chain,STRUCTURED_DISTRIBUTION,low_asset_node_removal,0.2,0.42857142857142855,True,0.7,1,1.0,0.7971933071677337,True,UNSTABLE,family-distribution stress of synthetic variants; not a real public exposure graph claim
gold_5_bank_chain_variant_039,bank_interbank_chain,STRUCTURED_DISTRIBUTION,cross_block_edge_removal,0.2,0.0,False,1.0,0,1.0,0.0,False,NOT_APPLICABLE_FOR_TOPOLOGY,family-distribution stress of synthetic variants; not a real public exposure graph claim
gold_5_bank_chain_variant_039,bank_interbank_chain,STRUCTURED_DISTRIBUTION,largest_exposure_edge_removal,0.2,0.2857142857142857,True,0.30000000000000004,0,1.0,0.7971933071677337,True,UNSTABLE,family-distribution stress of synthetic variants; not a real public exposure graph claim
gold_5_bank_chain_variant_040,bank_interbank_chain,STRUCTURED_DISTRIBUTION,low_asset_node_removal,0.2,0.42857142857142855,True,-0.30000000000000004,0,1.0,0.7805589380584815,True,UNSTABLE,family-distribution stress of synthetic variants; not a real public exposure graph claim
gold_5_bank_chain_variant_040,bank_interbank_chain,STRUCTURED_DISTRIBUTION,cross_block_edge_removal,0.2,0.0,False,1.0,0,1.0,0.0,False,NOT_APPLICABLE_FOR_TOPOLOGY,family-distribution stress of synthetic variants; not a real public exposure graph claim
gold_5_bank_chain_variant_040,bank_interbank_chain,STRUCTURED_DISTRIBUTION,largest_exposure_edge_removal,0.2,0.2857142857142857,True,0.4,1,1.0,0.7805589380584815,True,UNSTABLE,family-distribution stress of synthetic variants; not a real public exposure graph claim
gold_8_core_periphery_variant_001,bank_sovereign_core_periphery,STRUCTURED_DISTRIBUTION,low_asset_node_removal,0.2,0.2777777777777778,True,1.0,0,1.0,0.1250820149905491,False,STABLE,family-distribution stress of synthetic variants; not a real public exposure graph claim
gold_8_core_periphery_variant_001,bank_sovereign_core_periphery,STRUCTURED_DISTRIBUTION,cross_block_edge_removal,0.2,0.16666666666666666,True,0.9285714285714286,1,1.0,0.19167794501689076,False,STABLE,family-distribution stress of synthetic variants; not a real public exposure graph claim
gold_8_core_periphery_variant_001,bank_sovereign_core_periphery,STRUCTURED_DISTRIBUTION,largest_exposure_edge_removal,0.2,0.2222222222222222,True,1.0,0,1.0,0.23794716686104841,False,STABLE,family-distribution stress of synthetic variants; not a real public exposure graph claim
gold_8_core_periphery_variant_002,bank_sovereign_core_periphery,STRUCTURED_DISTRIBUTION,low_asset_node_removal,0.2,0.2777777777777778,True,1.0,0,1.0,0.10310980336619342,False,STABLE,family-distribution stress of synthetic variants; not a real public exposure graph claim
gold_8_core_periphery_variant_002,bank_sovereign_core_periphery,STRUCTURED_DISTRIBUTION,cross_block_edge_removal,0.2,0.16666666666666666,True,1.0,0,1.0,0.1817593340071024,False,STABLE,family-distribution stress of synthetic variants; not a real public exposure graph claim
gold_8_core_periphery_variant_002,bank_sovereign_core_periphery,STRUCTURED_DISTRIBUTION,largest_exposure_edge_removal,0.2,0.2222222222222222,True,0.5,1,0.8,0.2529267161172996,False,DEGRADED,family-distribution stress of synthetic variants; not a real public exposure graph claim
gold_8_core_periphery_variant_003,bank_sovereign_core_periphery,STRUCTURED_DISTRIBUTION,low_asset_node_removal,0.2,0.2777777777777778,True,1.0,0,1.0,0.09403676880181036,False,STABLE,family-distribution stress of synthetic variants; not a real public exposure graph claim
gold_8_core_periphery_variant_003,bank_sovereign_core_periphery,STRUCTURED_DISTRIBUTION,cross_block_edge_removal,0.2,0.16666666666666666,True,1.0,0,1.0,0.2014962130975999,False,STABLE,family-distribution stress of synthetic variants; not a real public exposure graph claim
gold_8_core_periphery_variant_003,bank_sovereign_core_periphery,STRUCTURED_DISTRIBUTION,largest_exposure_edge_removal,0.2,0.2222222222222222,True,1.0,0,1.0,0.2585150499226101,False,STABLE,family-distribution stress of synthetic variants; not a real public exposure graph claim
gold_8_core_periphery_variant_004,bank_sovereign_core_periphery,STRUCTURED_DISTRIBUTION,low_asset_node_removal,0.2,0.2777777777777778,True,1.0,1,1.0,0.10124525518290006,False,STABLE,family-distribution stress of synthetic variants; not a real public exposure graph claim
gold_8_core_periphery_variant_004,bank_sovereign_core_periphery,STRUCTURED_DISTRIBUTION,cross_block_edge_removal,0.2,0.16666666666666666,True,0.9285714285714286,0,1.0,0.20086047270967905,False,STABLE,family-distribution stress of synthetic variants; not a real public exposure graph claim
gold_8_core_periphery_variant_004,bank_sovereign_core_periphery,STRUCTURED_DISTRIBUTION,largest_exposure_edge_removal,0.2,0.2222222222222222,True,0.5,0,0.8,0.24145029431487544,False,DEGRADED,family-distribution stress of synthetic variants; not a real public exposure graph claim
gold_8_core_periphery_variant_005,bank_sovereign_core_periphery,STRUCTURED_DISTRIBUTION,low_asset_node_removal,0.2,0.2777777777777778,True,1.0,0,1.0,0.0938503577542199,False,STABLE,family-distribution stress of synthetic variants; not a real public exposure graph claim
gold_8_core_periphery_variant_005,bank_sovereign_core_periphery,STRUCTURED_DISTRIBUTION,cross_block_edge_removal,0.2,0.16666666666666666,True,1.0,0,1.0,0.20217628899735055,False,STABLE,family-distribution stress of synthetic variants; not a real public exposure graph claim
gold_8_core_periphery_variant_005,bank_sovereign_core_periphery,STRUCTURED_DISTRIBUTION,largest_exposure_edge_removal,0.2,0.2222222222222222,True,0.5,1,0.8,0.24696169734916845,False,DEGRADED,family-distribution stress of synthetic variants; not a real public exposure graph claim
gold_8_core_periphery_variant_006,bank_sovereign_core_periphery,STRUCTURED_DISTRIBUTION,low_asset_node_removal,0.2,0.2777777777777778,True,1.0,0,1.0,0.08176742387286921,False,STABLE,family-distribution stress of synthetic variants; not a real public exposure graph claim
gold_8_core_periphery_variant_006,bank_sovereign_core_periphery,STRUCTURED_DISTRIBUTION,cross_block_edge_removal,0.2,0.16666666666666666,True,0.7857142857142857,0,1.0,0.21894031066766345,False,DEGRADED,family-distribution stress of synthetic variants; not a real public exposure graph claim
gold_8_core_periphery_variant_006,bank_sovereign_core_periphery,STRUCTURED_DISTRIBUTION,largest_exposure_edge_removal,0.2,0.2222222222222222,True,0.8333333333333334,0,1.0,0.3253801547317717,False,DEGRADED,family-distribution stress of synthetic variants; not a real public exposure graph claim
gold_8_core_periphery_variant_007,bank_sovereign_core_periphery,STRUCTURED_DISTRIBUTION,low_asset_node_removal,0.2,0.2777777777777778,True,1.0,0,1.0,0.09925609249569214,False,STABLE,family-distribution stress of synthetic variants; not a real public exposure graph claim
gold_8_core_periphery_variant_007,bank_sovereign_core_periphery,STRUCTURED_DISTRIBUTION,cross_block_edge_removal,0.2,0.16666666666666666,True,1.0,1,1.0,0.2175676222505683,False,STABLE,family-distribution stress of synthetic variants; not a real public exposure graph claim
gold_8_core_periphery_variant_007,bank_sovereign_core_periphery,STRUCTURED_DISTRIBUTION,largest_exposure_edge_removal,0.2,0.2222222222222222,True,0.5,1,0.8,0.2611527769554086,False,DEGRADED,family-distribution stress of synthetic variants; not a real public exposure graph claim
gold_8_core_periphery_variant_008,bank_sovereign_core_periphery,STRUCTURED_DISTRIBUTION,low_asset_node_removal,0.2,0.2777777777777778,True,1.0,0,1.0,0.12241922015871996,False,STABLE,family-distribution stress of synthetic variants; not a real public exposure graph claim
gold_8_core_periphery_variant_008,bank_sovereign_core_periphery,STRUCTURED_DISTRIBUTION,cross_block_edge_removal,0.2,0.16666666666666666,True,1.0,0,1.0,0.14394377154175206,False,STABLE,family-distribution stress of synthetic variants; not a real public exposure graph claim
gold_8_core_periphery_variant_008,bank_sovereign_core_periphery,STRUCTURED_DISTRIBUTION,largest_exposure_edge_removal,0.2,0.2222222222222222,True,1.0,0,1.0,0.20618109630241424,False,STABLE,family-distribution stress of synthetic variants; not a real public exposure graph claim
gold_8_core_periphery_variant_009,bank_sovereign_core_periphery,STRUCTURED_DISTRIBUTION,low_asset_node_removal,0.2,0.2777777777777778,True,1.0,0,1.0,0.10272176471735402,False,STABLE,family-distribution stress of synthetic variants; not a real public exposure graph claim
gold_8_core_periphery_variant_009,bank_sovereign_core_periphery,STRUCTURED_DISTRIBUTION,cross_block_edge_removal,0.2,0.16666666666666666,True,1.0,0,1.0,0.18048109039327143,False,STABLE,family-distribution stress of synthetic variants; not a real public exposure graph claim
gold_8_core_periphery_variant_009,bank_sovereign_core_periphery,STRUCTURED_DISTRIBUTION,largest_exposure_edge_removal,0.2,0.2222222222222222,True,0.9761904761904762,1,1.0,0.2913362391506389,False,STABLE,family-distribution stress of synthetic variants; not a real public exposure graph claim
gold_8_core_periphery_variant_010,bank_sovereign_core_periphery,STRUCTURED_DISTRIBUTION,low_asset_node_removal,0.2,0.2777777777777778,True,1.0,0,1.0,0.12158523275296239,False,STABLE,family-distribution stress of synthetic variants; not a real public exposure graph claim
gold_8_core_periphery_variant_010,bank_sovereign_core_periphery,STRUCTURED_DISTRIBUTION,cross_block_edge_removal,0.2,0.16666666666666666,True,0.9285714285714286,1,1.0,0.20366160188577223,False,STABLE,family-distribution stress of synthetic variants; not a real public exposure graph claim
gold_8_core_periphery_variant_010,bank_sovereign_core_periphery,STRUCTURED_DISTRIBUTION,largest_exposure_edge_removal,0.2,0.2222222222222222,True,1.0,0,1.0,0.2483230917276993,False,STABLE,family-distribution stress of synthetic variants; not a real public exposure graph claim
gold_8_core_periphery_variant_011,bank_sovereign_core_periphery,STRUCTURED_DISTRIBUTION,low_asset_node_removal,0.2,0.2777777777777778,True,1.0,0,1.0,0.10121067852601488,False,STABLE,family-distribution stress of synthetic variants; not a real public exposure graph claim
gold_8_core_periphery_variant_011,bank_sovereign_core_periphery,STRUCTURED_DISTRIBUTION,cross_block_edge_removal,0.2,0.16666666666666666,True,1.0,0,1.0,0.19531109817511483,False,STABLE,family-distribution stress of synthetic variants; not a real public exposure graph claim
gold_8_core_periphery_variant_011,bank_sovereign_core_periphery,STRUCTURED_DISTRIBUTION,largest_exposure_edge_removal,0.2,0.2222222222222222,True,1.0,0,1.0,0.2427237422613552,False,STABLE,family-distribution stress of synthetic variants; not a real public exposure graph claim
gold_8_core_periphery_variant_012,bank_sovereign_core_periphery,STRUCTURED_DISTRIBUTION,low_asset_node_removal,0.2,0.2777777777777778,True,1.0,0,1.0,0.10186617327004269,False,STABLE,family-distribution stress of synthetic variants; not a real public exposure graph claim
gold_8_core_periphery_variant_012,bank_sovereign_core_periphery,STRUCTURED_DISTRIBUTION,cross_block_edge_removal,0.2,0.16666666666666666,True,0.9285714285714286,1,1.0,0.2324527892713664,False,STABLE,family-distribution stress of synthetic variants; not a real public exposure graph claim
gold_8_core_periphery_variant_012,bank_sovereign_core_periphery,STRUCTURED_DISTRIBUTION,largest_exposure_edge_removal,0.2,0.2222222222222222,True,1.0,0,1.0,0.29260038545200684,False,STABLE,family-distribution stress of synthetic variants; not a real public exposure graph claim
gold_8_core_periphery_variant_013,bank_sovereign_core_periphery,STRUCTURED_DISTRIBUTION,low_asset_node_removal,0.2,0.2777777777777778,True,1.0,0,1.0,0.10071868886042633,False,STABLE,family-distribution stress of synthetic variants; not a real public exposure graph claim
gold_8_core_periphery_variant_013,bank_sovereign_core_periphery,STRUCTURED_DISTRIBUTION,cross_block_edge_removal,0.2,0.16666666666666666,True,1.0,0,1.0,0.22603055275317274,False,STABLE,family-distribution stress of synthetic variants; not a real public exposure graph claim
gold_8_core_periphery_variant_013,bank_sovereign_core_periphery,STRUCTURED_DISTRIBUTION,largest_exposure_edge_removal,0.2,0.2222222222222222,True,0.5,1,0.8,0.2709124475446432,False,DEGRADED,family-distribution stress of synthetic variants; not a real public exposure graph claim
gold_8_core_periphery_variant_014,bank_sovereign_core_periphery,STRUCTURED_DISTRIBUTION,low_asset_node_removal,0.2,0.2777777777777778,True,1.0,0,1.0,0.1202746166018906,False,STABLE,family-distribution stress of synthetic variants; not a real public exposure graph claim
gold_8_core_periphery_variant_014,bank_sovereign_core_periphery,STRUCTURED_DISTRIBUTION,cross_block_edge_removal,0.2,0.16666666666666666,True,1.0,0,1.0,0.15917967530973998,False,STABLE,family-distribution stress of synthetic variants; not a real public exposure graph claim
gold_8_core_periphery_variant_014,bank_sovereign_core_periphery,STRUCTURED_DISTRIBUTION,largest_exposure_edge_removal,0.2,0.2222222222222222,True,1.0,1,1.0,0.2295213693906542,False,STABLE,family-distribution stress of synthetic variants; not a real public exposure graph claim
gold_8_core_periphery_variant_015,bank_sovereign_core_periphery,STRUCTURED_DISTRIBUTION,low_asset_node_removal,0.2,0.2777777777777778,True,1.0,0,1.0,0.1139250726386582,False,STABLE,family-distribution stress of synthetic variants; not a real public exposure graph claim
gold_8_core_periphery_variant_015,bank_sovereign_core_periphery,STRUCTURED_DISTRIBUTION,cross_block_edge_removal,0.2,0.16666666666666666,True,1.0,0,1.0,0.1665163206931421,False,STABLE,family-distribution stress of synthetic variants; not a real public exposure graph claim
gold_8_core_periphery_variant_015,bank_sovereign_core_periphery,STRUCTURED_DISTRIBUTION,largest_exposure_edge_removal,0.2,0.2222222222222222,True,0.5,1,0.8,0.23208050044073444,False,DEGRADED,family-distribution stress of synthetic variants; not a real public exposure graph claim
gold_8_core_periphery_variant_016,bank_sovereign_core_periphery,STRUCTURED_DISTRIBUTION,low_asset_node_removal,0.2,0.2777777777777778,True,1.0,0,1.0,0.10605268298291896,False,STABLE,family-distribution stress of synthetic variants; not a real public exposure graph claim
gold_8_core_periphery_variant_016,bank_sovereign_core_periphery,STRUCTURED_DISTRIBUTION,cross_block_edge_removal,0.2,0.16666666666666666,True,0.9285714285714286,1,1.0,0.20911268808840408,False,STABLE,family-distribution stress of synthetic variants; not a real public exposure graph claim
gold_8_core_periphery_variant_016,bank_sovereign_core_periphery,STRUCTURED_DISTRIBUTION,largest_exposure_edge_removal,0.2,0.2222222222222222,True,1.0,0,1.0,0.24998810000714186,False,STABLE,family-distribution stress of synthetic variants; not a real public exposure graph claim
gold_8_core_periphery_variant_017,bank_sovereign_core_periphery,STRUCTURED_DISTRIBUTION,low_asset_node_removal,0.2,0.2777777777777778,True,1.0,1,1.0,0.10717256733091195,False,STABLE,family-distribution stress of synthetic variants; not a real public exposure graph claim
gold_8_core_periphery_variant_017,bank_sovereign_core_periphery,STRUCTURED_DISTRIBUTION,cross_block_edge_removal,0.2,0.16666666666666666,True,0.9285714285714286,0,1.0,0.18699815081282148,False,STABLE,family-distribution stress of synthetic variants; not a real public exposure graph claim
gold_8_core_periphery_variant_017,bank_sovereign_core_periphery,STRUCTURED_DISTRIBUTION,largest_exposure_edge_removal,0.2,0.2222222222222222,True,0.5,0,0.8,0.23009061691248917,False,DEGRADED,family-distribution stress of synthetic variants; not a real public exposure graph claim
gold_8_core_periphery_variant_018,bank_sovereign_core_periphery,STRUCTURED_DISTRIBUTION,low_asset_node_removal,0.2,0.2777777777777778,True,1.0,0,1.0,0.09303724546360741,False,STABLE,family-distribution stress of synthetic variants; not a real public exposure graph claim
gold_8_core_periphery_variant_018,bank_sovereign_core_periphery,STRUCTURED_DISTRIBUTION,cross_block_edge_removal,0.2,0.16666666666666666,True,0.9761904761904762,1,1.0,0.2045253211950341,False,STABLE,family-distribution stress of synthetic variants; not a real public exposure graph claim
gold_8_core_periphery_variant_018,bank_sovereign_core_periphery,STRUCTURED_DISTRIBUTION,largest_exposure_edge_removal,0.2,0.2222222222222222,True,0.47619047619047616,0,0.8,0.2690005443045989,False,DEGRADED,family-distribution stress of synthetic variants; not a real public exposure graph claim
gold_8_core_periphery_variant_019,bank_sovereign_core_periphery,STRUCTURED_DISTRIBUTION,low_asset_node_removal,0.2,0.2777777777777778,True,1.0,0,1.0,0.09484337220119089,False,STABLE,family-distribution stress of synthetic variants; not a real public exposure graph claim
gold_8_core_periphery_variant_019,bank_sovereign_core_periphery,STRUCTURED_DISTRIBUTION,cross_block_edge_removal,0.2,0.16666666666666666,True,0.9285714285714286,1,1.0,0.22193475415371466,False,STABLE,family-distribution stress of synthetic variants; not a real public exposure graph claim
gold_8_core_periphery_variant_019,bank_sovereign_core_periphery,STRUCTURED_DISTRIBUTION,largest_exposure_edge_removal,0.2,0.2222222222222222,True,0.5,1,0.8,0.2529940238342363,False,DEGRADED,family-distribution stress of synthetic variants; not a real public exposure graph claim
gold_8_core_periphery_variant_020,bank_sovereign_core_periphery,STRUCTURED_DISTRIBUTION,low_asset_node_removal,0.2,0.2777777777777778,True,1.0,0,1.0,0.09189938833093238,False,STABLE,family-distribution stress of synthetic variants; not a real public exposure graph claim
gold_8_core_periphery_variant_020,bank_sovereign_core_periphery,STRUCTURED_DISTRIBUTION,cross_block_edge_removal,0.2,0.16666666666666666,True,1.0,0,1.0,0.22392574157247286,False,STABLE,family-distribution stress of synthetic variants; not a real public exposure graph claim
gold_8_core_periphery_variant_020,bank_sovereign_core_periphery,STRUCTURED_DISTRIBUTION,largest_exposure_edge_removal,0.2,0.2222222222222222,True,1.0,0,1.0,0.26373130643856446,False,STABLE,family-distribution stress of synthetic variants; not a real public exposure graph claim
gold_8_core_periphery_variant_021,bank_sovereign_core_periphery,STRUCTURED_DISTRIBUTION,low_asset_node_removal,0.2,0.2777777777777778,True,1.0,0,1.0,0.09386227090746324,False,STABLE,family-distribution stress of synthetic variants; not a real public exposure graph claim
gold_8_core_periphery_variant_021,bank_sovereign_core_periphery,STRUCTURED_DISTRIBUTION,cross_block_edge_removal,0.2,0.16666666666666666,True,0.9285714285714286,1,1.0,0.23120650208492158,False,STABLE,family-distribution stress of synthetic variants; not a real public exposure graph claim
gold_8_core_periphery_variant_021,bank_sovereign_core_periphery,STRUCTURED_DISTRIBUTION,largest_exposure_edge_removal,0.2,0.2222222222222222,True,1.0,0,1.0,0.26479615715563376,False,STABLE,family-distribution stress of synthetic variants; not a real public exposure graph claim
gold_8_core_periphery_variant_022,bank_sovereign_core_periphery,STRUCTURED_DISTRIBUTION,low_asset_node_removal,0.2,0.2777777777777778,True,0.9761904761904762,1,1.0,0.0927667681827752,False,STABLE,family-distribution stress of synthetic variants; not a real public exposure graph claim
gold_8_core_periphery_variant_022,bank_sovereign_core_periphery,STRUCTURED_DISTRIBUTION,cross_block_edge_removal,0.2,0.16666666666666666,True,0.9047619047619048,0,1.0,0.22792723211523552,False,STABLE,family-distribution stress of synthetic variants; not a real public exposure graph claim
gold_8_core_periphery_variant_022,bank_sovereign_core_periphery,STRUCTURED_DISTRIBUTION,largest_exposure_edge_removal,0.2,0.2222222222222222,True,0.9047619047619048,0,1.0,0.3639674253284628,False,STABLE,family-distribution stress of synthetic variants; not a real public exposure graph claim
gold_8_core_periphery_variant_023,bank_sovereign_core_periphery,STRUCTURED_DISTRIBUTION,low_asset_node_removal,0.2,0.2777777777777778,True,1.0,0,1.0,0.08515560822728672,False,STABLE,family-distribution stress of synthetic variants; not a real public exposure graph claim
gold_8_core_periphery_variant_023,bank_sovereign_core_periphery,STRUCTURED_DISTRIBUTION,cross_block_edge_removal,0.2,0.16666666666666666,True,0.9285714285714286,1,1.0,0.21924705528559324,False,STABLE,family-distribution stress of synthetic variants; not a real public exposure graph claim
gold_8_core_periphery_variant_023,bank_sovereign_core_periphery,STRUCTURED_DISTRIBUTION,largest_exposure_edge_removal,0.2,0.2222222222222222,True,1.0,0,1.0,0.2644972067363359,False,STABLE,family-distribution stress of synthetic variants; not a real public exposure graph claim
gold_8_core_periphery_variant_024,bank_sovereign_core_periphery,STRUCTURED_DISTRIBUTION,low_asset_node_removal,0.2,0.2777777777777778,True,1.0,0,1.0,0.09416789950903799,False,STABLE,family-distribution stress of synthetic variants; not a real public exposure graph claim
gold_8_core_periphery_variant_024,bank_sovereign_core_periphery,STRUCTURED_DISTRIBUTION,cross_block_edge_removal,0.2,0.16666666666666666,True,1.0,0,1.0,0.21985276182682717,False,STABLE,family-distribution stress of synthetic variants; not a real public exposure graph claim
gold_8_core_periphery_variant_024,bank_sovereign_core_periphery,STRUCTURED_DISTRIBUTION,largest_exposure_edge_removal,0.2,0.2222222222222222,True,0.9761904761904762,0,1.0,0.2946782959262698,False,STABLE,family-distribution stress of synthetic variants; not a real public exposure graph claim
gold_8_core_periphery_variant_025,bank_sovereign_core_periphery,STRUCTURED_DISTRIBUTION,low_asset_node_removal,0.2,0.2777777777777778,True,1.0,0,1.0,0.10671233580796737,False,STABLE,family-distribution stress of synthetic variants; not a real public exposure graph claim
gold_8_core_periphery_variant_025,bank_sovereign_core_periphery,STRUCTURED_DISTRIBUTION,cross_block_edge_removal,0.2,0.16666666666666666,True,1.0,0,1.0,0.18024835912994877,False,STABLE,family-distribution stress of synthetic variants; not a real public exposure graph claim
gold_8_core_periphery_variant_025,bank_sovereign_core_periphery,STRUCTURED_DISTRIBUTION,largest_exposure_edge_removal,0.2,0.2222222222222222,True,0.5,1,0.8,0.22323267465691457,False,DEGRADED,family-distribution stress of synthetic variants; not a real public exposure graph claim
gold_8_core_periphery_variant_026,bank_sovereign_core_periphery,STRUCTURED_DISTRIBUTION,low_asset_node_removal,0.2,0.2777777777777778,True,1.0,0,1.0,0.11138714628654095,False,STABLE,family-distribution stress of synthetic variants; not a real public exposure graph claim
gold_8_core_periphery_variant_026,bank_sovereign_core_periphery,STRUCTURED_DISTRIBUTION,cross_block_edge_removal,0.2,0.16666666666666666,True,1.0,1,1.0,0.1980739369996922,False,STABLE,family-distribution stress of synthetic variants; not a real public exposure graph claim
gold_8_core_periphery_variant_026,bank_sovereign_core_periphery,STRUCTURED_DISTRIBUTION,largest_exposure_edge_removal,0.2,0.2222222222222222,True,1.0,0,1.0,0.2539892153761609,False,STABLE,family-distribution stress of synthetic variants; not a real public exposure graph claim
gold_8_core_periphery_variant_027,bank_sovereign_core_periphery,STRUCTURED_DISTRIBUTION,low_asset_node_removal,0.2,0.2777777777777778,True,1.0,0,1.0,0.10295755975961232,False,STABLE,family-distribution stress of synthetic variants; not a real public exposure graph claim
gold_8_core_periphery_variant_027,bank_sovereign_core_periphery,STRUCTURED_DISTRIBUTION,cross_block_edge_removal,0.2,0.16666666666666666,True,0.4285714285714286,1,0.8,0.23031541539139913,False,DEGRADED,family-distribution stress of synthetic variants; not a real public exposure graph claim
gold_8_core_periphery_variant_027,bank_sovereign_core_periphery,STRUCTURED_DISTRIBUTION,largest_exposure_edge_removal,0.2,0.2222222222222222,True,0.5,1,0.8,0.23959003207518018,False,DEGRADED,family-distribution stress of synthetic variants; not a real public exposure graph claim
gold_8_core_periphery_variant_028,bank_sovereign_core_periphery,STRUCTURED_DISTRIBUTION,low_asset_node_removal,0.2,0.2777777777777778,True,1.0,0,1.0,0.10692946972404789,False,STABLE,family-distribution stress of synthetic variants; not a real public exposure graph claim
gold_8_core_periphery_variant_028,bank_sovereign_core_periphery,STRUCTURED_DISTRIBUTION,cross_block_edge_removal,0.2,0.16666666666666666,True,0.9047619047619048,0,1.0,0.21076048327768318,False,STABLE,family-distribution stress of synthetic variants; not a real public exposure graph claim
gold_8_core_periphery_variant_028,bank_sovereign_core_periphery,STRUCTURED_DISTRIBUTION,largest_exposure_edge_removal,0.2,0.2222222222222222,True,0.9761904761904762,1,1.0,0.27181714923115435,False,STABLE,family-distribution stress of synthetic variants; not a real public exposure graph claim
gold_8_core_periphery_variant_029,bank_sovereign_core_periphery,STRUCTURED_DISTRIBUTION,low_asset_node_removal,0.2,0.2777777777777778,True,1.0,0,1.0,0.07867844593324677,False,STABLE,family-distribution stress of synthetic variants; not a real public exposure graph claim
gold_8_core_periphery_variant_029,bank_sovereign_core_periphery,STRUCTURED_DISTRIBUTION,cross_block_edge_removal,0.2,0.16666666666666666,True,0.5238095238095238,1,0.8,0.24493568749173192,False,DEGRADED,family-distribution stress of synthetic variants; not a real public exposure graph claim
gold_8_core_periphery_variant_029,bank_sovereign_core_periphery,STRUCTURED_DISTRIBUTION,largest_exposure_edge_removal,0.2,0.2222222222222222,True,0.5,1,0.8,0.2602771980269291,False,DEGRADED,family-distribution stress of synthetic variants; not a real public exposure graph claim
gold_8_core_periphery_variant_030,bank_sovereign_core_periphery,STRUCTURED_DISTRIBUTION,low_asset_node_removal,0.2,0.2777777777777778,True,0.9761904761904762,0,1.0,0.10374858412367538,False,STABLE,family-distribution stress of synthetic variants; not a real public exposure graph claim
gold_8_core_periphery_variant_030,bank_sovereign_core_periphery,STRUCTURED_DISTRIBUTION,cross_block_edge_removal,0.2,0.16666666666666666,True,0.9047619047619048,0,1.0,0.20321073561336858,False,STABLE,family-distribution stress of synthetic variants; not a real public exposure graph claim
gold_8_core_periphery_variant_030,bank_sovereign_core_periphery,STRUCTURED_DISTRIBUTION,largest_exposure_edge_removal,0.2,0.2222222222222222,True,1.0,0,1.0,0.2754127701493108,False,STABLE,family-distribution stress of synthetic variants; not a real public exposure graph claim
gold_8_core_periphery_variant_031,bank_sovereign_core_periphery,STRUCTURED_DISTRIBUTION,low_asset_node_removal,0.2,0.2777777777777778,True,1.0,0,1.0,0.09693157667181382,False,STABLE,family-distribution stress of synthetic variants; not a real public exposure graph claim
gold_8_core_periphery_variant_031,bank_sovereign_core_periphery,STRUCTURED_DISTRIBUTION,cross_block_edge_removal,0.2,0.16666666666666666,True,0.9285714285714286,1,1.0,0.218940344768074,False,STABLE,family-distribution stress of synthetic variants; not a real public exposure graph claim
gold_8_core_periphery_variant_031,bank_sovereign_core_periphery,STRUCTURED_DISTRIBUTION,largest_exposure_edge_removal,0.2,0.2222222222222222,True,1.0,0,1.0,0.2491127183939564,False,STABLE,family-distribution stress of synthetic variants; not a real public exposure graph claim
gold_8_core_periphery_variant_032,bank_sovereign_core_periphery,STRUCTURED_DISTRIBUTION,low_asset_node_removal,0.2,0.2777777777777778,True,1.0,0,1.0,0.09171745720255128,False,STABLE,family-distribution stress of synthetic variants; not a real public exposure graph claim
gold_8_core_periphery_variant_032,bank_sovereign_core_periphery,STRUCTURED_DISTRIBUTION,cross_block_edge_removal,0.2,0.16666666666666666,True,0.9285714285714286,1,1.0,0.19839285661917774,False,STABLE,family-distribution stress of synthetic variants; not a real public exposure graph claim
gold_8_core_periphery_variant_032,bank_sovereign_core_periphery,STRUCTURED_DISTRIBUTION,largest_exposure_edge_removal,0.2,0.2222222222222222,True,0.9285714285714286,1,1.0,0.3093082602631624,False,STABLE,family-distribution stress of synthetic variants; not a real public exposure graph claim
gold_8_core_periphery_variant_033,bank_sovereign_core_periphery,STRUCTURED_DISTRIBUTION,low_asset_node_removal,0.2,0.2777777777777778,True,1.0,0,1.0,0.10771953150966684,False,STABLE,family-distribution stress of synthetic variants; not a real public exposure graph claim
gold_8_core_periphery_variant_033,bank_sovereign_core_periphery,STRUCTURED_DISTRIBUTION,cross_block_edge_removal,0.2,0.16666666666666666,True,1.0,1,1.0,0.20059711156199905,False,STABLE,family-distribution stress of synthetic variants; not a real public exposure graph claim
gold_8_core_periphery_variant_033,bank_sovereign_core_periphery,STRUCTURED_DISTRIBUTION,largest_exposure_edge_removal,0.2,0.2222222222222222,True,1.0,0,1.0,0.22941206190359603,False,STABLE,family-distribution stress of synthetic variants; not a real public exposure graph claim
gold_8_core_periphery_variant_034,bank_sovereign_core_periphery,STRUCTURED_DISTRIBUTION,low_asset_node_removal,0.2,0.2777777777777778,True,1.0,0,1.0,0.09261309478071666,False,STABLE,family-distribution stress of synthetic variants; not a real public exposure graph claim
gold_8_core_periphery_variant_034,bank_sovereign_core_periphery,STRUCTURED_DISTRIBUTION,cross_block_edge_removal,0.2,0.16666666666666666,True,0.9285714285714286,1,1.0,0.21822246200391085,False,STABLE,family-distribution stress of synthetic variants; not a real public exposure graph claim
gold_8_core_periphery_variant_034,bank_sovereign_core_periphery,STRUCTURED_DISTRIBUTION,largest_exposure_edge_removal,0.2,0.2222222222222222,True,0.5,1,0.8,0.2631506739636488,False,DEGRADED,family-distribution stress of synthetic variants; not a real public exposure graph claim
gold_8_core_periphery_variant_035,bank_sovereign_core_periphery,STRUCTURED_DISTRIBUTION,low_asset_node_removal,0.2,0.2777777777777778,True,1.0,0,1.0,0.1088393629227373,False,STABLE,family-distribution stress of synthetic variants; not a real public exposure graph claim
gold_8_core_periphery_variant_035,bank_sovereign_core_periphery,STRUCTURED_DISTRIBUTION,cross_block_edge_removal,0.2,0.16666666666666666,True,0.9285714285714286,1,1.0,0.22342042025824094,False,STABLE,family-distribution stress of synthetic variants; not a real public exposure graph claim
gold_8_core_periphery_variant_035,bank_sovereign_core_periphery,STRUCTURED_DISTRIBUTION,largest_exposure_edge_removal,0.2,0.2222222222222222,True,0.5,1,0.8,0.24978831922550757,False,DEGRADED,family-distribution stress of synthetic variants; not a real public exposure graph claim
gold_8_core_periphery_variant_036,bank_sovereign_core_periphery,STRUCTURED_DISTRIBUTION,low_asset_node_removal,0.2,0.2777777777777778,True,1.0,0,1.0,0.11025384403859846,False,STABLE,family-distribution stress of synthetic variants; not a real public exposure graph claim
gold_8_core_periphery_variant_036,bank_sovereign_core_periphery,STRUCTURED_DISTRIBUTION,cross_block_edge_removal,0.2,0.16666666666666666,True,0.9285714285714286,1,1.0,0.17767015378907142,False,STABLE,family-distribution stress of synthetic variants; not a real public exposure graph claim
gold_8_core_periphery_variant_036,bank_sovereign_core_periphery,STRUCTURED_DISTRIBUTION,largest_exposure_edge_removal,0.2,0.2222222222222222,True,0.9285714285714286,1,1.0,0.24350346911878892,False,STABLE,family-distribution stress of synthetic variants; not a real public exposure graph claim
gold_8_core_periphery_variant_037,bank_sovereign_core_periphery,STRUCTURED_DISTRIBUTION,low_asset_node_removal,0.2,0.2777777777777778,True,1.0,0,1.0,0.07805339239617955,False,STABLE,family-distribution stress of synthetic variants; not a real public exposure graph claim
gold_8_core_periphery_variant_037,bank_sovereign_core_periphery,STRUCTURED_DISTRIBUTION,cross_block_edge_removal,0.2,0.16666666666666666,True,1.0,0,1.0,0.18527600965909125,False,STABLE,family-distribution stress of synthetic variants; not a real public exposure graph claim
gold_8_core_periphery_variant_037,bank_sovereign_core_periphery,STRUCTURED_DISTRIBUTION,largest_exposure_edge_removal,0.2,0.2222222222222222,True,1.0,0,1.0,0.2751231065363519,False,STABLE,family-distribution stress of synthetic variants; not a real public exposure graph claim
gold_8_core_periphery_variant_038,bank_sovereign_core_periphery,STRUCTURED_DISTRIBUTION,low_asset_node_removal,0.2,0.2777777777777778,True,1.0,0,1.0,0.09010262556370248,False,STABLE,family-distribution stress of synthetic variants; not a real public exposure graph claim
gold_8_core_periphery_variant_038,bank_sovereign_core_periphery,STRUCTURED_DISTRIBUTION,cross_block_edge_removal,0.2,0.16666666666666666,True,0.6428571428571428,1,0.8,0.2199270301087966,False,DEGRADED,family-distribution stress of synthetic variants; not a real public exposure graph claim
gold_8_core_periphery_variant_038,bank_sovereign_core_periphery,STRUCTURED_DISTRIBUTION,largest_exposure_edge_removal,0.2,0.2222222222222222,True,0.5,1,0.8,0.23521582900428162,False,DEGRADED,family-distribution stress of synthetic variants; not a real public exposure graph claim
gold_8_core_periphery_variant_039,bank_sovereign_core_periphery,STRUCTURED_DISTRIBUTION,low_asset_node_removal,0.2,0.2777777777777778,True,1.0,0,1.0,0.09184441044638686,False,STABLE,family-distribution stress of synthetic variants; not a real public exposure graph claim
gold_8_core_periphery_variant_039,bank_sovereign_core_periphery,STRUCTURED_DISTRIBUTION,cross_block_edge_removal,0.2,0.16666666666666666,True,0.9761904761904762,1,1.0,0.2406220617229521,False,STABLE,family-distribution stress of synthetic variants; not a real public exposure graph claim
gold_8_core_periphery_variant_039,bank_sovereign_core_periphery,STRUCTURED_DISTRIBUTION,largest_exposure_edge_removal,0.2,0.2222222222222222,True,1.0,0,1.0,0.28313083471721384,False,STABLE,family-distribution stress of synthetic variants; not a real public exposure graph claim
gold_8_core_periphery_variant_040,bank_sovereign_core_periphery,STRUCTURED_DISTRIBUTION,low_asset_node_removal,0.2,0.2777777777777778,True,1.0,0,1.0,0.08727866125148713,False,STABLE,family-distribution stress of synthetic variants; not a real public exposure graph claim
gold_8_core_periphery_variant_040,bank_sovereign_core_periphery,STRUCTURED_DISTRIBUTION,cross_block_edge_removal,0.2,0.16666666666666666,True,1.0,1,1.0,0.23014270511428062,False,STABLE,family-distribution stress of synthetic variants; not a real public exposure graph claim
gold_8_core_periphery_variant_040,bank_sovereign_core_periphery,STRUCTURED_DISTRIBUTION,largest_exposure_edge_removal,0.2,0.2222222222222222,True,1.0,0,1.0,0.29269360462531374,False,STABLE,family-distribution stress of synthetic variants; not a real public exposure graph claim
gold_10_overlap_obligations_variant_001,overlapping_portfolio_obligation_proxy,STRUCTURED_DISTRIBUTION,low_asset_node_removal,0.2,0.36,True,0.6,1,0.8,0.2608279569713605,False,DEGRADED,family-distribution stress of synthetic variants; not a real public exposure graph claim
gold_10_overlap_obligations_variant_001,overlapping_portfolio_obligation_proxy,STRUCTURED_DISTRIBUTION,cross_block_edge_removal,0.2,0.2,True,0.5878787878787879,0,0.8,0.18349421108436859,False,DEGRADED,family-distribution stress of synthetic variants; not a real public exposure graph claim
gold_10_overlap_obligations_variant_001,overlapping_portfolio_obligation_proxy,STRUCTURED_DISTRIBUTION,largest_exposure_edge_removal,0.2,0.2,True,0.6606060606060606,0,0.8,0.13484693662038016,False,DEGRADED,family-distribution stress of synthetic variants; not a real public exposure graph claim
gold_10_overlap_obligations_variant_002,overlapping_portfolio_obligation_proxy,STRUCTURED_DISTRIBUTION,low_asset_node_removal,0.2,0.48,True,1.0,1,1.0,0.2879739894319424,False,STABLE,family-distribution stress of synthetic variants; not a real public exposure graph claim
gold_10_overlap_obligations_variant_002,overlapping_portfolio_obligation_proxy,STRUCTURED_DISTRIBUTION,cross_block_edge_removal,0.2,0.2,True,0.4545454545454546,0,0.8,0.17774184674407487,False,DEGRADED,family-distribution stress of synthetic variants; not a real public exposure graph claim
gold_10_overlap_obligations_variant_002,overlapping_portfolio_obligation_proxy,STRUCTURED_DISTRIBUTION,largest_exposure_edge_removal,0.2,0.2,True,0.4545454545454546,0,0.8,0.1977525203086432,False,DEGRADED,family-distribution stress of synthetic variants; not a real public exposure graph claim
gold_10_overlap_obligations_variant_003,overlapping_portfolio_obligation_proxy,STRUCTURED_DISTRIBUTION,low_asset_node_removal,0.2,0.48,True,1.0,1,1.0,0.2484592310728638,False,STABLE,family-distribution stress of synthetic variants; not a real public exposure graph claim
gold_10_overlap_obligations_variant_003,overlapping_portfolio_obligation_proxy,STRUCTURED_DISTRIBUTION,cross_block_edge_removal,0.2,0.2,True,1.0,1,1.0,0.18958651917859715,False,STABLE,family-distribution stress of synthetic variants; not a real public exposure graph claim
gold_10_overlap_obligations_variant_003,overlapping_portfolio_obligation_proxy,STRUCTURED_DISTRIBUTION,largest_exposure_edge_removal,0.2,0.2,True,1.0,0,1.0,0.22185304493047522,False,STABLE,family-distribution stress of synthetic variants; not a real public exposure graph claim
gold_10_overlap_obligations_variant_004,overlapping_portfolio_obligation_proxy,STRUCTURED_DISTRIBUTION,low_asset_node_removal,0.2,0.36,True,0.9878787878787879,1,1.0,0.23949094035331944,False,STABLE,family-distribution stress of synthetic variants; not a real public exposure graph claim
gold_10_overlap_obligations_variant_004,overlapping_portfolio_obligation_proxy,STRUCTURED_DISTRIBUTION,cross_block_edge_removal,0.2,0.2,True,0.7333333333333334,0,0.8,0.20678588572936407,False,DEGRADED,family-distribution stress of synthetic variants; not a real public exposure graph claim
gold_10_overlap_obligations_variant_004,overlapping_portfolio_obligation_proxy,STRUCTURED_DISTRIBUTION,largest_exposure_edge_removal,0.2,0.2,True,0.7333333333333334,0,0.8,0.18921084719915007,False,DEGRADED,family-distribution stress of synthetic variants; not a real public exposure graph claim
gold_10_overlap_obligations_variant_005,overlapping_portfolio_obligation_proxy,STRUCTURED_DISTRIBUTION,low_asset_node_removal,0.2,0.48,True,1.0,1,1.0,0.3015150570203194,False,STABLE,family-distribution stress of synthetic variants; not a real public exposure graph claim
gold_10_overlap_obligations_variant_005,overlapping_portfolio_obligation_proxy,STRUCTURED_DISTRIBUTION,cross_block_edge_removal,0.2,0.2,True,0.9878787878787879,0,1.0,0.1244385447874137,False,STABLE,family-distribution stress of synthetic variants; not a real public exposure graph claim
gold_10_overlap_obligations_variant_005,overlapping_portfolio_obligation_proxy,STRUCTURED_DISTRIBUTION,largest_exposure_edge_removal,0.2,0.2,True,0.9878787878787879,0,1.0,0.17073954041092287,False,STABLE,family-distribution stress of synthetic variants; not a real public exposure graph claim
gold_10_overlap_obligations_variant_006,overlapping_portfolio_obligation_proxy,STRUCTURED_DISTRIBUTION,low_asset_node_removal,0.2,0.48,True,0.9636363636363636,1,1.0,0.27999927961602655,False,STABLE,family-distribution stress of synthetic variants; not a real public exposure graph claim
gold_10_overlap_obligations_variant_006,overlapping_portfolio_obligation_proxy,STRUCTURED_DISTRIBUTION,cross_block_edge_removal,0.2,0.2,True,-0.0060606060606061,0,0.6,0.1698979949202431,False,DEGRADED,family-distribution stress of synthetic variants; not a real public exposure graph claim
gold_10_overlap_obligations_variant_006,overlapping_portfolio_obligation_proxy,STRUCTURED_DISTRIBUTION,largest_exposure_edge_removal,0.2,0.2,True,0.9636363636363636,1,1.0,0.2094911105472919,False,STABLE,family-distribution stress of synthetic variants; not a real public exposure graph claim
gold_10_overlap_obligations_variant_007,overlapping_portfolio_obligation_proxy,STRUCTURED_DISTRIBUTION,low_asset_node_removal,0.2,0.48,True,1.0,1,1.0,0.27853578883934144,False,STABLE,family-distribution stress of synthetic variants; not a real public exposure graph claim
gold_10_overlap_obligations_variant_007,overlapping_portfolio_obligation_proxy,STRUCTURED_DISTRIBUTION,cross_block_edge_removal,0.2,0.2,True,0.5636363636363637,0,0.8,0.1917224865606088,False,DEGRADED,family-distribution stress of synthetic variants; not a real public exposure graph claim
gold_10_overlap_obligations_variant_007,overlapping_portfolio_obligation_proxy,STRUCTURED_DISTRIBUTION,largest_exposure_edge_removal,0.2,0.2,True,1.0,0,1.0,0.2031375800635657,False,STABLE,family-distribution stress of synthetic variants; not a real public exposure graph claim
gold_10_overlap_obligations_variant_008,overlapping_portfolio_obligation_proxy,STRUCTURED_DISTRIBUTION,low_asset_node_removal,0.2,0.48,True,0.9878787878787879,1,1.0,0.3526880931101181,False,STABLE,family-distribution stress of synthetic variants; not a real public exposure graph claim
gold_10_overlap_obligations_variant_008,overlapping_portfolio_obligation_proxy,STRUCTURED_DISTRIBUTION,cross_block_edge_removal,0.2,0.2,True,0.7333333333333334,0,0.8,0.20785692812963624,False,DEGRADED,family-distribution stress of synthetic variants; not a real public exposure graph claim
gold_10_overlap_obligations_variant_008,overlapping_portfolio_obligation_proxy,STRUCTURED_DISTRIBUTION,largest_exposure_edge_removal,0.2,0.2,True,0.7333333333333334,0,0.8,0.22394445380514644,False,DEGRADED,family-distribution stress of synthetic variants; not a real public exposure graph claim
gold_10_overlap_obligations_variant_009,overlapping_portfolio_obligation_proxy,STRUCTURED_DISTRIBUTION,low_asset_node_removal,0.2,0.48,True,1.0,1,1.0,0.2490709585770391,False,STABLE,family-distribution stress of synthetic variants; not a real public exposure graph claim
gold_10_overlap_obligations_variant_009,overlapping_portfolio_obligation_proxy,STRUCTURED_DISTRIBUTION,cross_block_edge_removal,0.2,0.2,True,0.9878787878787879,0,1.0,0.22597386571050723,False,STABLE,family-distribution stress of synthetic variants; not a real public exposure graph claim
gold_10_overlap_obligations_variant_009,overlapping_portfolio_obligation_proxy,STRUCTURED_DISTRIBUTION,largest_exposure_edge_removal,0.2,0.2,True,0.9878787878787879,0,1.0,0.19679788751620494,False,STABLE,family-distribution stress of synthetic variants; not a real public exposure graph claim
gold_10_overlap_obligations_variant_010,overlapping_portfolio_obligation_proxy,STRUCTURED_DISTRIBUTION,low_asset_node_removal,0.2,0.48,True,0.9757575757575757,0,1.0,0.26978053962997417,False,STABLE,family-distribution stress of synthetic variants; not a real public exposure graph claim
gold_10_overlap_obligations_variant_010,overlapping_portfolio_obligation_proxy,STRUCTURED_DISTRIBUTION,cross_block_edge_removal,0.2,0.2,True,0.38181818181818183,0,0.8,0.19687972190328992,False,DEGRADED,family-distribution stress of synthetic variants; not a real public exposure graph claim
gold_10_overlap_obligations_variant_010,overlapping_portfolio_obligation_proxy,STRUCTURED_DISTRIBUTION,largest_exposure_edge_removal,0.2,0.2,True,0.6484848484848484,1,0.8,0.18435478815533607,False,DEGRADED,family-distribution stress of synthetic variants; not a real public exposure graph claim
gold_10_overlap_obligations_variant_011,overlapping_portfolio_obligation_proxy,STRUCTURED_DISTRIBUTION,low_asset_node_removal,0.2,0.48,True,0.9878787878787879,0,1.0,0.2924960594479113,False,STABLE,family-distribution stress of synthetic variants; not a real public exposure graph claim
gold_10_overlap_obligations_variant_011,overlapping_portfolio_obligation_proxy,STRUCTURED_DISTRIBUTION,cross_block_edge_removal,0.2,0.2,True,0.9878787878787879,0,1.0,0.16019688955546274,False,STABLE,family-distribution stress of synthetic variants; not a real public exposure graph claim
gold_10_overlap_obligations_variant_011,overlapping_portfolio_obligation_proxy,STRUCTURED_DISTRIBUTION,largest_exposure_edge_removal,0.2,0.2,True,0.11515151515151512,0,0.8,0.15616857531563047,False,DEGRADED,family-distribution stress of synthetic variants; not a real public exposure graph claim
gold_10_overlap_obligations_variant_012,overlapping_portfolio_obligation_proxy,STRUCTURED_DISTRIBUTION,low_asset_node_removal,0.2,0.48,True,0.9878787878787879,1,1.0,0.2755589744023225,False,STABLE,family-distribution stress of synthetic variants; not a real public exposure graph claim
gold_10_overlap_obligations_variant_012,overlapping_portfolio_obligation_proxy,STRUCTURED_DISTRIBUTION,cross_block_edge_removal,0.2,0.2,True,0.9878787878787879,0,1.0,0.17691271324923288,False,STABLE,family-distribution stress of synthetic variants; not a real public exposure graph claim
gold_10_overlap_obligations_variant_012,overlapping_portfolio_obligation_proxy,STRUCTURED_DISTRIBUTION,largest_exposure_edge_removal,0.2,0.2,True,0.9878787878787879,1,1.0,0.20086771814230087,False,STABLE,family-distribution stress of synthetic variants; not a real public exposure graph claim
gold_10_overlap_obligations_variant_013,overlapping_portfolio_obligation_proxy,STRUCTURED_DISTRIBUTION,low_asset_node_removal,0.2,0.48,True,1.0,0,1.0,0.26586398383928295,False,STABLE,family-distribution stress of synthetic variants; not a real public exposure graph claim
gold_10_overlap_obligations_variant_013,overlapping_portfolio_obligation_proxy,STRUCTURED_DISTRIBUTION,cross_block_edge_removal,0.2,0.2,True,0.4545454545454546,1,0.8,0.16552094092982483,False,DEGRADED,family-distribution stress of synthetic variants; not a real public exposure graph claim
gold_10_overlap_obligations_variant_013,overlapping_portfolio_obligation_proxy,STRUCTURED_DISTRIBUTION,largest_exposure_edge_removal,0.2,0.2,True,0.4545454545454546,1,0.8,0.22512564199368876,False,DEGRADED,family-distribution stress of synthetic variants; not a real public exposure graph claim
gold_10_overlap_obligations_variant_014,overlapping_portfolio_obligation_proxy,STRUCTURED_DISTRIBUTION,low_asset_node_removal,0.2,0.36,True,1.0,1,1.0,0.26465351334957943,False,STABLE,family-distribution stress of synthetic variants; not a real public exposure graph claim
gold_10_overlap_obligations_variant_014,overlapping_portfolio_obligation_proxy,STRUCTURED_DISTRIBUTION,cross_block_edge_removal,0.2,0.2,True,0.9878787878787879,0,1.0,0.1984606062394598,False,STABLE,family-distribution stress of synthetic variants; not a real public exposure graph claim
gold_10_overlap_obligations_variant_014,overlapping_portfolio_obligation_proxy,STRUCTURED_DISTRIBUTION,largest_exposure_edge_removal,0.2,0.2,True,1.0,1,1.0,0.17334346222335897,False,STABLE,family-distribution stress of synthetic variants; not a real public exposure graph claim
gold_10_overlap_obligations_variant_015,overlapping_portfolio_obligation_proxy,STRUCTURED_DISTRIBUTION,low_asset_node_removal,0.2,0.36,True,1.0,1,1.0,0.22661409362757176,False,STABLE,family-distribution stress of synthetic variants; not a real public exposure graph claim
gold_10_overlap_obligations_variant_015,overlapping_portfolio_obligation_proxy,STRUCTURED_DISTRIBUTION,cross_block_edge_removal,0.2,0.2,True,1.0,1,1.0,0.19975945377982207,False,STABLE,family-distribution stress of synthetic variants; not a real public exposure graph claim
gold_10_overlap_obligations_variant_015,overlapping_portfolio_obligation_proxy,STRUCTURED_DISTRIBUTION,largest_exposure_edge_removal,0.2,0.2,True,0.9878787878787879,0,1.0,0.22851719506351031,False,STABLE,family-distribution stress of synthetic variants; not a real public exposure graph claim
gold_10_overlap_obligations_variant_016,overlapping_portfolio_obligation_proxy,STRUCTURED_DISTRIBUTION,low_asset_node_removal,0.2,0.48,True,1.0,1,1.0,0.30421709367857647,False,STABLE,family-distribution stress of synthetic variants; not a real public exposure graph claim
gold_10_overlap_obligations_variant_016,overlapping_portfolio_obligation_proxy,STRUCTURED_DISTRIBUTION,cross_block_edge_removal,0.2,0.2,True,0.9878787878787879,0,1.0,0.1738034235686817,False,STABLE,family-distribution stress of synthetic variants; not a real public exposure graph claim
gold_10_overlap_obligations_variant_016,overlapping_portfolio_obligation_proxy,STRUCTURED_DISTRIBUTION,largest_exposure_edge_removal,0.2,0.2,True,0.9878787878787879,0,1.0,0.17737217821953363,False,STABLE,family-distribution stress of synthetic variants; not a real public exposure graph claim
gold_10_overlap_obligations_variant_017,overlapping_portfolio_obligation_proxy,STRUCTURED_DISTRIBUTION,low_asset_node_removal,0.2,0.48,True,1.0,1,1.0,0.2837245091423405,False,STABLE,family-distribution stress of synthetic variants; not a real public exposure graph claim
gold_10_overlap_obligations_variant_017,overlapping_portfolio_obligation_proxy,STRUCTURED_DISTRIBUTION,cross_block_edge_removal,0.2,0.2,True,0.33333333333333337,0,0.6,0.1591211948787808,False,DEGRADED,family-distribution stress of synthetic variants; not a real public exposure graph claim
gold_10_overlap_obligations_variant_017,overlapping_portfolio_obligation_proxy,STRUCTURED_DISTRIBUTION,largest_exposure_edge_removal,0.2,0.2,True,0.9878787878787879,0,1.0,0.14208527440148588,False,STABLE,family-distribution stress of synthetic variants; not a real public exposure graph claim
gold_10_overlap_obligations_variant_018,overlapping_portfolio_obligation_proxy,STRUCTURED_DISTRIBUTION,low_asset_node_removal,0.2,0.48,True,0.9636363636363636,1,1.0,0.2956093350724949,False,STABLE,family-distribution stress of synthetic variants; not a real public exposure graph claim
gold_10_overlap_obligations_variant_018,overlapping_portfolio_obligation_proxy,STRUCTURED_DISTRIBUTION,cross_block_edge_removal,0.2,0.2,True,0.9636363636363636,1,1.0,0.17987964829876937,False,STABLE,family-distribution stress of synthetic variants; not a real public exposure graph claim
gold_10_overlap_obligations_variant_018,overlapping_portfolio_obligation_proxy,STRUCTURED_DISTRIBUTION,largest_exposure_edge_removal,0.2,0.2,True,0.9636363636363636,0,1.0,0.2024051169510252,False,STABLE,family-distribution stress of synthetic variants; not a real public exposure graph claim
gold_10_overlap_obligations_variant_019,overlapping_portfolio_obligation_proxy,STRUCTURED_DISTRIBUTION,low_asset_node_removal,0.2,0.36,True,0.9636363636363636,1,1.0,0.21068455668608932,False,STABLE,family-distribution stress of synthetic variants; not a real public exposure graph claim
gold_10_overlap_obligations_variant_019,overlapping_portfolio_obligation_proxy,STRUCTURED_DISTRIBUTION,cross_block_edge_removal,0.2,0.2,True,0.9515151515151515,0,1.0,0.17608262007774966,False,STABLE,family-distribution stress of synthetic variants; not a real public exposure graph claim
gold_10_overlap_obligations_variant_019,overlapping_portfolio_obligation_proxy,STRUCTURED_DISTRIBUTION,largest_exposure_edge_removal,0.2,0.2,True,0.9636363636363636,0,1.0,0.1795130715611991,False,STABLE,family-distribution stress of synthetic variants; not a real public exposure graph claim
gold_10_overlap_obligations_variant_020,overlapping_portfolio_obligation_proxy,STRUCTURED_DISTRIBUTION,low_asset_node_removal,0.2,0.36,True,1.0,1,1.0,0.24838181165271486,False,STABLE,family-distribution stress of synthetic variants; not a real public exposure graph claim
gold_10_overlap_obligations_variant_020,overlapping_portfolio_obligation_proxy,STRUCTURED_DISTRIBUTION,cross_block_edge_removal,0.2,0.2,True,0.4545454545454546,0,0.8,0.19763029336341548,False,DEGRADED,family-distribution stress of synthetic variants; not a real public exposure graph claim
gold_10_overlap_obligations_variant_020,overlapping_portfolio_obligation_proxy,STRUCTURED_DISTRIBUTION,largest_exposure_edge_removal,0.2,0.2,True,0.4424242424242424,0,0.8,0.1419213537845356,False,DEGRADED,family-distribution stress of synthetic variants; not a real public exposure graph claim
gold_10_overlap_obligations_variant_021,overlapping_portfolio_obligation_proxy,STRUCTURED_DISTRIBUTION,low_asset_node_removal,0.2,0.48,True,0.9636363636363636,1,1.0,0.327356896338742,False,STABLE,family-distribution stress of synthetic variants; not a real public exposure graph claim
gold_10_overlap_obligations_variant_021,overlapping_portfolio_obligation_proxy,STRUCTURED_DISTRIBUTION,cross_block_edge_removal,0.2,0.2,True,0.19999999999999996,0,0.6,0.1688641909485323,False,DEGRADED,family-distribution stress of synthetic variants; not a real public exposure graph claim
gold_10_overlap_obligations_variant_021,overlapping_portfolio_obligation_proxy,STRUCTURED_DISTRIBUTION,largest_exposure_edge_removal,0.2,0.2,True,0.23636363636363633,0,0.6,0.15138054324482736,False,DEGRADED,family-distribution stress of synthetic variants; not a real public exposure graph claim
gold_10_overlap_obligations_variant_022,overlapping_portfolio_obligation_proxy,STRUCTURED_DISTRIBUTION,low_asset_node_removal,0.2,0.48,True,0.9636363636363636,1,1.0,0.2853788964576471,False,STABLE,family-distribution stress of synthetic variants; not a real public exposure graph claim
gold_10_overlap_obligations_variant_022,overlapping_portfolio_obligation_proxy,STRUCTURED_DISTRIBUTION,cross_block_edge_removal,0.2,0.2,True,0.7090909090909091,0,0.8,0.19695053219076286,False,DEGRADED,family-distribution stress of synthetic variants; not a real public exposure graph claim
gold_10_overlap_obligations_variant_022,overlapping_portfolio_obligation_proxy,STRUCTURED_DISTRIBUTION,largest_exposure_edge_removal,0.2,0.2,True,0.7454545454545455,0,0.8,0.19286809814710884,False,DEGRADED,family-distribution stress of synthetic variants; not a real public exposure graph claim
gold_10_overlap_obligations_variant_023,overlapping_portfolio_obligation_proxy,STRUCTURED_DISTRIBUTION,low_asset_node_removal,0.2,0.48,True,1.0,0,1.0,0.24350370258069673,False,STABLE,family-distribution stress of synthetic variants; not a real public exposure graph claim
gold_10_overlap_obligations_variant_023,overlapping_portfolio_obligation_proxy,STRUCTURED_DISTRIBUTION,cross_block_edge_removal,0.2,0.2,True,0.030303030303030276,1,0.6,0.15070536082112362,False,DEGRADED,family-distribution stress of synthetic variants; not a real public exposure graph claim
gold_10_overlap_obligations_variant_023,overlapping_portfolio_obligation_proxy,STRUCTURED_DISTRIBUTION,largest_exposure_edge_removal,0.2,0.2,True,0.4545454545454546,1,0.8,0.14705484172769726,False,DEGRADED,family-distribution stress of synthetic variants; not a real public exposure graph claim
gold_10_overlap_obligations_variant_024,overlapping_portfolio_obligation_proxy,STRUCTURED_DISTRIBUTION,low_asset_node_removal,0.2,0.48,True,0.9636363636363636,1,1.0,0.2733096348185469,False,STABLE,family-distribution stress of synthetic variants; not a real public exposure graph claim
gold_10_overlap_obligations_variant_024,overlapping_portfolio_obligation_proxy,STRUCTURED_DISTRIBUTION,cross_block_edge_removal,0.2,0.2,True,-0.018181818181818077,0,0.6,0.14830542306123268,False,DEGRADED,family-distribution stress of synthetic variants; not a real public exposure graph claim
gold_10_overlap_obligations_variant_024,overlapping_portfolio_obligation_proxy,STRUCTURED_DISTRIBUTION,largest_exposure_edge_removal,0.2,0.2,True,0.4181818181818182,0,0.8,0.15267014564284515,False,DEGRADED,family-distribution stress of synthetic variants; not a real public exposure graph claim
gold_10_overlap_obligations_variant_025,overlapping_portfolio_obligation_proxy,STRUCTURED_DISTRIBUTION,low_asset_node_removal,0.2,0.36,True,1.0,1,1.0,0.20056864176831912,False,STABLE,family-distribution stress of synthetic variants; not a real public exposure graph claim
gold_10_overlap_obligations_variant_025,overlapping_portfolio_obligation_proxy,STRUCTURED_DISTRIBUTION,cross_block_edge_removal,0.2,0.2,True,0.030303030303030276,0,0.6,0.16154993717477126,False,DEGRADED,family-distribution stress of synthetic variants; not a real public exposure graph claim
gold_10_overlap_obligations_variant_025,overlapping_portfolio_obligation_proxy,STRUCTURED_DISTRIBUTION,largest_exposure_edge_removal,0.2,0.2,True,0.4545454545454546,0,0.8,0.14955685898996288,False,DEGRADED,family-distribution stress of synthetic variants; not a real public exposure graph claim
gold_10_overlap_obligations_variant_026,overlapping_portfolio_obligation_proxy,STRUCTURED_DISTRIBUTION,low_asset_node_removal,0.2,0.48,True,0.9636363636363636,1,1.0,0.28720694451212453,False,STABLE,family-distribution stress of synthetic variants; not a real public exposure graph claim
gold_10_overlap_obligations_variant_026,overlapping_portfolio_obligation_proxy,STRUCTURED_DISTRIBUTION,cross_block_edge_removal,0.2,0.2,True,0.9515151515151515,0,1.0,0.21271455290338484,False,STABLE,family-distribution stress of synthetic variants; not a real public exposure graph claim
gold_10_overlap_obligations_variant_026,overlapping_portfolio_obligation_proxy,STRUCTURED_DISTRIBUTION,largest_exposure_edge_removal,0.2,0.2,True,0.9636363636363636,1,1.0,0.19180167168792733,False,STABLE,family-distribution stress of synthetic variants; not a real public exposure graph claim
gold_10_overlap_obligations_variant_027,overlapping_portfolio_obligation_proxy,STRUCTURED_DISTRIBUTION,low_asset_node_removal,0.2,0.36,True,0.9636363636363636,1,1.0,0.24138821576147487,False,STABLE,family-distribution stress of synthetic variants; not a real public exposure graph claim
gold_10_overlap_obligations_variant_027,overlapping_portfolio_obligation_proxy,STRUCTURED_DISTRIBUTION,cross_block_edge_removal,0.2,0.2,True,0.4181818181818182,0,0.8,0.18538631903098685,False,DEGRADED,family-distribution stress of synthetic variants; not a real public exposure graph claim
gold_10_overlap_obligations_variant_027,overlapping_portfolio_obligation_proxy,STRUCTURED_DISTRIBUTION,largest_exposure_edge_removal,0.2,0.2,True,0.4181818181818182,0,0.8,0.15685745145168348,False,DEGRADED,family-distribution stress of synthetic variants; not a real public exposure graph claim
gold_10_overlap_obligations_variant_028,overlapping_portfolio_obligation_proxy,STRUCTURED_DISTRIBUTION,low_asset_node_removal,0.2,0.48,True,1.0,1,1.0,0.3507666711141104,False,STABLE,family-distribution stress of synthetic variants; not a real public exposure graph claim
gold_10_overlap_obligations_variant_028,overlapping_portfolio_obligation_proxy,STRUCTURED_DISTRIBUTION,cross_block_edge_removal,0.2,0.2,True,0.7454545454545455,0,0.8,0.1966358594077922,False,DEGRADED,family-distribution stress of synthetic variants; not a real public exposure graph claim
gold_10_overlap_obligations_variant_028,overlapping_portfolio_obligation_proxy,STRUCTURED_DISTRIBUTION,largest_exposure_edge_removal,0.2,0.2,True,1.0,1,1.0,0.16207570137286254,False,STABLE,family-distribution stress of synthetic variants; not a real public exposure graph claim
gold_10_overlap_obligations_variant_029,overlapping_portfolio_obligation_proxy,STRUCTURED_DISTRIBUTION,low_asset_node_removal,0.2,0.36,True,0.9878787878787879,1,1.0,0.24351529921862594,False,STABLE,family-distribution stress of synthetic variants; not a real public exposure graph claim
gold_10_overlap_obligations_variant_029,overlapping_portfolio_obligation_proxy,STRUCTURED_DISTRIBUTION,cross_block_edge_removal,0.2,0.2,True,0.4181818181818182,0,0.8,0.18601412414511667,False,DEGRADED,family-distribution stress of synthetic variants; not a real public exposure graph claim
gold_10_overlap_obligations_variant_029,overlapping_portfolio_obligation_proxy,STRUCTURED_DISTRIBUTION,largest_exposure_edge_removal,0.2,0.2,True,0.9636363636363636,0,1.0,0.19465703686380503,False,STABLE,family-distribution stress of synthetic variants; not a real public exposure graph claim
gold_10_overlap_obligations_variant_030,overlapping_portfolio_obligation_proxy,STRUCTURED_DISTRIBUTION,low_asset_node_removal,0.2,0.36,True,0.9636363636363636,1,1.0,0.22434961467725825,False,STABLE,family-distribution stress of synthetic variants; not a real public exposure graph claim
gold_10_overlap_obligations_variant_030,overlapping_portfolio_obligation_proxy,STRUCTURED_DISTRIBUTION,cross_block_edge_removal,0.2,0.2,True,0.9636363636363636,1,1.0,0.1461016317981236,False,STABLE,family-distribution stress of synthetic variants; not a real public exposure graph claim
gold_10_overlap_obligations_variant_030,overlapping_portfolio_obligation_proxy,STRUCTURED_DISTRIBUTION,largest_exposure_edge_removal,0.2,0.2,True,0.4181818181818182,0,0.8,0.19709827743227498,False,DEGRADED,family-distribution stress of synthetic variants; not a real public exposure graph claim
gold_10_overlap_obligations_variant_031,overlapping_portfolio_obligation_proxy,STRUCTURED_DISTRIBUTION,low_asset_node_removal,0.2,0.36,True,1.0,1,1.0,0.27073956482515527,False,STABLE,family-distribution stress of synthetic variants; not a real public exposure graph claim
gold_10_overlap_obligations_variant_031,overlapping_portfolio_obligation_proxy,STRUCTURED_DISTRIBUTION,cross_block_edge_removal,0.2,0.2,True,0.030303030303030276,0,0.6,0.15357370524777317,False,DEGRADED,family-distribution stress of synthetic variants; not a real public exposure graph claim
gold_10_overlap_obligations_variant_031,overlapping_portfolio_obligation_proxy,STRUCTURED_DISTRIBUTION,largest_exposure_edge_removal,0.2,0.2,True,0.5636363636363637,0,0.8,0.1737462744193914,False,DEGRADED,family-distribution stress of synthetic variants; not a real public exposure graph claim
gold_10_overlap_obligations_variant_032,overlapping_portfolio_obligation_proxy,STRUCTURED_DISTRIBUTION,low_asset_node_removal,0.2,0.48,True,1.0,1,1.0,0.27082608976986194,False,STABLE,family-distribution stress of synthetic variants; not a real public exposure graph claim
gold_10_overlap_obligations_variant_032,overlapping_portfolio_obligation_proxy,STRUCTURED_DISTRIBUTION,cross_block_edge_removal,0.2,0.2,True,1.0,1,1.0,0.21238440391890168,False,STABLE,family-distribution stress of synthetic variants; not a real public exposure graph claim
gold_10_overlap_obligations_variant_032,overlapping_portfolio_obligation_proxy,STRUCTURED_DISTRIBUTION,largest_exposure_edge_removal,0.2,0.2,True,1.0,1,1.0,0.20311796136919233,False,STABLE,family-distribution stress of synthetic variants; not a real public exposure graph claim
gold_10_overlap_obligations_variant_033,overlapping_portfolio_obligation_proxy,STRUCTURED_DISTRIBUTION,low_asset_node_removal,0.2,0.36,True,1.0,1,1.0,0.2162142064308066,False,STABLE,family-distribution stress of synthetic variants; not a real public exposure graph claim
gold_10_overlap_obligations_variant_033,overlapping_portfolio_obligation_proxy,STRUCTURED_DISTRIBUTION,cross_block_edge_removal,0.2,0.2,True,0.5393939393939393,0,0.8,0.17711101300955467,False,DEGRADED,family-distribution stress of synthetic variants; not a real public exposure graph claim
gold_10_overlap_obligations_variant_033,overlapping_portfolio_obligation_proxy,STRUCTURED_DISTRIBUTION,largest_exposure_edge_removal,0.2,0.2,True,0.4545454545454546,0,0.8,0.17130599553041526,False,DEGRADED,family-distribution stress of synthetic variants; not a real public exposure graph claim
gold_10_overlap_obligations_variant_034,overlapping_portfolio_obligation_proxy,STRUCTURED_DISTRIBUTION,low_asset_node_removal,0.2,0.48,True,0.9636363636363636,1,1.0,0.23545036595078847,False,STABLE,family-distribution stress of synthetic variants; not a real public exposure graph claim
gold_10_overlap_obligations_variant_034,overlapping_portfolio_obligation_proxy,STRUCTURED_DISTRIBUTION,cross_block_edge_removal,0.2,0.2,True,0.19999999999999996,0,0.6,0.21815174636701265,False,DEGRADED,family-distribution stress of synthetic variants; not a real public exposure graph claim
gold_10_overlap_obligations_variant_034,overlapping_portfolio_obligation_proxy,STRUCTURED_DISTRIBUTION,largest_exposure_edge_removal,0.2,0.2,True,0.9636363636363636,1,1.0,0.18171673621091275,False,STABLE,family-distribution stress of synthetic variants; not a real public exposure graph claim
gold_10_overlap_obligations_variant_035,overlapping_portfolio_obligation_proxy,STRUCTURED_DISTRIBUTION,low_asset_node_removal,0.2,0.16,True,1.0,0,1.0,0.0270353031586862,False,STABLE,family-distribution stress of synthetic variants; not a real public exposure graph claim
gold_10_overlap_obligations_variant_035,overlapping_portfolio_obligation_proxy,STRUCTURED_DISTRIBUTION,cross_block_edge_removal,0.2,0.2,True,0.1515151515151515,0,0.6,0.1788967285923111,False,DEGRADED,family-distribution stress of synthetic variants; not a real public exposure graph claim
gold_10_overlap_obligations_variant_035,overlapping_portfolio_obligation_proxy,STRUCTURED_DISTRIBUTION,largest_exposure_edge_removal,0.2,0.2,True,0.4424242424242424,0,0.8,0.12245434993871807,False,DEGRADED,family-distribution stress of synthetic variants; not a real public exposure graph claim
gold_10_overlap_obligations_variant_036,overlapping_portfolio_obligation_proxy,STRUCTURED_DISTRIBUTION,low_asset_node_removal,0.2,0.48,True,0.9878787878787879,0,1.0,0.3162309519785976,False,STABLE,family-distribution stress of synthetic variants; not a real public exposure graph claim
gold_10_overlap_obligations_variant_036,overlapping_portfolio_obligation_proxy,STRUCTURED_DISTRIBUTION,cross_block_edge_removal,0.2,0.2,True,0.6606060606060606,1,0.8,0.20616295225692488,False,DEGRADED,family-distribution stress of synthetic variants; not a real public exposure graph claim
gold_10_overlap_obligations_variant_036,overlapping_portfolio_obligation_proxy,STRUCTURED_DISTRIBUTION,largest_exposure_edge_removal,0.2,0.2,True,-0.1272727272727272,0,0.6,0.2592900711109864,False,DEGRADED,family-distribution stress of synthetic variants; not a real public exposure graph claim
gold_10_overlap_obligations_variant_037,overlapping_portfolio_obligation_proxy,STRUCTURED_DISTRIBUTION,low_asset_node_removal,0.2,0.36,True,0.9636363636363636,1,1.0,0.25230971092030985,False,STABLE,family-distribution stress of synthetic variants; not a real public exposure graph claim
gold_10_overlap_obligations_variant_037,overlapping_portfolio_obligation_proxy,STRUCTURED_DISTRIBUTION,cross_block_edge_removal,0.2,0.2,True,-0.018181818181818077,0,0.6,0.18052093329164787,False,DEGRADED,family-distribution stress of synthetic variants; not a real public exposure graph claim
gold_10_overlap_obligations_variant_037,overlapping_portfolio_obligation_proxy,STRUCTURED_DISTRIBUTION,largest_exposure_edge_removal,0.2,0.2,True,0.4181818181818182,0,0.8,0.180224603176057,False,DEGRADED,family-distribution stress of synthetic variants; not a real public exposure graph claim
gold_10_overlap_obligations_variant_038,overlapping_portfolio_obligation_proxy,STRUCTURED_DISTRIBUTION,low_asset_node_removal,0.2,0.48,True,0.9878787878787879,1,1.0,0.288440257173751,False,STABLE,family-distribution stress of synthetic variants; not a real public exposure graph claim
gold_10_overlap_obligations_variant_038,overlapping_portfolio_obligation_proxy,STRUCTURED_DISTRIBUTION,cross_block_edge_removal,0.2,0.2,True,0.4424242424242424,0,0.8,0.1821852239204344,False,DEGRADED,family-distribution stress of synthetic variants; not a real public exposure graph claim
gold_10_overlap_obligations_variant_038,overlapping_portfolio_obligation_proxy,STRUCTURED_DISTRIBUTION,largest_exposure_edge_removal,0.2,0.2,True,0.9878787878787879,1,1.0,0.17322379659781745,False,STABLE,family-distribution stress of synthetic variants; not a real public exposure graph claim
gold_10_overlap_obligations_variant_039,overlapping_portfolio_obligation_proxy,STRUCTURED_DISTRIBUTION,low_asset_node_removal,0.2,0.36,True,1.0,0,1.0,0.2307822678502366,False,STABLE,family-distribution stress of synthetic variants; not a real public exposure graph claim
gold_10_overlap_obligations_variant_039,overlapping_portfolio_obligation_proxy,STRUCTURED_DISTRIBUTION,cross_block_edge_removal,0.2,0.2,True,0.6363636363636364,0,0.8,0.18194452265660938,False,DEGRADED,family-distribution stress of synthetic variants; not a real public exposure graph claim
gold_10_overlap_obligations_variant_039,overlapping_portfolio_obligation_proxy,STRUCTURED_DISTRIBUTION,largest_exposure_edge_removal,0.2,0.2,True,1.0,1,1.0,0.19448123113052687,False,STABLE,family-distribution stress of synthetic variants; not a real public exposure graph claim
gold_10_overlap_obligations_variant_040,overlapping_portfolio_obligation_proxy,STRUCTURED_DISTRIBUTION,low_asset_node_removal,0.2,0.36,True,0.9636363636363636,1,1.0,0.2177953287663289,False,STABLE,family-distribution stress of synthetic variants; not a real public exposure graph claim
gold_10_overlap_obligations_variant_040,overlapping_portfolio_obligation_proxy,STRUCTURED_DISTRIBUTION,cross_block_edge_removal,0.2,0.2,True,0.9636363636363636,1,1.0,0.13390293117534677,False,STABLE,family-distribution stress of synthetic variants; not a real public exposure graph claim
gold_10_overlap_obligations_variant_040,overlapping_portfolio_obligation_proxy,STRUCTURED_DISTRIBUTION,largest_exposure_edge_removal,0.2,0.2,True,0.9636363636363636,1,1.0,0.1842079782421593,False,STABLE,family-distribution stress of synthetic variants; not a real public exposure graph claim
