target_id,method_id,path_budget,all_repeats_within_internal_envelope,median_wall_ms_per_iter,median_gpu_energy_joules_per_iter,median_error_over_reference_abs,selected_for_gpu_fixed_iter_internal_frontier,selection_reason,energy_release_quality_status
t_copula_heavy_tail_d100_var_0_99,gpu_raw_mc,2048,true,2.486178937488148,,0.06999707472493825,true,fastest_passing_internal_envelope,WITHHELD_GROUP_INSUFFICIENT_NVML_SAMPLES
t_copula_heavy_tail_d100_es_0_99,gpu_antithetic_mc,2048,true,2.6086492500212444,,0.11329880826469652,true,fastest_passing_internal_envelope,WITHHELD_GROUP_INSUFFICIENT_NVML_SAMPLES
t_copula_heavy_tail_d100_var_0_995,gpu_raw_mc,2048,true,2.486178937488148,,0.026602270036728548,true,fastest_passing_internal_envelope,WITHHELD_GROUP_INSUFFICIENT_NVML_SAMPLES
t_copula_heavy_tail_d100_es_0_995,gpu_antithetic_mc,2048,true,2.6086492500212444,,0.15694158091620877,true,fastest_passing_internal_envelope,WITHHELD_GROUP_INSUFFICIENT_NVML_SAMPLES
t_copula_heavy_tail_d100_var_0_999,gpu_randomized_qmc_cpu_sobol,2048,true,15.937111562550399,,0.17613535570594008,true,fastest_passing_internal_envelope,WITHHELD_GROUP_INSUFFICIENT_NVML_SAMPLES
t_copula_heavy_tail_d100_es_0_999,gpu_importance_sampling,512,true,2.5172447499812733,,0.12854849077186278,true,fastest_passing_internal_envelope,WITHHELD_GROUP_INSUFFICIENT_NVML_SAMPLES
t_copula_heavy_tail_d100_var_0_9995,gpu_importance_sampling,2048,true,2.6120279999872764,,0.16536363694342843,true,fastest_passing_internal_envelope,WITHHELD_GROUP_INSUFFICIENT_NVML_SAMPLES
t_copula_heavy_tail_d100_es_0_9995,gpu_importance_sampling,512,true,2.5172447499812733,,0.1878999464777285,true,fastest_passing_internal_envelope,WITHHELD_GROUP_INSUFFICIENT_NVML_SAMPLES
t_copula_heavy_tail_d100_var_0_9999,gpu_antithetic_mc,2048,true,2.6086492500212444,,0.10027792489863131,true,fastest_passing_internal_envelope,WITHHELD_GROUP_INSUFFICIENT_NVML_SAMPLES
t_copula_heavy_tail_d100_es_0_9999,gpu_importance_sampling,2048,true,2.6120279999872764,,0.07363880980555067,true,fastest_passing_internal_envelope,WITHHELD_GROUP_INSUFFICIENT_NVML_SAMPLES
t_copula_heavy_tail_d250_var_0_99,gpu_antithetic_mc,512,true,2.5705767500312504,,0.03939680609997217,true,fastest_passing_internal_envelope,WITHHELD_GROUP_INSUFFICIENT_NVML_SAMPLES
t_copula_heavy_tail_d250_es_0_99,gpu_raw_mc,2048,true,2.601135812483335,,0.0499885294934095,true,fastest_passing_internal_envelope,WITHHELD_GROUP_INSUFFICIENT_NVML_SAMPLES
t_copula_heavy_tail_d250_var_0_995,gpu_raw_mc,2048,true,2.601135812483335,,0.04428119512330139,true,fastest_passing_internal_envelope,WITHHELD_GROUP_INSUFFICIENT_NVML_SAMPLES
t_copula_heavy_tail_d250_es_0_995,gpu_raw_mc,2048,true,2.601135812483335,,0.0818938185771125,true,fastest_passing_internal_envelope,WITHHELD_GROUP_INSUFFICIENT_NVML_SAMPLES
t_copula_heavy_tail_d250_var_0_999,gpu_importance_sampling,512,true,2.58166406251803,,0.04847620740041089,true,fastest_passing_internal_envelope,WITHHELD_GROUP_INSUFFICIENT_NVML_SAMPLES
t_copula_heavy_tail_d250_es_0_999,gpu_importance_sampling,512,true,2.58166406251803,,0.08016973675545508,true,fastest_passing_internal_envelope,WITHHELD_GROUP_INSUFFICIENT_NVML_SAMPLES
t_copula_heavy_tail_d250_var_0_9995,gpu_importance_sampling,512,true,2.58166406251803,,0.04127460971764436,true,fastest_passing_internal_envelope,WITHHELD_GROUP_INSUFFICIENT_NVML_SAMPLES
t_copula_heavy_tail_d250_es_0_9995,gpu_importance_sampling,512,true,2.58166406251803,,0.012399290234895348,true,fastest_passing_internal_envelope,WITHHELD_GROUP_INSUFFICIENT_NVML_SAMPLES
t_copula_heavy_tail_d250_var_0_9999,gpu_importance_sampling,512,false,2.58166406251803,,0.08296637272327964,false,no_gpu_candidate_passed_internal_envelope,WITHHELD_GROUP_INSUFFICIENT_NVML_SAMPLES
t_copula_heavy_tail_d250_es_0_9999,gpu_randomized_qmc_cpu_sobol,2048,false,35.0948382500178,,0.0861424720683885,false,no_gpu_candidate_passed_internal_envelope,WITHHELD_GROUP_INSUFFICIENT_NVML_SAMPLES
t_copula_heavy_tail_d500_var_0_99,gpu_importance_sampling,512,true,2.5287351249971834,,0.0940454348544437,true,fastest_passing_internal_envelope,WITHHELD_GROUP_INSUFFICIENT_NVML_SAMPLES
t_copula_heavy_tail_d500_es_0_99,gpu_importance_sampling,2048,false,2.5512663124800383,,0.06384585771632606,false,no_gpu_candidate_passed_internal_envelope,WITHHELD_GROUP_INSUFFICIENT_NVML_SAMPLES
t_copula_heavy_tail_d500_var_0_995,gpu_antithetic_mc,2048,true,2.5931030624519735,,0.0495655532317115,true,fastest_passing_internal_envelope,WITHHELD_GROUP_INSUFFICIENT_NVML_SAMPLES
t_copula_heavy_tail_d500_es_0_995,gpu_importance_sampling,2048,false,2.5512663124800383,,0.039861499459766574,false,no_gpu_candidate_passed_internal_envelope,WITHHELD_GROUP_INSUFFICIENT_NVML_SAMPLES
t_copula_heavy_tail_d500_var_0_999,gpu_importance_sampling,2048,true,2.5512663124800383,,0.016164351725183733,true,fastest_passing_internal_envelope,WITHHELD_GROUP_INSUFFICIENT_NVML_SAMPLES
t_copula_heavy_tail_d500_es_0_999,gpu_importance_sampling,2048,true,2.5512663124800383,,0.05921149935857102,true,fastest_passing_internal_envelope,WITHHELD_GROUP_INSUFFICIENT_NVML_SAMPLES
t_copula_heavy_tail_d500_var_0_9995,gpu_importance_sampling,512,true,2.5287351249971834,,0.03259986287375034,true,fastest_passing_internal_envelope,WITHHELD_GROUP_INSUFFICIENT_NVML_SAMPLES
t_copula_heavy_tail_d500_es_0_9995,gpu_importance_sampling,2048,true,2.5512663124800383,,0.021689311557911352,true,fastest_passing_internal_envelope,WITHHELD_GROUP_INSUFFICIENT_NVML_SAMPLES
t_copula_heavy_tail_d500_var_0_9999,gpu_importance_sampling,2048,true,2.5512663124800383,,0.06490336549359373,true,fastest_passing_internal_envelope,WITHHELD_GROUP_INSUFFICIENT_NVML_SAMPLES
t_copula_heavy_tail_d500_es_0_9999,gpu_importance_sampling,2048,false,2.5512663124800383,,0.06999017970786546,false,no_gpu_candidate_passed_internal_envelope,WITHHELD_GROUP_INSUFFICIENT_NVML_SAMPLES
t_copula_heavy_tail_d1000_var_0_99,gpu_importance_sampling,2048,true,2.587645125004201,,0.006898437536455364,true,fastest_passing_internal_envelope,WITHHELD_GROUP_INSUFFICIENT_NVML_SAMPLES
t_copula_heavy_tail_d1000_es_0_99,gpu_importance_sampling,2048,true,2.587645125004201,,0.04656398131977187,true,fastest_passing_internal_envelope,WITHHELD_GROUP_INSUFFICIENT_NVML_SAMPLES
t_copula_heavy_tail_d1000_var_0_995,gpu_raw_mc,2048,true,2.6300261874894204,,0.07187425892232562,true,fastest_passing_internal_envelope,WITHHELD_GROUP_INSUFFICIENT_NVML_SAMPLES
t_copula_heavy_tail_d1000_es_0_995,gpu_importance_sampling,2048,true,2.587645125004201,,0.08075990493180986,true,fastest_passing_internal_envelope,WITHHELD_GROUP_INSUFFICIENT_NVML_SAMPLES
t_copula_heavy_tail_d1000_var_0_999,gpu_importance_sampling,2048,true,2.587645125004201,,0.043075522370349596,true,fastest_passing_internal_envelope,WITHHELD_GROUP_INSUFFICIENT_NVML_SAMPLES
t_copula_heavy_tail_d1000_es_0_999,gpu_importance_sampling,512,true,2.5627869999880204,,0.02671352979708977,true,fastest_passing_internal_envelope,WITHHELD_GROUP_INSUFFICIENT_NVML_SAMPLES
t_copula_heavy_tail_d1000_var_0_9995,gpu_antithetic_mc,512,true,2.632495249997646,,0.2921537472160623,true,fastest_passing_internal_envelope,WITHHELD_GROUP_INSUFFICIENT_NVML_SAMPLES
t_copula_heavy_tail_d1000_es_0_9995,gpu_importance_sampling,512,true,2.5627869999880204,,0.09257390445817583,true,fastest_passing_internal_envelope,WITHHELD_GROUP_INSUFFICIENT_NVML_SAMPLES
t_copula_heavy_tail_d1000_var_0_9999,gpu_importance_sampling,512,true,2.5627869999880204,,0.18489134158899923,true,fastest_passing_internal_envelope,WITHHELD_GROUP_INSUFFICIENT_NVML_SAMPLES
t_copula_heavy_tail_d1000_es_0_9999,gpu_antithetic_mc,2048,false,2.7285305624786815,,0.18266055726562466,false,no_gpu_candidate_passed_internal_envelope,WITHHELD_GROUP_INSUFFICIENT_NVML_SAMPLES
skewed_t_mixture_d100_var_0_99,gpu_raw_mc,512,true,2.608024374978868,,0.04217825614571373,true,fastest_passing_internal_envelope,WITHHELD_GROUP_INSUFFICIENT_NVML_SAMPLES
skewed_t_mixture_d100_es_0_99,gpu_raw_mc,512,false,2.608024374978868,,0.06429495459768053,false,no_gpu_candidate_passed_internal_envelope,WITHHELD_GROUP_INSUFFICIENT_NVML_SAMPLES
skewed_t_mixture_d100_var_0_995,gpu_importance_sampling,2048,true,2.593998375004958,,0.09308388734248856,true,fastest_passing_internal_envelope,WITHHELD_GROUP_INSUFFICIENT_NVML_SAMPLES
skewed_t_mixture_d100_es_0_995,gpu_antithetic_mc,2048,false,2.6245691875033117,,0.058953694022049384,false,no_gpu_candidate_passed_internal_envelope,WITHHELD_GROUP_INSUFFICIENT_NVML_SAMPLES
skewed_t_mixture_d100_var_0_999,gpu_raw_mc,2048,false,2.6266773124916654,,0.02833943741761808,false,no_gpu_candidate_passed_internal_envelope,WITHHELD_GROUP_INSUFFICIENT_NVML_SAMPLES
skewed_t_mixture_d100_es_0_999,gpu_antithetic_mc,2048,false,2.6245691875033117,,0.035952138856183015,false,no_gpu_candidate_passed_internal_envelope,WITHHELD_GROUP_INSUFFICIENT_NVML_SAMPLES
skewed_t_mixture_d100_var_0_9995,gpu_antithetic_mc,2048,false,2.6245691875033117,,0.05779261671314778,false,no_gpu_candidate_passed_internal_envelope,WITHHELD_GROUP_INSUFFICIENT_NVML_SAMPLES
skewed_t_mixture_d100_es_0_9995,gpu_antithetic_mc,2048,false,2.6245691875033117,,0.04283705612292758,false,no_gpu_candidate_passed_internal_envelope,WITHHELD_GROUP_INSUFFICIENT_NVML_SAMPLES
skewed_t_mixture_d100_var_0_9999,gpu_antithetic_mc,2048,false,2.6245691875033117,,0.022731954012420497,false,no_gpu_candidate_passed_internal_envelope,WITHHELD_GROUP_INSUFFICIENT_NVML_SAMPLES
skewed_t_mixture_d100_es_0_9999,gpu_antithetic_mc,2048,false,2.6245691875033117,,0.05209034288275453,false,no_gpu_candidate_passed_internal_envelope,WITHHELD_GROUP_INSUFFICIENT_NVML_SAMPLES
skewed_t_mixture_d250_var_0_99,gpu_importance_sampling,2048,true,2.5506416874918614,,0.06339877452838882,true,fastest_passing_internal_envelope,WITHHELD_GROUP_INSUFFICIENT_NVML_SAMPLES
skewed_t_mixture_d250_es_0_99,gpu_randomized_qmc_cpu_sobol,512,true,10.836854437457077,,0.07724774016743126,true,fastest_passing_internal_envelope,WITHHELD_GROUP_INSUFFICIENT_NVML_SAMPLES
skewed_t_mixture_d250_var_0_995,gpu_antithetic_mc,2048,true,2.5205243749724104,,0.1067818610687608,true,fastest_passing_internal_envelope,WITHHELD_GROUP_INSUFFICIENT_NVML_SAMPLES
skewed_t_mixture_d250_es_0_995,gpu_randomized_qmc_cpu_sobol,512,false,10.836854437457077,,0.07313240457507943,false,no_gpu_candidate_passed_internal_envelope,WITHHELD_GROUP_INSUFFICIENT_NVML_SAMPLES
skewed_t_mixture_d250_var_0_999,gpu_randomized_qmc_cpu_sobol,512,false,10.836854437457077,,0.082706417508675,false,no_gpu_candidate_passed_internal_envelope,WITHHELD_GROUP_INSUFFICIENT_NVML_SAMPLES
skewed_t_mixture_d250_es_0_999,gpu_randomized_qmc_cpu_sobol,512,false,10.836854437457077,,0.07522473709714496,false,no_gpu_candidate_passed_internal_envelope,WITHHELD_GROUP_INSUFFICIENT_NVML_SAMPLES
skewed_t_mixture_d250_var_0_9995,gpu_randomized_qmc_cpu_sobol,512,false,10.836854437457077,,0.05195634204205187,false,no_gpu_candidate_passed_internal_envelope,WITHHELD_GROUP_INSUFFICIENT_NVML_SAMPLES
skewed_t_mixture_d250_es_0_9995,gpu_randomized_qmc_cpu_sobol,512,false,10.836854437457077,,0.13834567762957978,false,no_gpu_candidate_passed_internal_envelope,WITHHELD_GROUP_INSUFFICIENT_NVML_SAMPLES
skewed_t_mixture_d250_var_0_9999,gpu_randomized_qmc_cpu_sobol,2048,false,35.57621437499847,,0.07913155246282813,false,no_gpu_candidate_passed_internal_envelope,WITHHELD_GROUP_INSUFFICIENT_NVML_SAMPLES
skewed_t_mixture_d250_es_0_9999,gpu_antithetic_mc,512,false,2.5805598124861717,,0.07684324712774326,false,no_gpu_candidate_passed_internal_envelope,WITHHELD_GROUP_INSUFFICIENT_NVML_SAMPLES
skewed_t_mixture_d500_var_0_99,gpu_importance_sampling,2048,true,2.555217500002982,,0.0343405909391317,true,fastest_passing_internal_envelope,WITHHELD_GROUP_INSUFFICIENT_NVML_SAMPLES
skewed_t_mixture_d500_es_0_99,gpu_antithetic_mc,512,true,2.6224201875493236,,0.03493109373890061,true,fastest_passing_internal_envelope,WITHHELD_GROUP_INSUFFICIENT_NVML_SAMPLES
skewed_t_mixture_d500_var_0_995,gpu_antithetic_mc,512,false,2.6224201875493236,,0.03621956489443088,false,no_gpu_candidate_passed_internal_envelope,WITHHELD_GROUP_INSUFFICIENT_NVML_SAMPLES
skewed_t_mixture_d500_es_0_995,gpu_antithetic_mc,512,true,2.6224201875493236,,0.05023249768617454,true,fastest_passing_internal_envelope,WITHHELD_GROUP_INSUFFICIENT_NVML_SAMPLES
skewed_t_mixture_d500_var_0_999,gpu_antithetic_mc,512,true,2.6224201875493236,,0.09620831293489511,true,fastest_passing_internal_envelope,WITHHELD_GROUP_INSUFFICIENT_NVML_SAMPLES
skewed_t_mixture_d500_es_0_999,gpu_importance_sampling,2048,true,2.555217500002982,,0.11580304588613544,true,fastest_passing_internal_envelope,WITHHELD_GROUP_INSUFFICIENT_NVML_SAMPLES
skewed_t_mixture_d500_var_0_9995,gpu_raw_mc,2048,true,2.55863106247034,,0.036304493629205396,true,fastest_passing_internal_envelope,WITHHELD_GROUP_INSUFFICIENT_NVML_SAMPLES
skewed_t_mixture_d500_es_0_9995,gpu_importance_sampling,2048,false,2.555217500002982,,0.14449052923923625,false,no_gpu_candidate_passed_internal_envelope,WITHHELD_GROUP_INSUFFICIENT_NVML_SAMPLES
skewed_t_mixture_d500_var_0_9999,gpu_importance_sampling,2048,false,2.555217500002982,,0.13892094003925828,false,no_gpu_candidate_passed_internal_envelope,WITHHELD_GROUP_INSUFFICIENT_NVML_SAMPLES
skewed_t_mixture_d500_es_0_9999,gpu_importance_sampling,2048,false,2.555217500002982,,0.1321672784357372,false,no_gpu_candidate_passed_internal_envelope,WITHHELD_GROUP_INSUFFICIENT_NVML_SAMPLES
skewed_t_mixture_d1000_var_0_99,gpu_raw_mc,512,true,2.6039613750299395,,0.06971255096075525,true,fastest_passing_internal_envelope,WITHHELD_GROUP_INSUFFICIENT_NVML_SAMPLES
skewed_t_mixture_d1000_es_0_99,gpu_randomized_qmc_cpu_sobol,512,true,53.76359037501288,4.698546007598139,0.03319200978627068,true,fastest_passing_internal_envelope,PASS_GROUP_HAS_RELEASE_QUALITY_ENERGY_ROWS
skewed_t_mixture_d1000_var_0_995,gpu_antithetic_mc,2048,true,2.6763619999883304,,0.03229831323831401,true,fastest_passing_internal_envelope,WITHHELD_GROUP_INSUFFICIENT_NVML_SAMPLES
skewed_t_mixture_d1000_es_0_995,gpu_randomized_qmc_cpu_sobol,512,true,53.76359037501288,4.698546007598139,0.03592306004379948,true,fastest_passing_internal_envelope,PASS_GROUP_HAS_RELEASE_QUALITY_ENERGY_ROWS
skewed_t_mixture_d1000_var_0_999,gpu_importance_sampling,512,true,2.608615812505377,,0.12114086727126734,true,fastest_passing_internal_envelope,WITHHELD_GROUP_INSUFFICIENT_NVML_SAMPLES
skewed_t_mixture_d1000_es_0_999,gpu_randomized_qmc_cpu_sobol,512,true,53.76359037501288,4.698546007598139,0.06131162946579206,true,fastest_passing_internal_envelope,PASS_GROUP_HAS_RELEASE_QUALITY_ENERGY_ROWS
skewed_t_mixture_d1000_var_0_9995,gpu_importance_sampling,512,true,2.608615812505377,,0.08104312191593507,true,fastest_passing_internal_envelope,WITHHELD_GROUP_INSUFFICIENT_NVML_SAMPLES
skewed_t_mixture_d1000_es_0_9995,gpu_antithetic_mc,512,true,2.5710086250114728,,0.09504186248498361,true,fastest_passing_internal_envelope,WITHHELD_GROUP_INSUFFICIENT_NVML_SAMPLES
skewed_t_mixture_d1000_var_0_9999,gpu_antithetic_mc,2048,false,2.6763619999883304,,0.08079637581309307,false,no_gpu_candidate_passed_internal_envelope,WITHHELD_GROUP_INSUFFICIENT_NVML_SAMPLES
skewed_t_mixture_d1000_es_0_9999,gpu_antithetic_mc,512,false,2.5710086250114728,,0.1171912638184291,false,no_gpu_candidate_passed_internal_envelope,WITHHELD_GROUP_INSUFFICIENT_NVML_SAMPLES
merton_jump_diffusion_d100_var_0_99,gpu_antithetic_mc,2048,true,2.5962802500316684,,0.02489579778193628,true,fastest_passing_internal_envelope,WITHHELD_GROUP_INSUFFICIENT_NVML_SAMPLES
merton_jump_diffusion_d100_es_0_99,gpu_antithetic_mc,2048,true,2.5962802500316684,,0.048371242237897884,true,fastest_passing_internal_envelope,WITHHELD_GROUP_INSUFFICIENT_NVML_SAMPLES
merton_jump_diffusion_d100_var_0_995,gpu_antithetic_mc,2048,true,2.5962802500316684,,0.047325755046521,true,fastest_passing_internal_envelope,WITHHELD_GROUP_INSUFFICIENT_NVML_SAMPLES
merton_jump_diffusion_d100_es_0_995,gpu_antithetic_mc,2048,true,2.5962802500316684,,0.04848730999411062,true,fastest_passing_internal_envelope,WITHHELD_GROUP_INSUFFICIENT_NVML_SAMPLES
merton_jump_diffusion_d100_var_0_999,gpu_antithetic_mc,2048,true,2.5962802500316684,,0.011305085594428086,true,fastest_passing_internal_envelope,WITHHELD_GROUP_INSUFFICIENT_NVML_SAMPLES
merton_jump_diffusion_d100_es_0_999,gpu_antithetic_mc,2048,true,2.5962802500316684,,0.10044159298487565,true,fastest_passing_internal_envelope,WITHHELD_GROUP_INSUFFICIENT_NVML_SAMPLES
merton_jump_diffusion_d100_var_0_9995,gpu_antithetic_mc,2048,true,2.5962802500316684,,0.023952352861389428,true,fastest_passing_internal_envelope,WITHHELD_GROUP_INSUFFICIENT_NVML_SAMPLES
merton_jump_diffusion_d100_es_0_9995,gpu_antithetic_mc,2048,true,2.5962802500316684,,0.12499596177241781,true,fastest_passing_internal_envelope,WITHHELD_GROUP_INSUFFICIENT_NVML_SAMPLES
merton_jump_diffusion_d100_var_0_9999,gpu_randomized_qmc_cpu_sobol,512,false,6.409702812504747,,0.19345241583740927,false,no_gpu_candidate_passed_internal_envelope,WITHHELD_GROUP_INSUFFICIENT_NVML_SAMPLES
merton_jump_diffusion_d100_es_0_9999,gpu_randomized_qmc_cpu_sobol,512,false,6.409702812504747,,0.22140923577105523,false,no_gpu_candidate_passed_internal_envelope,WITHHELD_GROUP_INSUFFICIENT_NVML_SAMPLES
merton_jump_diffusion_d250_var_0_99,gpu_importance_sampling,2048,true,2.5761688749526,,0.08981224672217934,true,fastest_passing_internal_envelope,WITHHELD_GROUP_INSUFFICIENT_NVML_SAMPLES
merton_jump_diffusion_d250_es_0_99,gpu_antithetic_mc,512,true,2.6739099375276965,,0.023327071116582845,true,fastest_passing_internal_envelope,WITHHELD_GROUP_INSUFFICIENT_NVML_SAMPLES
merton_jump_diffusion_d250_var_0_995,gpu_antithetic_mc,512,true,2.6739099375276965,,0.06685631239755037,true,fastest_passing_internal_envelope,WITHHELD_GROUP_INSUFFICIENT_NVML_SAMPLES
merton_jump_diffusion_d250_es_0_995,gpu_antithetic_mc,512,true,2.6739099375276965,,0.040432088271560834,true,fastest_passing_internal_envelope,WITHHELD_GROUP_INSUFFICIENT_NVML_SAMPLES
merton_jump_diffusion_d250_var_0_999,gpu_antithetic_mc,512,true,2.6739099375276965,,0.005704805315213078,true,fastest_passing_internal_envelope,WITHHELD_GROUP_INSUFFICIENT_NVML_SAMPLES
merton_jump_diffusion_d250_es_0_999,gpu_randomized_qmc_cpu_sobol,2048,true,35.87935156252797,,0.018025917645647288,true,fastest_passing_internal_envelope,WITHHELD_GROUP_INSUFFICIENT_NVML_SAMPLES
merton_jump_diffusion_d250_var_0_9995,gpu_randomized_qmc_cpu_sobol,2048,true,35.87935156252797,,0.03212777573639092,true,fastest_passing_internal_envelope,WITHHELD_GROUP_INSUFFICIENT_NVML_SAMPLES
merton_jump_diffusion_d250_es_0_9995,gpu_randomized_qmc_cpu_sobol,2048,false,35.87935156252797,,0.0585070372743711,false,no_gpu_candidate_passed_internal_envelope,WITHHELD_GROUP_INSUFFICIENT_NVML_SAMPLES
merton_jump_diffusion_d250_var_0_9999,gpu_randomized_qmc_cpu_sobol,2048,false,35.87935156252797,,0.028179955394566622,false,no_gpu_candidate_passed_internal_envelope,WITHHELD_GROUP_INSUFFICIENT_NVML_SAMPLES
merton_jump_diffusion_d250_es_0_9999,gpu_antithetic_mc,2048,false,2.6545603124645822,,0.09196695696731878,false,no_gpu_candidate_passed_internal_envelope,WITHHELD_GROUP_INSUFFICIENT_NVML_SAMPLES
merton_jump_diffusion_d500_var_0_99,gpu_raw_mc,2048,true,2.6136966249623583,,0.03334961879022505,true,fastest_passing_internal_envelope,WITHHELD_GROUP_INSUFFICIENT_NVML_SAMPLES
merton_jump_diffusion_d500_es_0_99,gpu_raw_mc,2048,true,2.6136966249623583,,0.057611656071170914,true,fastest_passing_internal_envelope,WITHHELD_GROUP_INSUFFICIENT_NVML_SAMPLES
merton_jump_diffusion_d500_var_0_995,gpu_raw_mc,2048,true,2.6136966249623583,,0.041000420596895154,true,fastest_passing_internal_envelope,WITHHELD_GROUP_INSUFFICIENT_NVML_SAMPLES
merton_jump_diffusion_d500_es_0_995,gpu_raw_mc,2048,true,2.6136966249623583,,0.044164446529032834,true,fastest_passing_internal_envelope,WITHHELD_GROUP_INSUFFICIENT_NVML_SAMPLES
merton_jump_diffusion_d500_var_0_999,gpu_raw_mc,2048,true,2.6136966249623583,,0.024486475043743218,true,fastest_passing_internal_envelope,WITHHELD_GROUP_INSUFFICIENT_NVML_SAMPLES
merton_jump_diffusion_d500_es_0_999,gpu_raw_mc,2048,true,2.6136966249623583,,0.03554104679744717,true,fastest_passing_internal_envelope,WITHHELD_GROUP_INSUFFICIENT_NVML_SAMPLES
merton_jump_diffusion_d500_var_0_9995,gpu_raw_mc,2048,true,2.6136966249623583,,0.062229858298170036,true,fastest_passing_internal_envelope,WITHHELD_GROUP_INSUFFICIENT_NVML_SAMPLES
merton_jump_diffusion_d500_es_0_9995,gpu_raw_mc,2048,true,2.6136966249623583,,0.03103188925889858,true,fastest_passing_internal_envelope,WITHHELD_GROUP_INSUFFICIENT_NVML_SAMPLES
merton_jump_diffusion_d500_var_0_9999,gpu_raw_mc,2048,true,2.6136966249623583,,0.06568039867257168,true,fastest_passing_internal_envelope,WITHHELD_GROUP_INSUFFICIENT_NVML_SAMPLES
merton_jump_diffusion_d500_es_0_9999,gpu_raw_mc,2048,true,2.6136966249623583,,0.08227072096938232,true,fastest_passing_internal_envelope,WITHHELD_GROUP_INSUFFICIENT_NVML_SAMPLES
merton_jump_diffusion_d1000_var_0_99,gpu_antithetic_mc,512,true,2.633963562459485,,0.08309557174198239,true,fastest_passing_internal_envelope,WITHHELD_GROUP_INSUFFICIENT_NVML_SAMPLES
merton_jump_diffusion_d1000_es_0_99,gpu_antithetic_mc,2048,true,2.7036072499981856,,0.15042479541823917,true,fastest_passing_internal_envelope,WITHHELD_GROUP_INSUFFICIENT_NVML_SAMPLES
merton_jump_diffusion_d1000_var_0_995,gpu_antithetic_mc,2048,true,2.7036072499981856,,0.061826221662912045,true,fastest_passing_internal_envelope,WITHHELD_GROUP_INSUFFICIENT_NVML_SAMPLES
merton_jump_diffusion_d1000_es_0_995,gpu_importance_sampling,2048,true,2.6327035000122123,,0.09002888620176759,true,fastest_passing_internal_envelope,WITHHELD_GROUP_INSUFFICIENT_NVML_SAMPLES
merton_jump_diffusion_d1000_var_0_999,gpu_raw_mc,2048,true,2.6121758750150548,,0.028223281008958455,true,fastest_passing_internal_envelope,WITHHELD_GROUP_INSUFFICIENT_NVML_SAMPLES
merton_jump_diffusion_d1000_es_0_999,gpu_randomized_qmc_cpu_sobol,512,false,54.06988981246741,4.761283388922265,0.16300497950002382,false,no_gpu_candidate_passed_internal_envelope,PASS_GROUP_HAS_RELEASE_QUALITY_ENERGY_ROWS
merton_jump_diffusion_d1000_var_0_9995,gpu_importance_sampling,2048,true,2.6327035000122123,,0.1637219337195139,true,fastest_passing_internal_envelope,WITHHELD_GROUP_INSUFFICIENT_NVML_SAMPLES
merton_jump_diffusion_d1000_es_0_9995,gpu_randomized_qmc_cpu_sobol,2048,false,92.57819593750582,8.260743650244182,0.23605668338689947,false,no_gpu_candidate_passed_internal_envelope,PASS_GROUP_HAS_RELEASE_QUALITY_ENERGY_ROWS
merton_jump_diffusion_d1000_var_0_9999,gpu_randomized_qmc_cpu_sobol,2048,false,92.57819593750582,8.260743650244182,0.20318428815634446,false,no_gpu_candidate_passed_internal_envelope,PASS_GROUP_HAS_RELEASE_QUALITY_ENERGY_ROWS
merton_jump_diffusion_d1000_es_0_9999,gpu_randomized_qmc_cpu_sobol,2048,false,92.57819593750582,8.260743650244182,0.30912832589120015,false,no_gpu_candidate_passed_internal_envelope,PASS_GROUP_HAS_RELEASE_QUALITY_ENERGY_ROWS
hawkes_clustered_jumps_d100_var_0_99,gpu_importance_sampling,2048,true,2.57900231252961,,0.03229088988102538,true,fastest_passing_internal_envelope,WITHHELD_GROUP_INSUFFICIENT_NVML_SAMPLES
hawkes_clustered_jumps_d100_es_0_99,gpu_importance_sampling,2048,true,2.57900231252961,,0.1291817545611176,true,fastest_passing_internal_envelope,WITHHELD_GROUP_INSUFFICIENT_NVML_SAMPLES
hawkes_clustered_jumps_d100_var_0_995,gpu_importance_sampling,2048,false,2.57900231252961,,0.03691900055055449,false,no_gpu_candidate_passed_internal_envelope,WITHHELD_GROUP_INSUFFICIENT_NVML_SAMPLES
hawkes_clustered_jumps_d100_es_0_995,gpu_antithetic_mc,2048,true,2.6047263124837627,,0.13676454329738075,true,fastest_passing_internal_envelope,WITHHELD_GROUP_INSUFFICIENT_NVML_SAMPLES
hawkes_clustered_jumps_d100_var_0_999,gpu_randomized_qmc_cpu_sobol,512,true,6.393766312498883,,0.06798743225597027,true,fastest_passing_internal_envelope,WITHHELD_GROUP_INSUFFICIENT_NVML_SAMPLES
hawkes_clustered_jumps_d100_es_0_999,gpu_randomized_qmc_cpu_sobol,512,false,6.393766312498883,,0.14081235970905914,false,no_gpu_candidate_passed_internal_envelope,WITHHELD_GROUP_INSUFFICIENT_NVML_SAMPLES
hawkes_clustered_jumps_d100_var_0_9995,gpu_randomized_qmc_cpu_sobol,512,false,6.393766312498883,,0.13219158943278148,false,no_gpu_candidate_passed_internal_envelope,WITHHELD_GROUP_INSUFFICIENT_NVML_SAMPLES
hawkes_clustered_jumps_d100_es_0_9995,gpu_raw_mc,2048,false,2.6293510625237104,,0.2088018837154566,false,no_gpu_candidate_passed_internal_envelope,WITHHELD_GROUP_INSUFFICIENT_NVML_SAMPLES
hawkes_clustered_jumps_d100_var_0_9999,gpu_raw_mc,2048,false,2.6293510625237104,,0.200633939205591,false,no_gpu_candidate_passed_internal_envelope,WITHHELD_GROUP_INSUFFICIENT_NVML_SAMPLES
hawkes_clustered_jumps_d100_es_0_9999,gpu_importance_sampling,2048,false,2.57900231252961,,0.25496951855063804,false,no_gpu_candidate_passed_internal_envelope,WITHHELD_GROUP_INSUFFICIENT_NVML_SAMPLES
hawkes_clustered_jumps_d250_var_0_99,gpu_antithetic_mc,2048,true,2.602674624995416,,0.0616723221692389,true,fastest_passing_internal_envelope,WITHHELD_GROUP_INSUFFICIENT_NVML_SAMPLES
hawkes_clustered_jumps_d250_es_0_99,gpu_antithetic_mc,2048,true,2.602674624995416,,0.06146520641759475,true,fastest_passing_internal_envelope,WITHHELD_GROUP_INSUFFICIENT_NVML_SAMPLES
hawkes_clustered_jumps_d250_var_0_995,gpu_antithetic_mc,2048,true,2.602674624995416,,0.048433657375332395,true,fastest_passing_internal_envelope,WITHHELD_GROUP_INSUFFICIENT_NVML_SAMPLES
hawkes_clustered_jumps_d250_es_0_995,gpu_antithetic_mc,2048,true,2.602674624995416,,0.07920731483731769,true,fastest_passing_internal_envelope,WITHHELD_GROUP_INSUFFICIENT_NVML_SAMPLES
hawkes_clustered_jumps_d250_var_0_999,gpu_antithetic_mc,2048,true,2.602674624995416,,0.0646211571595414,true,fastest_passing_internal_envelope,WITHHELD_GROUP_INSUFFICIENT_NVML_SAMPLES
hawkes_clustered_jumps_d250_es_0_999,gpu_randomized_qmc_cpu_sobol,2048,true,35.665336687486615,,0.03199467881892328,true,fastest_passing_internal_envelope,WITHHELD_GROUP_INSUFFICIENT_NVML_SAMPLES
hawkes_clustered_jumps_d250_var_0_9995,gpu_antithetic_mc,2048,true,2.602674624995416,,0.06797462080036895,true,fastest_passing_internal_envelope,WITHHELD_GROUP_INSUFFICIENT_NVML_SAMPLES
hawkes_clustered_jumps_d250_es_0_9995,gpu_randomized_qmc_cpu_sobol,2048,true,35.665336687486615,,0.018205791518515254,true,fastest_passing_internal_envelope,WITHHELD_GROUP_INSUFFICIENT_NVML_SAMPLES
hawkes_clustered_jumps_d250_var_0_9999,gpu_randomized_qmc_cpu_sobol,2048,true,35.665336687486615,,0.021320344452162063,true,fastest_passing_internal_envelope,WITHHELD_GROUP_INSUFFICIENT_NVML_SAMPLES
hawkes_clustered_jumps_d250_es_0_9999,gpu_importance_sampling,2048,true,2.6287782499707646,,0.1073863644144322,true,fastest_passing_internal_envelope,WITHHELD_GROUP_INSUFFICIENT_NVML_SAMPLES
hawkes_clustered_jumps_d500_var_0_99,gpu_raw_mc,2048,true,2.601264312488638,,0.059634865075882774,true,fastest_passing_internal_envelope,WITHHELD_GROUP_INSUFFICIENT_NVML_SAMPLES
hawkes_clustered_jumps_d500_es_0_99,gpu_importance_sampling,2048,true,2.6689613125086,,0.048787863597875784,true,fastest_passing_internal_envelope,WITHHELD_GROUP_INSUFFICIENT_NVML_SAMPLES
hawkes_clustered_jumps_d500_var_0_995,gpu_raw_mc,512,false,2.572407624995776,,0.040471731087973806,false,no_gpu_candidate_passed_internal_envelope,WITHHELD_GROUP_INSUFFICIENT_NVML_SAMPLES
hawkes_clustered_jumps_d500_es_0_995,gpu_importance_sampling,2048,true,2.6689613125086,,0.059622329464262484,true,fastest_passing_internal_envelope,WITHHELD_GROUP_INSUFFICIENT_NVML_SAMPLES
hawkes_clustered_jumps_d500_var_0_999,gpu_raw_mc,2048,true,2.601264312488638,,0.050698719679820606,true,fastest_passing_internal_envelope,WITHHELD_GROUP_INSUFFICIENT_NVML_SAMPLES
hawkes_clustered_jumps_d500_es_0_999,gpu_antithetic_mc,512,true,2.623802750008508,,0.01829809707745978,true,fastest_passing_internal_envelope,WITHHELD_GROUP_INSUFFICIENT_NVML_SAMPLES
hawkes_clustered_jumps_d500_var_0_9995,gpu_raw_mc,2048,true,2.601264312488638,,0.1509430656540702,true,fastest_passing_internal_envelope,WITHHELD_GROUP_INSUFFICIENT_NVML_SAMPLES
hawkes_clustered_jumps_d500_es_0_9995,gpu_importance_sampling,2048,true,2.6689613125086,,0.030882028009736003,true,fastest_passing_internal_envelope,WITHHELD_GROUP_INSUFFICIENT_NVML_SAMPLES
hawkes_clustered_jumps_d500_var_0_9999,gpu_randomized_qmc_cpu_sobol,2048,false,50.28549575001762,4.457677810474057,0.12426310549540762,false,no_gpu_candidate_passed_internal_envelope,PASS_GROUP_HAS_RELEASE_QUALITY_ENERGY_ROWS
hawkes_clustered_jumps_d500_es_0_9999,gpu_importance_sampling,2048,false,2.6689613125086,,0.11484635825964454,false,no_gpu_candidate_passed_internal_envelope,WITHHELD_GROUP_INSUFFICIENT_NVML_SAMPLES
hawkes_clustered_jumps_d1000_var_0_99,gpu_antithetic_mc,512,true,2.6442234374712825,,0.06213136102767531,true,fastest_passing_internal_envelope,WITHHELD_GROUP_INSUFFICIENT_NVML_SAMPLES
hawkes_clustered_jumps_d1000_es_0_99,gpu_importance_sampling,2048,true,2.5893845624977985,,0.06399492751227681,true,fastest_passing_internal_envelope,WITHHELD_GROUP_INSUFFICIENT_NVML_SAMPLES
hawkes_clustered_jumps_d1000_var_0_995,gpu_importance_sampling,2048,true,2.5893845624977985,,0.08328603919856067,true,fastest_passing_internal_envelope,WITHHELD_GROUP_INSUFFICIENT_NVML_SAMPLES
hawkes_clustered_jumps_d1000_es_0_995,gpu_raw_mc,2048,true,2.6229393749872543,,0.09445173513258515,true,fastest_passing_internal_envelope,WITHHELD_GROUP_INSUFFICIENT_NVML_SAMPLES
hawkes_clustered_jumps_d1000_var_0_999,gpu_importance_sampling,2048,true,2.5893845624977985,,0.12362410799235128,true,fastest_passing_internal_envelope,WITHHELD_GROUP_INSUFFICIENT_NVML_SAMPLES
hawkes_clustered_jumps_d1000_es_0_999,gpu_antithetic_mc,2048,true,2.66367087499475,,0.13157532455578863,true,fastest_passing_internal_envelope,WITHHELD_GROUP_INSUFFICIENT_NVML_SAMPLES
hawkes_clustered_jumps_d1000_var_0_9995,gpu_importance_sampling,2048,true,2.5893845624977985,,0.1524125934428458,true,fastest_passing_internal_envelope,WITHHELD_GROUP_INSUFFICIENT_NVML_SAMPLES
hawkes_clustered_jumps_d1000_es_0_9995,gpu_importance_sampling,512,false,2.613165250011207,,0.05846871017669689,false,no_gpu_candidate_passed_internal_envelope,WITHHELD_GROUP_INSUFFICIENT_NVML_SAMPLES
hawkes_clustered_jumps_d1000_var_0_9999,gpu_raw_mc,2048,false,2.6229393749872543,,0.014477105197092605,false,no_gpu_candidate_passed_internal_envelope,WITHHELD_GROUP_INSUFFICIENT_NVML_SAMPLES
hawkes_clustered_jumps_d1000_es_0_9999,gpu_importance_sampling,512,false,2.613165250011207,,0.07244843115239295,false,no_gpu_candidate_passed_internal_envelope,WITHHELD_GROUP_INSUFFICIENT_NVML_SAMPLES
regime_switching_volatility_d100_var_0_99,gpu_importance_sampling,512,true,2.553238062489527,,0.0892481331625014,true,fastest_passing_internal_envelope,WITHHELD_GROUP_INSUFFICIENT_NVML_SAMPLES
regime_switching_volatility_d100_es_0_99,gpu_importance_sampling,512,true,2.553238062489527,,0.03559473314168195,true,fastest_passing_internal_envelope,WITHHELD_GROUP_INSUFFICIENT_NVML_SAMPLES
regime_switching_volatility_d100_var_0_995,gpu_importance_sampling,512,true,2.553238062489527,,0.08885883273665039,true,fastest_passing_internal_envelope,WITHHELD_GROUP_INSUFFICIENT_NVML_SAMPLES
regime_switching_volatility_d100_es_0_995,gpu_importance_sampling,512,true,2.553238062489527,,0.06730588207513713,true,fastest_passing_internal_envelope,WITHHELD_GROUP_INSUFFICIENT_NVML_SAMPLES
regime_switching_volatility_d100_var_0_999,gpu_raw_mc,512,true,2.5692873124967264,,0.11056429264985793,true,fastest_passing_internal_envelope,WITHHELD_GROUP_INSUFFICIENT_NVML_SAMPLES
regime_switching_volatility_d100_es_0_999,gpu_importance_sampling,512,true,2.553238062489527,,0.09338829992733197,true,fastest_passing_internal_envelope,WITHHELD_GROUP_INSUFFICIENT_NVML_SAMPLES
regime_switching_volatility_d100_var_0_9995,gpu_importance_sampling,512,true,2.553238062489527,,0.07086991442796675,true,fastest_passing_internal_envelope,WITHHELD_GROUP_INSUFFICIENT_NVML_SAMPLES
regime_switching_volatility_d100_es_0_9995,gpu_antithetic_mc,2048,true,2.6000951875175815,,0.04443613296568957,true,fastest_passing_internal_envelope,WITHHELD_GROUP_INSUFFICIENT_NVML_SAMPLES
regime_switching_volatility_d100_var_0_9999,gpu_antithetic_mc,2048,true,2.6000951875175815,,0.04837106419969004,true,fastest_passing_internal_envelope,WITHHELD_GROUP_INSUFFICIENT_NVML_SAMPLES
regime_switching_volatility_d100_es_0_9999,gpu_antithetic_mc,2048,true,2.6000951875175815,,0.041680290691412464,true,fastest_passing_internal_envelope,WITHHELD_GROUP_INSUFFICIENT_NVML_SAMPLES
regime_switching_volatility_d250_var_0_99,gpu_antithetic_mc,512,true,2.5916159374901326,,0.09004513326813349,true,fastest_passing_internal_envelope,WITHHELD_GROUP_INSUFFICIENT_NVML_SAMPLES
regime_switching_volatility_d250_es_0_99,gpu_raw_mc,512,true,2.6160006875102226,,0.008123124911406605,true,fastest_passing_internal_envelope,WITHHELD_GROUP_INSUFFICIENT_NVML_SAMPLES
regime_switching_volatility_d250_var_0_995,gpu_randomized_qmc_cpu_sobol,2048,true,35.73750212501636,,0.02309271829627817,true,fastest_passing_internal_envelope,WITHHELD_GROUP_INSUFFICIENT_NVML_SAMPLES
regime_switching_volatility_d250_es_0_995,gpu_antithetic_mc,2048,false,2.681201937548394,,0.07746593944896193,false,no_gpu_candidate_passed_internal_envelope,WITHHELD_GROUP_INSUFFICIENT_NVML_SAMPLES
regime_switching_volatility_d250_var_0_999,gpu_raw_mc,2048,true,2.59090100001913,,0.07704208997725341,true,fastest_passing_internal_envelope,WITHHELD_GROUP_INSUFFICIENT_NVML_SAMPLES
regime_switching_volatility_d250_es_0_999,gpu_randomized_qmc_cpu_sobol,512,false,10.843801749956583,,0.05965052255185982,false,no_gpu_candidate_passed_internal_envelope,WITHHELD_GROUP_INSUFFICIENT_NVML_SAMPLES
regime_switching_volatility_d250_var_0_9995,gpu_importance_sampling,512,false,2.648850937532643,,0.030758256432193213,false,no_gpu_candidate_passed_internal_envelope,WITHHELD_GROUP_INSUFFICIENT_NVML_SAMPLES
regime_switching_volatility_d250_es_0_9995,gpu_randomized_qmc_cpu_sobol,512,false,10.843801749956583,,0.03623767920400616,false,no_gpu_candidate_passed_internal_envelope,WITHHELD_GROUP_INSUFFICIENT_NVML_SAMPLES
regime_switching_volatility_d250_var_0_9999,gpu_randomized_qmc_cpu_sobol,512,false,10.843801749956583,,0.05896123395137021,false,no_gpu_candidate_passed_internal_envelope,WITHHELD_GROUP_INSUFFICIENT_NVML_SAMPLES
regime_switching_volatility_d250_es_0_9999,gpu_randomized_qmc_cpu_sobol,512,false,10.843801749956583,,0.06068397425367467,false,no_gpu_candidate_passed_internal_envelope,WITHHELD_GROUP_INSUFFICIENT_NVML_SAMPLES
regime_switching_volatility_d500_var_0_99,gpu_importance_sampling,2048,true,2.638169000022117,,0.024922005245752304,true,fastest_passing_internal_envelope,WITHHELD_GROUP_INSUFFICIENT_NVML_SAMPLES
regime_switching_volatility_d500_es_0_99,gpu_raw_mc,512,true,2.5955691875196862,,0.02982540254581753,true,fastest_passing_internal_envelope,WITHHELD_GROUP_INSUFFICIENT_NVML_SAMPLES
regime_switching_volatility_d500_var_0_995,gpu_randomized_qmc_cpu_sobol,512,true,20.06301624999196,,0.06609750751850613,true,fastest_passing_internal_envelope,WITHHELD_GROUP_INSUFFICIENT_NVML_SAMPLES
regime_switching_volatility_d500_es_0_995,gpu_raw_mc,512,true,2.5955691875196862,,0.08351673822963145,true,fastest_passing_internal_envelope,WITHHELD_GROUP_INSUFFICIENT_NVML_SAMPLES
regime_switching_volatility_d500_var_0_999,gpu_raw_mc,512,true,2.5955691875196862,,0.07966275427280176,true,fastest_passing_internal_envelope,WITHHELD_GROUP_INSUFFICIENT_NVML_SAMPLES
regime_switching_volatility_d500_es_0_999,gpu_antithetic_mc,2048,true,2.5990280000200983,,0.06007648478711853,true,fastest_passing_internal_envelope,WITHHELD_GROUP_INSUFFICIENT_NVML_SAMPLES
regime_switching_volatility_d500_var_0_9995,gpu_importance_sampling,2048,true,2.638169000022117,,0.10894782424621743,true,fastest_passing_internal_envelope,WITHHELD_GROUP_INSUFFICIENT_NVML_SAMPLES
regime_switching_volatility_d500_es_0_9995,gpu_antithetic_mc,2048,true,2.5990280000200983,,0.07681404439318143,true,fastest_passing_internal_envelope,WITHHELD_GROUP_INSUFFICIENT_NVML_SAMPLES
regime_switching_volatility_d500_var_0_9999,gpu_antithetic_mc,2048,true,2.5990280000200983,,0.048248570235674235,true,fastest_passing_internal_envelope,WITHHELD_GROUP_INSUFFICIENT_NVML_SAMPLES
regime_switching_volatility_d500_es_0_9999,gpu_importance_sampling,512,true,2.6669885625096867,,0.04627768521402104,true,fastest_passing_internal_envelope,WITHHELD_GROUP_INSUFFICIENT_NVML_SAMPLES
regime_switching_volatility_d1000_var_0_99,gpu_importance_sampling,512,true,2.5630669375118487,,0.07080547073141186,true,fastest_passing_internal_envelope,WITHHELD_GROUP_INSUFFICIENT_NVML_SAMPLES
regime_switching_volatility_d1000_es_0_99,gpu_antithetic_mc,512,true,2.608943062512026,,0.024078383697905912,true,fastest_passing_internal_envelope,WITHHELD_GROUP_INSUFFICIENT_NVML_SAMPLES
regime_switching_volatility_d1000_var_0_995,gpu_antithetic_mc,512,true,2.608943062512026,,0.03307773482123943,true,fastest_passing_internal_envelope,WITHHELD_GROUP_INSUFFICIENT_NVML_SAMPLES
regime_switching_volatility_d1000_es_0_995,gpu_raw_mc,2048,true,2.614038312458433,,0.053151600107162016,true,fastest_passing_internal_envelope,WITHHELD_GROUP_INSUFFICIENT_NVML_SAMPLES
regime_switching_volatility_d1000_var_0_999,gpu_importance_sampling,512,true,2.5630669375118487,,0.09752913960964914,true,fastest_passing_internal_envelope,WITHHELD_GROUP_INSUFFICIENT_NVML_SAMPLES
regime_switching_volatility_d1000_es_0_999,gpu_raw_mc,2048,true,2.614038312458433,,0.08806681825111783,true,fastest_passing_internal_envelope,WITHHELD_GROUP_INSUFFICIENT_NVML_SAMPLES
regime_switching_volatility_d1000_var_0_9995,gpu_raw_mc,2048,true,2.614038312458433,,0.07507533929849501,true,fastest_passing_internal_envelope,WITHHELD_GROUP_INSUFFICIENT_NVML_SAMPLES
regime_switching_volatility_d1000_es_0_9995,gpu_importance_sampling,2048,true,2.617086687507708,,0.021751231073291195,true,fastest_passing_internal_envelope,WITHHELD_GROUP_INSUFFICIENT_NVML_SAMPLES
regime_switching_volatility_d1000_var_0_9999,gpu_importance_sampling,2048,true,2.617086687507708,,0.04746369660428299,true,fastest_passing_internal_envelope,WITHHELD_GROUP_INSUFFICIENT_NVML_SAMPLES
regime_switching_volatility_d1000_es_0_9999,gpu_antithetic_mc,2048,true,2.637657437503549,,0.020924093200742327,true,fastest_passing_internal_envelope,WITHHELD_GROUP_INSUFFICIENT_NVML_SAMPLES
default_mixture_common_factor_d100_var_0_99,gpu_randomized_qmc_cpu_sobol,2048,true,10.27466275002098,,0.04910197888197671,true,fastest_passing_internal_envelope,WITHHELD_GROUP_INSUFFICIENT_NVML_SAMPLES
default_mixture_common_factor_d100_es_0_99,gpu_randomized_qmc_cpu_sobol,2048,true,10.27466275002098,,0.05290412760729407,true,fastest_passing_internal_envelope,WITHHELD_GROUP_INSUFFICIENT_NVML_SAMPLES
default_mixture_common_factor_d100_var_0_995,gpu_randomized_qmc_cpu_sobol,2048,true,10.27466275002098,,0.07141221818844508,true,fastest_passing_internal_envelope,WITHHELD_GROUP_INSUFFICIENT_NVML_SAMPLES
default_mixture_common_factor_d100_es_0_995,gpu_randomized_qmc_cpu_sobol,2048,true,10.27466275002098,,0.064927831375229,true,fastest_passing_internal_envelope,WITHHELD_GROUP_INSUFFICIENT_NVML_SAMPLES
default_mixture_common_factor_d100_var_0_999,gpu_randomized_qmc_cpu_sobol,2048,false,10.27466275002098,,0.1191918764587275,false,no_gpu_candidate_passed_internal_envelope,WITHHELD_GROUP_INSUFFICIENT_NVML_SAMPLES
default_mixture_common_factor_d100_es_0_999,gpu_randomized_qmc_cpu_sobol,2048,true,10.27466275002098,,0.045371844744938945,true,fastest_passing_internal_envelope,WITHHELD_GROUP_INSUFFICIENT_NVML_SAMPLES
default_mixture_common_factor_d100_var_0_9995,gpu_randomized_qmc_cpu_sobol,2048,false,10.27466275002098,,0.03825667622947102,false,no_gpu_candidate_passed_internal_envelope,WITHHELD_GROUP_INSUFFICIENT_NVML_SAMPLES
default_mixture_common_factor_d100_es_0_9995,gpu_randomized_qmc_cpu_sobol,2048,true,10.27466275002098,,0.038296694902480784,true,fastest_passing_internal_envelope,WITHHELD_GROUP_INSUFFICIENT_NVML_SAMPLES
default_mixture_common_factor_d100_var_0_9999,gpu_randomized_qmc_cpu_sobol,2048,true,10.27466275002098,,0.09449007854727096,true,fastest_passing_internal_envelope,WITHHELD_GROUP_INSUFFICIENT_NVML_SAMPLES
default_mixture_common_factor_d100_es_0_9999,gpu_randomized_qmc_cpu_sobol,2048,false,10.27466275002098,,0.11059657347980126,false,no_gpu_candidate_passed_internal_envelope,WITHHELD_GROUP_INSUFFICIENT_NVML_SAMPLES
default_mixture_common_factor_d250_var_0_99,gpu_raw_mc,2048,true,2.6673613749608194,,0.0576128780442762,true,fastest_passing_internal_envelope,WITHHELD_GROUP_INSUFFICIENT_NVML_SAMPLES
default_mixture_common_factor_d250_es_0_99,gpu_raw_mc,2048,false,2.6673613749608194,,0.05359130331940293,false,no_gpu_candidate_passed_internal_envelope,WITHHELD_GROUP_INSUFFICIENT_NVML_SAMPLES
default_mixture_common_factor_d250_var_0_995,gpu_randomized_qmc_cpu_sobol,512,true,10.904855874969144,,0.040332309005212515,true,fastest_passing_internal_envelope,WITHHELD_GROUP_INSUFFICIENT_NVML_SAMPLES
default_mixture_common_factor_d250_es_0_995,gpu_raw_mc,2048,false,2.6673613749608194,,0.024679149709901236,false,no_gpu_candidate_passed_internal_envelope,WITHHELD_GROUP_INSUFFICIENT_NVML_SAMPLES
default_mixture_common_factor_d250_var_0_999,gpu_raw_mc,2048,true,2.6673613749608194,,0.05481485754788547,true,fastest_passing_internal_envelope,WITHHELD_GROUP_INSUFFICIENT_NVML_SAMPLES
default_mixture_common_factor_d250_es_0_999,gpu_antithetic_mc,2048,false,2.6598426875352743,,0.07175740922922821,false,no_gpu_candidate_passed_internal_envelope,WITHHELD_GROUP_INSUFFICIENT_NVML_SAMPLES
default_mixture_common_factor_d250_var_0_9995,gpu_antithetic_mc,2048,false,2.6598426875352743,,0.06324589918030173,false,no_gpu_candidate_passed_internal_envelope,WITHHELD_GROUP_INSUFFICIENT_NVML_SAMPLES
default_mixture_common_factor_d250_es_0_9995,gpu_antithetic_mc,2048,false,2.6598426875352743,,0.11102366825330418,false,no_gpu_candidate_passed_internal_envelope,WITHHELD_GROUP_INSUFFICIENT_NVML_SAMPLES
default_mixture_common_factor_d250_var_0_9999,gpu_antithetic_mc,2048,false,2.6598426875352743,,0.14168923490141822,false,no_gpu_candidate_passed_internal_envelope,WITHHELD_GROUP_INSUFFICIENT_NVML_SAMPLES
default_mixture_common_factor_d250_es_0_9999,gpu_antithetic_mc,2048,false,2.6598426875352743,,0.20257395992371519,false,no_gpu_candidate_passed_internal_envelope,WITHHELD_GROUP_INSUFFICIENT_NVML_SAMPLES
default_mixture_common_factor_d500_var_0_99,gpu_raw_mc,2048,true,2.6475330625430615,,0.05484334372771639,true,fastest_passing_internal_envelope,WITHHELD_GROUP_INSUFFICIENT_NVML_SAMPLES
default_mixture_common_factor_d500_es_0_99,gpu_raw_mc,2048,true,2.6475330625430615,,0.05368308540665279,true,fastest_passing_internal_envelope,WITHHELD_GROUP_INSUFFICIENT_NVML_SAMPLES
default_mixture_common_factor_d500_var_0_995,gpu_raw_mc,2048,true,2.6475330625430615,,0.05917713818175659,true,fastest_passing_internal_envelope,WITHHELD_GROUP_INSUFFICIENT_NVML_SAMPLES
default_mixture_common_factor_d500_es_0_995,gpu_raw_mc,2048,true,2.6475330625430615,,0.0882932055707477,true,fastest_passing_internal_envelope,WITHHELD_GROUP_INSUFFICIENT_NVML_SAMPLES
default_mixture_common_factor_d500_var_0_999,gpu_randomized_qmc_cpu_sobol,512,true,19.85849118744909,,0.05736503500728458,true,fastest_passing_internal_envelope,WITHHELD_GROUP_INSUFFICIENT_NVML_SAMPLES
default_mixture_common_factor_d500_es_0_999,gpu_raw_mc,2048,true,2.6475330625430615,,0.09652330724162184,true,fastest_passing_internal_envelope,WITHHELD_GROUP_INSUFFICIENT_NVML_SAMPLES
default_mixture_common_factor_d500_var_0_9995,gpu_randomized_qmc_cpu_sobol,2048,true,51.93641681250938,4.741234773098745,0.026100243865232964,true,fastest_passing_internal_envelope,PASS_GROUP_HAS_RELEASE_QUALITY_ENERGY_ROWS
default_mixture_common_factor_d500_es_0_9995,gpu_raw_mc,2048,true,2.6475330625430615,,0.047842871933803835,true,fastest_passing_internal_envelope,WITHHELD_GROUP_INSUFFICIENT_NVML_SAMPLES
default_mixture_common_factor_d500_var_0_9999,gpu_raw_mc,2048,true,2.6475330625430615,,0.04307793713111678,true,fastest_passing_internal_envelope,WITHHELD_GROUP_INSUFFICIENT_NVML_SAMPLES
default_mixture_common_factor_d500_es_0_9999,gpu_raw_mc,2048,true,2.6475330625430615,,0.05844167564750465,true,fastest_passing_internal_envelope,WITHHELD_GROUP_INSUFFICIENT_NVML_SAMPLES
default_mixture_common_factor_d1000_var_0_99,gpu_raw_mc,2048,true,2.657729624957028,,0.059609902307000355,true,fastest_passing_internal_envelope,WITHHELD_GROUP_INSUFFICIENT_NVML_SAMPLES
default_mixture_common_factor_d1000_es_0_99,gpu_raw_mc,2048,true,2.657729624957028,,0.06088220380476747,true,fastest_passing_internal_envelope,WITHHELD_GROUP_INSUFFICIENT_NVML_SAMPLES
default_mixture_common_factor_d1000_var_0_995,gpu_raw_mc,2048,true,2.657729624957028,,0.07022580231955129,true,fastest_passing_internal_envelope,WITHHELD_GROUP_INSUFFICIENT_NVML_SAMPLES
default_mixture_common_factor_d1000_es_0_995,gpu_raw_mc,2048,true,2.657729624957028,,0.10614777210909737,true,fastest_passing_internal_envelope,WITHHELD_GROUP_INSUFFICIENT_NVML_SAMPLES
default_mixture_common_factor_d1000_var_0_999,gpu_randomized_qmc_cpu_sobol,2048,false,91.50045643752946,8.35144569346043,0.055810347760480605,false,no_gpu_candidate_passed_internal_envelope,PASS_GROUP_HAS_RELEASE_QUALITY_ENERGY_ROWS
default_mixture_common_factor_d1000_es_0_999,gpu_antithetic_mc,2048,true,2.6655095624619207,,0.04988025481815182,true,fastest_passing_internal_envelope,WITHHELD_GROUP_INSUFFICIENT_NVML_SAMPLES
default_mixture_common_factor_d1000_var_0_9995,gpu_antithetic_mc,2048,true,2.6655095624619207,,0.07033946211248236,true,fastest_passing_internal_envelope,WITHHELD_GROUP_INSUFFICIENT_NVML_SAMPLES
default_mixture_common_factor_d1000_es_0_9995,gpu_antithetic_mc,2048,true,2.6655095624619207,,0.0277145722144847,true,fastest_passing_internal_envelope,WITHHELD_GROUP_INSUFFICIENT_NVML_SAMPLES
default_mixture_common_factor_d1000_var_0_9999,gpu_antithetic_mc,2048,true,2.6655095624619207,,0.05691478773025623,true,fastest_passing_internal_envelope,WITHHELD_GROUP_INSUFFICIENT_NVML_SAMPLES
default_mixture_common_factor_d1000_es_0_9999,gpu_antithetic_mc,2048,true,2.6655095624619207,,0.07297768070581753,true,fastest_passing_internal_envelope,WITHHELD_GROUP_INSUFFICIENT_NVML_SAMPLES
discontinuous_liquidity_loss_d100_var_0_99,gpu_importance_sampling,512,true,2.560306562486403,,0.02156735786743161,true,fastest_passing_internal_envelope,WITHHELD_GROUP_INSUFFICIENT_NVML_SAMPLES
discontinuous_liquidity_loss_d100_es_0_99,gpu_importance_sampling,512,true,2.560306562486403,,0.007713862394100585,true,fastest_passing_internal_envelope,WITHHELD_GROUP_INSUFFICIENT_NVML_SAMPLES
discontinuous_liquidity_loss_d100_var_0_995,gpu_importance_sampling,512,true,2.560306562486403,,0.01588657665311629,true,fastest_passing_internal_envelope,WITHHELD_GROUP_INSUFFICIENT_NVML_SAMPLES
discontinuous_liquidity_loss_d100_es_0_995,gpu_importance_sampling,512,true,2.560306562486403,,0.03163200713188737,true,fastest_passing_internal_envelope,WITHHELD_GROUP_INSUFFICIENT_NVML_SAMPLES
discontinuous_liquidity_loss_d100_var_0_999,gpu_importance_sampling,512,true,2.560306562486403,,0.046187715718162395,true,fastest_passing_internal_envelope,WITHHELD_GROUP_INSUFFICIENT_NVML_SAMPLES
discontinuous_liquidity_loss_d100_es_0_999,gpu_importance_sampling,2048,true,2.606624250006462,,0.06594862244752138,true,fastest_passing_internal_envelope,WITHHELD_GROUP_INSUFFICIENT_NVML_SAMPLES
discontinuous_liquidity_loss_d100_var_0_9995,gpu_importance_sampling,2048,true,2.606624250006462,,0.04144811203929228,true,fastest_passing_internal_envelope,WITHHELD_GROUP_INSUFFICIENT_NVML_SAMPLES
discontinuous_liquidity_loss_d100_es_0_9995,gpu_importance_sampling,512,true,2.560306562486403,,0.10229176957593637,true,fastest_passing_internal_envelope,WITHHELD_GROUP_INSUFFICIENT_NVML_SAMPLES
discontinuous_liquidity_loss_d100_var_0_9999,gpu_importance_sampling,512,true,2.560306562486403,,0.0937587923726111,true,fastest_passing_internal_envelope,WITHHELD_GROUP_INSUFFICIENT_NVML_SAMPLES
discontinuous_liquidity_loss_d100_es_0_9999,gpu_antithetic_mc,2048,true,2.6130928125098762,,0.08859412271075237,true,fastest_passing_internal_envelope,WITHHELD_GROUP_INSUFFICIENT_NVML_SAMPLES
discontinuous_liquidity_loss_d250_var_0_99,gpu_importance_sampling,2048,true,2.57651099997247,,0.01819218733090205,true,fastest_passing_internal_envelope,WITHHELD_GROUP_INSUFFICIENT_NVML_SAMPLES
discontinuous_liquidity_loss_d250_es_0_99,gpu_importance_sampling,2048,true,2.57651099997247,,0.019768141485873632,true,fastest_passing_internal_envelope,WITHHELD_GROUP_INSUFFICIENT_NVML_SAMPLES
discontinuous_liquidity_loss_d250_var_0_995,gpu_importance_sampling,2048,true,2.57651099997247,,0.012102901724232378,true,fastest_passing_internal_envelope,WITHHELD_GROUP_INSUFFICIENT_NVML_SAMPLES
discontinuous_liquidity_loss_d250_es_0_995,gpu_importance_sampling,2048,true,2.57651099997247,,0.039378372646202364,true,fastest_passing_internal_envelope,WITHHELD_GROUP_INSUFFICIENT_NVML_SAMPLES
discontinuous_liquidity_loss_d250_var_0_999,gpu_importance_sampling,2048,true,2.57651099997247,,0.0522911751021219,true,fastest_passing_internal_envelope,WITHHELD_GROUP_INSUFFICIENT_NVML_SAMPLES
discontinuous_liquidity_loss_d250_es_0_999,gpu_importance_sampling,2048,true,2.57651099997247,,0.041858878214764104,true,fastest_passing_internal_envelope,WITHHELD_GROUP_INSUFFICIENT_NVML_SAMPLES
discontinuous_liquidity_loss_d250_var_0_9995,gpu_importance_sampling,2048,true,2.57651099997247,,0.053969651274612465,true,fastest_passing_internal_envelope,WITHHELD_GROUP_INSUFFICIENT_NVML_SAMPLES
discontinuous_liquidity_loss_d250_es_0_9995,gpu_importance_sampling,2048,true,2.57651099997247,,0.043527424380955575,true,fastest_passing_internal_envelope,WITHHELD_GROUP_INSUFFICIENT_NVML_SAMPLES
discontinuous_liquidity_loss_d250_var_0_9999,gpu_importance_sampling,2048,true,2.57651099997247,,0.054178332687033495,true,fastest_passing_internal_envelope,WITHHELD_GROUP_INSUFFICIENT_NVML_SAMPLES
discontinuous_liquidity_loss_d250_es_0_9999,gpu_importance_sampling,2048,true,2.57651099997247,,0.026509097283867085,true,fastest_passing_internal_envelope,WITHHELD_GROUP_INSUFFICIENT_NVML_SAMPLES
discontinuous_liquidity_loss_d500_var_0_99,gpu_antithetic_mc,2048,true,2.5841148124641222,,0.0665208168934234,true,fastest_passing_internal_envelope,WITHHELD_GROUP_INSUFFICIENT_NVML_SAMPLES
discontinuous_liquidity_loss_d500_es_0_99,gpu_antithetic_mc,2048,true,2.5841148124641222,,0.048652986789460416,true,fastest_passing_internal_envelope,WITHHELD_GROUP_INSUFFICIENT_NVML_SAMPLES
discontinuous_liquidity_loss_d500_var_0_995,gpu_importance_sampling,512,true,2.6022370625469193,,0.012255257111823415,true,fastest_passing_internal_envelope,WITHHELD_GROUP_INSUFFICIENT_NVML_SAMPLES
discontinuous_liquidity_loss_d500_es_0_995,gpu_antithetic_mc,2048,true,2.5841148124641222,,0.010868055752363423,true,fastest_passing_internal_envelope,WITHHELD_GROUP_INSUFFICIENT_NVML_SAMPLES
discontinuous_liquidity_loss_d500_var_0_999,gpu_antithetic_mc,2048,true,2.5841148124641222,,0.03264239667710816,true,fastest_passing_internal_envelope,WITHHELD_GROUP_INSUFFICIENT_NVML_SAMPLES
discontinuous_liquidity_loss_d500_es_0_999,gpu_importance_sampling,512,true,2.6022370625469193,,0.008225155512255545,true,fastest_passing_internal_envelope,WITHHELD_GROUP_INSUFFICIENT_NVML_SAMPLES
discontinuous_liquidity_loss_d500_var_0_9995,gpu_antithetic_mc,2048,true,2.5841148124641222,,0.016777209754899974,true,fastest_passing_internal_envelope,WITHHELD_GROUP_INSUFFICIENT_NVML_SAMPLES
discontinuous_liquidity_loss_d500_es_0_9995,gpu_importance_sampling,512,true,2.6022370625469193,,0.010856857409518228,true,fastest_passing_internal_envelope,WITHHELD_GROUP_INSUFFICIENT_NVML_SAMPLES
discontinuous_liquidity_loss_d500_var_0_9999,gpu_importance_sampling,512,true,2.6022370625469193,,0.030974871269584106,true,fastest_passing_internal_envelope,WITHHELD_GROUP_INSUFFICIENT_NVML_SAMPLES
discontinuous_liquidity_loss_d500_es_0_9999,gpu_importance_sampling,512,true,2.6022370625469193,,0.015186848838081891,true,fastest_passing_internal_envelope,WITHHELD_GROUP_INSUFFICIENT_NVML_SAMPLES
discontinuous_liquidity_loss_d1000_var_0_99,gpu_raw_mc,2048,true,2.5713314374797847,,0.03786979839686324,true,fastest_passing_internal_envelope,WITHHELD_GROUP_INSUFFICIENT_NVML_SAMPLES
discontinuous_liquidity_loss_d1000_es_0_99,gpu_raw_mc,2048,true,2.5713314374797847,,0.049627237312700426,true,fastest_passing_internal_envelope,WITHHELD_GROUP_INSUFFICIENT_NVML_SAMPLES
discontinuous_liquidity_loss_d1000_var_0_995,gpu_importance_sampling,512,true,2.58398018746675,,0.05775541916329643,true,fastest_passing_internal_envelope,WITHHELD_GROUP_INSUFFICIENT_NVML_SAMPLES
discontinuous_liquidity_loss_d1000_es_0_995,gpu_raw_mc,2048,true,2.5713314374797847,,0.031200114248369167,true,fastest_passing_internal_envelope,WITHHELD_GROUP_INSUFFICIENT_NVML_SAMPLES
discontinuous_liquidity_loss_d1000_var_0_999,gpu_raw_mc,2048,true,2.5713314374797847,,0.025844014916469937,true,fastest_passing_internal_envelope,WITHHELD_GROUP_INSUFFICIENT_NVML_SAMPLES
discontinuous_liquidity_loss_d1000_es_0_999,gpu_importance_sampling,512,true,2.58398018746675,,0.054548298502830564,true,fastest_passing_internal_envelope,WITHHELD_GROUP_INSUFFICIENT_NVML_SAMPLES
discontinuous_liquidity_loss_d1000_var_0_9995,gpu_importance_sampling,512,true,2.58398018746675,,0.009865287737575754,true,fastest_passing_internal_envelope,WITHHELD_GROUP_INSUFFICIENT_NVML_SAMPLES
discontinuous_liquidity_loss_d1000_es_0_9995,gpu_importance_sampling,512,true,2.58398018746675,,0.07457943580336679,true,fastest_passing_internal_envelope,WITHHELD_GROUP_INSUFFICIENT_NVML_SAMPLES
discontinuous_liquidity_loss_d1000_var_0_9999,gpu_antithetic_mc,512,true,2.6159939999956805,,0.058037052470886814,true,fastest_passing_internal_envelope,WITHHELD_GROUP_INSUFFICIENT_NVML_SAMPLES
discontinuous_liquidity_loss_d1000_es_0_9999,gpu_antithetic_mc,512,true,2.6159939999956805,,0.02226396513822325,true,fastest_passing_internal_envelope,WITHHELD_GROUP_INSUFFICIENT_NVML_SAMPLES
near_singular_correlation_d100_var_0_99,gpu_antithetic_mc,2048,true,2.565868812496319,,0.012695316630816796,true,fastest_passing_internal_envelope,WITHHELD_GROUP_INSUFFICIENT_NVML_SAMPLES
near_singular_correlation_d100_es_0_99,gpu_antithetic_mc,2048,true,2.565868812496319,,0.029357976322100354,true,fastest_passing_internal_envelope,WITHHELD_GROUP_INSUFFICIENT_NVML_SAMPLES
near_singular_correlation_d100_var_0_995,gpu_antithetic_mc,2048,true,2.565868812496319,,0.03191942194578193,true,fastest_passing_internal_envelope,WITHHELD_GROUP_INSUFFICIENT_NVML_SAMPLES
near_singular_correlation_d100_es_0_995,gpu_antithetic_mc,2048,true,2.565868812496319,,0.038166703951639305,true,fastest_passing_internal_envelope,WITHHELD_GROUP_INSUFFICIENT_NVML_SAMPLES
near_singular_correlation_d100_var_0_999,gpu_antithetic_mc,2048,true,2.565868812496319,,0.04210725596358255,true,fastest_passing_internal_envelope,WITHHELD_GROUP_INSUFFICIENT_NVML_SAMPLES
near_singular_correlation_d100_es_0_999,gpu_antithetic_mc,2048,true,2.565868812496319,,0.08124066642489952,true,fastest_passing_internal_envelope,WITHHELD_GROUP_INSUFFICIENT_NVML_SAMPLES
near_singular_correlation_d100_var_0_9995,gpu_raw_mc,512,true,2.5504320624918364,,0.021703135671493498,true,fastest_passing_internal_envelope,WITHHELD_GROUP_INSUFFICIENT_NVML_SAMPLES
near_singular_correlation_d100_es_0_9995,gpu_antithetic_mc,2048,true,2.565868812496319,,0.10504725954893611,true,fastest_passing_internal_envelope,WITHHELD_GROUP_INSUFFICIENT_NVML_SAMPLES
near_singular_correlation_d100_var_0_9999,gpu_antithetic_mc,2048,true,2.565868812496319,,0.139512875289575,true,fastest_passing_internal_envelope,WITHHELD_GROUP_INSUFFICIENT_NVML_SAMPLES
near_singular_correlation_d100_es_0_9999,gpu_importance_sampling,512,true,2.5998296874831794,,0.05419777105502008,true,fastest_passing_internal_envelope,WITHHELD_GROUP_INSUFFICIENT_NVML_SAMPLES
near_singular_correlation_d250_var_0_99,gpu_importance_sampling,512,true,2.585635562468269,,0.01922011084767002,true,fastest_passing_internal_envelope,WITHHELD_GROUP_INSUFFICIENT_NVML_SAMPLES
near_singular_correlation_d250_es_0_99,gpu_importance_sampling,512,true,2.585635562468269,,0.022183503025977734,true,fastest_passing_internal_envelope,WITHHELD_GROUP_INSUFFICIENT_NVML_SAMPLES
near_singular_correlation_d250_var_0_995,gpu_importance_sampling,512,true,2.585635562468269,,0.03125206723624141,true,fastest_passing_internal_envelope,WITHHELD_GROUP_INSUFFICIENT_NVML_SAMPLES
near_singular_correlation_d250_es_0_995,gpu_importance_sampling,512,true,2.585635562468269,,0.014082360176942756,true,fastest_passing_internal_envelope,WITHHELD_GROUP_INSUFFICIENT_NVML_SAMPLES
near_singular_correlation_d250_var_0_999,gpu_importance_sampling,512,true,2.585635562468269,,0.011753066602633007,true,fastest_passing_internal_envelope,WITHHELD_GROUP_INSUFFICIENT_NVML_SAMPLES
near_singular_correlation_d250_es_0_999,gpu_importance_sampling,512,true,2.585635562468269,,0.07660140603755303,true,fastest_passing_internal_envelope,WITHHELD_GROUP_INSUFFICIENT_NVML_SAMPLES
near_singular_correlation_d250_var_0_9995,gpu_importance_sampling,512,true,2.585635562468269,,0.0549006937554561,true,fastest_passing_internal_envelope,WITHHELD_GROUP_INSUFFICIENT_NVML_SAMPLES
near_singular_correlation_d250_es_0_9995,gpu_importance_sampling,512,true,2.585635562468269,,0.09304222905668945,true,fastest_passing_internal_envelope,WITHHELD_GROUP_INSUFFICIENT_NVML_SAMPLES
near_singular_correlation_d250_var_0_9999,gpu_importance_sampling,512,true,2.585635562468269,,0.09452812190085884,true,fastest_passing_internal_envelope,WITHHELD_GROUP_INSUFFICIENT_NVML_SAMPLES
near_singular_correlation_d250_es_0_9999,gpu_importance_sampling,2048,false,2.6193247500145844,,0.15305403536812576,false,no_gpu_candidate_passed_internal_envelope,WITHHELD_GROUP_INSUFFICIENT_NVML_SAMPLES
near_singular_correlation_d500_var_0_99,gpu_importance_sampling,512,true,2.5736876874589143,,0.03318488387206465,true,fastest_passing_internal_envelope,WITHHELD_GROUP_INSUFFICIENT_NVML_SAMPLES
near_singular_correlation_d500_es_0_99,gpu_importance_sampling,512,true,2.5736876874589143,,0.043985566658448896,true,fastest_passing_internal_envelope,WITHHELD_GROUP_INSUFFICIENT_NVML_SAMPLES
near_singular_correlation_d500_var_0_995,gpu_importance_sampling,512,true,2.5736876874589143,,0.023251028792354446,true,fastest_passing_internal_envelope,WITHHELD_GROUP_INSUFFICIENT_NVML_SAMPLES
near_singular_correlation_d500_es_0_995,gpu_importance_sampling,512,true,2.5736876874589143,,0.05127872045227364,true,fastest_passing_internal_envelope,WITHHELD_GROUP_INSUFFICIENT_NVML_SAMPLES
near_singular_correlation_d500_var_0_999,gpu_importance_sampling,512,true,2.5736876874589143,,0.06062520979732741,true,fastest_passing_internal_envelope,WITHHELD_GROUP_INSUFFICIENT_NVML_SAMPLES
near_singular_correlation_d500_es_0_999,gpu_importance_sampling,512,true,2.5736876874589143,,0.07206694746715327,true,fastest_passing_internal_envelope,WITHHELD_GROUP_INSUFFICIENT_NVML_SAMPLES
near_singular_correlation_d500_var_0_9995,gpu_importance_sampling,512,true,2.5736876874589143,,0.058325805604282834,true,fastest_passing_internal_envelope,WITHHELD_GROUP_INSUFFICIENT_NVML_SAMPLES
near_singular_correlation_d500_es_0_9995,gpu_importance_sampling,512,true,2.5736876874589143,,0.08536620067483573,true,fastest_passing_internal_envelope,WITHHELD_GROUP_INSUFFICIENT_NVML_SAMPLES
near_singular_correlation_d500_var_0_9999,gpu_importance_sampling,2048,true,2.613858812480885,,0.09108429615199634,true,fastest_passing_internal_envelope,WITHHELD_GROUP_INSUFFICIENT_NVML_SAMPLES
near_singular_correlation_d500_es_0_9999,gpu_importance_sampling,2048,true,2.613858812480885,,0.07990747187007162,true,fastest_passing_internal_envelope,WITHHELD_GROUP_INSUFFICIENT_NVML_SAMPLES
near_singular_correlation_d1000_var_0_99,gpu_importance_sampling,2048,true,2.5911583124980098,,0.009829351096392219,true,fastest_passing_internal_envelope,WITHHELD_GROUP_INSUFFICIENT_NVML_SAMPLES
near_singular_correlation_d1000_es_0_99,gpu_importance_sampling,2048,true,2.5911583124980098,,0.004831286020347979,true,fastest_passing_internal_envelope,WITHHELD_GROUP_INSUFFICIENT_NVML_SAMPLES
near_singular_correlation_d1000_var_0_995,gpu_importance_sampling,2048,true,2.5911583124980098,,0.011532906931670172,true,fastest_passing_internal_envelope,WITHHELD_GROUP_INSUFFICIENT_NVML_SAMPLES
near_singular_correlation_d1000_es_0_995,gpu_importance_sampling,2048,true,2.5911583124980098,,0.009228563623958031,true,fastest_passing_internal_envelope,WITHHELD_GROUP_INSUFFICIENT_NVML_SAMPLES
near_singular_correlation_d1000_var_0_999,gpu_importance_sampling,2048,true,2.5911583124980098,,0.012573274685842883,true,fastest_passing_internal_envelope,WITHHELD_GROUP_INSUFFICIENT_NVML_SAMPLES
near_singular_correlation_d1000_es_0_999,gpu_importance_sampling,2048,true,2.5911583124980098,,0.007708600747518791,true,fastest_passing_internal_envelope,WITHHELD_GROUP_INSUFFICIENT_NVML_SAMPLES
near_singular_correlation_d1000_var_0_9995,gpu_importance_sampling,2048,true,2.5911583124980098,,0.008978022845047487,true,fastest_passing_internal_envelope,WITHHELD_GROUP_INSUFFICIENT_NVML_SAMPLES
near_singular_correlation_d1000_es_0_9995,gpu_importance_sampling,2048,true,2.5911583124980098,,0.02177329745659423,true,fastest_passing_internal_envelope,WITHHELD_GROUP_INSUFFICIENT_NVML_SAMPLES
near_singular_correlation_d1000_var_0_9999,gpu_importance_sampling,2048,true,2.5911583124980098,,0.00619294689329885,true,fastest_passing_internal_envelope,WITHHELD_GROUP_INSUFFICIENT_NVML_SAMPLES
near_singular_correlation_d1000_es_0_9999,gpu_importance_sampling,2048,true,2.5911583124980098,,0.043665017725685304,true,fastest_passing_internal_envelope,WITHHELD_GROUP_INSUFFICIENT_NVML_SAMPLES
